task,seed,law,law_arm,critic,operator,D,D_se_states,raw_norm_median,n_zero_norm,saturation,M,R,S_eval,u_sha256
walker,301,A,PW,PW,PW-32,0.014976244419813156,0.0016370234079658985,0.3885481059551239,0,0.006282145157456398,32,200,128,a4c79a0900932abbb8ab1843dae4daced432fadaf1b5abcb917c4c0bd7c8508e
walker,301,A,PW,PW,PW-1,0.277576208114624,0.015053891576826572,0.4298829436302185,0,0.006282145157456398,1,200,128,a4c79a0900932abbb8ab1843dae4daced432fadaf1b5abcb917c4c0bd7c8508e
walker,301,A,PW,PW,ZO-32,0.21819652616977692,0.011402956210076809,0.4047907590866089,0,0.006282145157456398,32,200,128,a4c79a0900932abbb8ab1843dae4daced432fadaf1b5abcb917c4c0bd7c8508e
walker,301,A,PW,PW,WML-32,0.2909665107727051,0.003543401136994362,1.009019136428833,0,0.006282145157456398,32,200,128,a4c79a0900932abbb8ab1843dae4daced432fadaf1b5abcb917c4c0bd7c8508e
walker,301,A,PW,WML,PW-32,0.012739413417875767,0.0013897580793127418,1.329153299331665,0,0.006282145157456398,32,200,128,a4c79a0900932abbb8ab1843dae4daced432fadaf1b5abcb917c4c0bd7c8508e
walker,301,A,PW,WML,PW-1,0.23663365840911865,0.013509660959243774,1.2406573295593262,0,0.006282145157456398,1,200,128,a4c79a0900932abbb8ab1843dae4daced432fadaf1b5abcb917c4c0bd7c8508e
walker,301,A,PW,WML,ZO-32,0.22580209374427795,0.011771224439144135,1.3514788150787354,0,0.006282145157456398,32,200,128,a4c79a0900932abbb8ab1843dae4daced432fadaf1b5abcb917c4c0bd7c8508e
walker,301,A,PW,WML,WML-32,0.31544986367225647,0.004100630059838295,1.0418226718902588,0,0.006282145157456398,32,200,128,a4c79a0900932abbb8ab1843dae4daced432fadaf1b5abcb917c4c0bd7c8508e
walker,301,B,WML,PW,PW-32,0.10971026122570038,0.012982934713363647,0.02787473425269127,0,0.5800012350082397,32,200,128,a4c79a0900932abbb8ab1843dae4daced432fadaf1b5abcb917c4c0bd7c8508e
walker,301,B,WML,PW,PW-1,0.5733872652053833,0.02465810626745224,0.024829817935824394,487,0.5800012350082397,1,200,128,a4c79a0900932abbb8ab1843dae4daced432fadaf1b5abcb917c4c0bd7c8508e
walker,301,B,WML,PW,ZO-32,0.6464452743530273,0.02756231278181076,0.0740690529346466,0,0.5800012350082397,32,200,128,a4c79a0900932abbb8ab1843dae4daced432fadaf1b5abcb917c4c0bd7c8508e
walker,301,B,WML,PW,WML-32,0.3716268539428711,0.004518009722232819,0.9185322523117065,0,0.5800012350082397,32,200,128,a4c79a0900932abbb8ab1843dae4daced432fadaf1b5abcb917c4c0bd7c8508e
walker,301,B,WML,WML,PW-32,0.16623979806900024,0.01582168973982334,0.07043616473674774,0,0.5800012350082397,32,200,128,a4c79a0900932abbb8ab1843dae4daced432fadaf1b5abcb917c4c0bd7c8508e
walker,301,B,WML,WML,PW-1,0.6634460687637329,0.022617464885115623,0.040374089032411575,487,0.5800012350082397,1,200,128,a4c79a0900932abbb8ab1843dae4daced432fadaf1b5abcb917c4c0bd7c8508e
walker,301,B,WML,WML,ZO-32,0.6864731311798096,0.027998629957437515,0.212880939245224,0,0.5800012350082397,32,200,128,a4c79a0900932abbb8ab1843dae4daced432fadaf1b5abcb917c4c0bd7c8508e
walker,301,B,WML,WML,WML-32,0.3940778970718384,0.006240553222596645,0.8885594606399536,0,0.5800012350082397,32,200,128,a4c79a0900932abbb8ab1843dae4daced432fadaf1b5abcb917c4c0bd7c8508e
walker,302,A,PW,PW,PW-32,0.015333281829953194,0.001576172886416316,0.40954411029815674,0,0.006967366673052311,32,200,128,81e41c81497dfd82f1531887a1d3b60291f03956f0dfc5da47e6c4744c9d4eea
walker,302,A,PW,PW,PW-1,0.2978943884372711,0.01352351438254118,0.47402894496917725,0,0.006967366673052311,1,200,128,81e41c81497dfd82f1531887a1d3b60291f03956f0dfc5da47e6c4744c9d4eea
walker,302,A,PW,PW,ZO-32,0.2246549129486084,0.00838509202003479,0.44031161069869995,0,0.006967366673052311,32,200,128,81e41c81497dfd82f1531887a1d3b60291f03956f0dfc5da47e6c4744c9d4eea
walker,302,A,PW,PW,WML-32,0.29578518867492676,0.0037695367354899645,0.996046781539917,0,0.006967366673052311,32,200,128,81e41c81497dfd82f1531887a1d3b60291f03956f0dfc5da47e6c4744c9d4eea
walker,302,A,PW,WML,PW-32,0.012063704431056976,0.0012042649323120713,1.4969055652618408,0,0.006967366673052311,32,200,128,81e41c81497dfd82f1531887a1d3b60291f03956f0dfc5da47e6c4744c9d4eea
walker,302,A,PW,WML,PW-1,0.24548354744911194,0.013332202099263668,1.5901339054107666,0,0.006967366673052311,1,200,128,81e41c81497dfd82f1531887a1d3b60291f03956f0dfc5da47e6c4744c9d4eea
walker,302,A,PW,WML,ZO-32,0.22700726985931396,0.009477141313254833,1.6110038757324219,0,0.006967366673052311,32,200,128,81e41c81497dfd82f1531887a1d3b60291f03956f0dfc5da47e6c4744c9d4eea
walker,302,A,PW,WML,WML-32,0.3246676027774811,0.004779959097504616,1.0513713359832764,0,0.006967366673052311,32,200,128,81e41c81497dfd82f1531887a1d3b60291f03956f0dfc5da47e6c4744c9d4eea
walker,302,B,WML,PW,PW-32,0.1142210140824318,0.014958144165575504,0.04825612157583237,0,0.5512621998786926,32,200,128,81e41c81497dfd82f1531887a1d3b60291f03956f0dfc5da47e6c4744c9d4eea
walker,302,B,WML,PW,PW-1,0.6060536503791809,0.024160396307706833,0.04154510051012039,541,0.5512621998786926,1,200,128,81e41c81497dfd82f1531887a1d3b60291f03956f0dfc5da47e6c4744c9d4eea
walker,302,B,WML,PW,ZO-32,0.5891323089599609,0.026422828435897827,0.09187518060207367,0,0.5512621998786926,32,200,128,81e41c81497dfd82f1531887a1d3b60291f03956f0dfc5da47e6c4744c9d4eea
walker,302,B,WML,PW,WML-32,0.37996500730514526,0.006010039243847132,0.9244009256362915,0,0.5512621998786926,32,200,128,81e41c81497dfd82f1531887a1d3b60291f03956f0dfc5da47e6c4744c9d4eea
walker,302,B,WML,WML,PW-32,0.17597734928131104,0.019024033099412918,0.11400273442268372,0,0.5512621998786926,32,200,128,81e41c81497dfd82f1531887a1d3b60291f03956f0dfc5da47e6c4744c9d4eea
walker,302,B,WML,WML,PW-1,0.6995558738708496,0.01969989947974682,0.08800177276134491,541,0.5512621998786926,1,200,128,81e41c81497dfd82f1531887a1d3b60291f03956f0dfc5da47e6c4744c9d4eea
walker,302,B,WML,WML,ZO-32,0.6383574604988098,0.025165816769003868,0.2244873046875,0,0.5512621998786926,32,200,128,81e41c81497dfd82f1531887a1d3b60291f03956f0dfc5da47e6c4744c9d4eea
walker,302,B,WML,WML,WML-32,0.4084932208061218,0.008029493503272533,0.8824926018714905,0,0.5512621998786926,32,200,128,81e41c81497dfd82f1531887a1d3b60291f03956f0dfc5da47e6c4744c9d4eea
walker,303,A,PW,PW,PW-32,0.02053285762667656,0.0025539875496178865,0.37659162282943726,0,0.007966511882841587,32,200,128,012efbd7610fe543ad34fdde90d2073532c57a7cb707089fd9771514d655184e
walker,303,A,PW,PW,PW-1,0.3298214077949524,0.016094394028186798,0.420102059841156,0,0.007966511882841587,1,200,128,012efbd7610fe543ad34fdde90d2073532c57a7cb707089fd9771514d655184e
walker,303,A,PW,PW,ZO-32,0.23490633070468903,0.011921800673007965,0.39166128635406494,0,0.007966511882841587,32,200,128,012efbd7610fe543ad34fdde90d2073532c57a7cb707089fd9771514d655184e
walker,303,A,PW,PW,WML-32,0.306896448135376,0.0036970279179513454,0.989508867263794,0,0.007966511882841587,32,200,128,012efbd7610fe543ad34fdde90d2073532c57a7cb707089fd9771514d655184e
walker,303,A,PW,WML,PW-32,0.01204059086740017,0.00115750334225595,1.034268856048584,0,0.007966511882841587,32,200,128,012efbd7610fe543ad34fdde90d2073532c57a7cb707089fd9771514d655184e
walker,303,A,PW,WML,PW-1,0.2237766832113266,0.012058901600539684,1.0351958274841309,0,0.007966511882841587,1,200,128,012efbd7610fe543ad34fdde90d2073532c57a7cb707089fd9771514d655184e
walker,303,A,PW,WML,ZO-32,0.21720540523529053,0.011062907055020332,1.117478609085083,0,0.007966511882841587,32,200,128,012efbd7610fe543ad34fdde90d2073532c57a7cb707089fd9771514d655184e
walker,303,A,PW,WML,WML-32,0.31002622842788696,0.004184134770184755,1.0448622703552246,0,0.007966511882841587,32,200,128,012efbd7610fe543ad34fdde90d2073532c57a7cb707089fd9771514d655184e
walker,303,B,WML,PW,PW-32,0.14510327577590942,0.017656950280070305,0.054947108030319214,0,0.5040706396102905,32,200,128,012efbd7610fe543ad34fdde90d2073532c57a7cb707089fd9771514d655184e
walker,303,B,WML,PW,PW-1,0.5553234815597534,0.028826098889112473,0.05188771337270737,730,0.5040706396102905,1,200,128,012efbd7610fe543ad34fdde90d2073532c57a7cb707089fd9771514d655184e
walker,303,B,WML,PW,ZO-32,0.6375131607055664,0.030129164457321167,0.1345837563276291,0,0.5040706396102905,32,200,128,012efbd7610fe543ad34fdde90d2073532c57a7cb707089fd9771514d655184e
walker,303,B,WML,PW,WML-32,0.36935245990753174,0.004860317800194025,0.9225029945373535,0,0.5040706396102905,32,200,128,012efbd7610fe543ad34fdde90d2073532c57a7cb707089fd9771514d655184e
walker,303,B,WML,WML,PW-32,0.1460157036781311,0.016750896349549294,0.1479133665561676,0,0.5040706396102905,32,200,128,012efbd7610fe543ad34fdde90d2073532c57a7cb707089fd9771514d655184e
walker,303,B,WML,WML,PW-1,0.6237297058105469,0.02453998662531376,0.11519515514373779,730,0.5040706396102905,1,200,128,012efbd7610fe543ad34fdde90d2073532c57a7cb707089fd9771514d655184e
walker,303,B,WML,WML,ZO-32,0.6568577289581299,0.025455014780163765,0.30337098240852356,0,0.5040706396102905,32,200,128,012efbd7610fe543ad34fdde90d2073532c57a7cb707089fd9771514d655184e
walker,303,B,WML,WML,WML-32,0.3838389217853546,0.007681829854846001,0.9058636426925659,0,0.5040706396102905,32,200,128,012efbd7610fe543ad34fdde90d2073532c57a7cb707089fd9771514d655184e
walker,304,A,PW,PW,PW-32,0.014246279373764992,0.0011642916360870004,0.40456104278564453,0,0.005538330413401127,32,200,128,0eab9f5937da35d68b91c3d4129d459a0a44164b8d0a6bf69dfa1154a7f930dc
walker,304,A,PW,PW,PW-1,0.28663840889930725,0.01346492301672697,0.4659562110900879,0,0.005538330413401127,1,200,128,0eab9f5937da35d68b91c3d4129d459a0a44164b8d0a6bf69dfa1154a7f930dc
walker,304,A,PW,PW,ZO-32,0.2565231919288635,0.013048828579485416,0.4440489411354065,0,0.005538330413401127,32,200,128,0eab9f5937da35d68b91c3d4129d459a0a44164b8d0a6bf69dfa1154a7f930dc
walker,304,A,PW,PW,WML-32,0.29736196994781494,0.0038690988440066576,1.0140914916992188,0,0.005538330413401127,32,200,128,0eab9f5937da35d68b91c3d4129d459a0a44164b8d0a6bf69dfa1154a7f930dc
walker,304,A,PW,WML,PW-32,0.009550302289426327,0.0010896255262196064,0.8993760347366333,0,0.005538330413401127,32,200,128,0eab9f5937da35d68b91c3d4129d459a0a44164b8d0a6bf69dfa1154a7f930dc
walker,304,A,PW,WML,PW-1,0.19204233586788177,0.010946455411612988,0.901961088180542,0,0.005538330413401127,1,200,128,0eab9f5937da35d68b91c3d4129d459a0a44164b8d0a6bf69dfa1154a7f930dc
walker,304,A,PW,WML,ZO-32,0.22423332929611206,0.01222874317318201,0.9565507173538208,0,0.005538330413401127,32,200,128,0eab9f5937da35d68b91c3d4129d459a0a44164b8d0a6bf69dfa1154a7f930dc
walker,304,A,PW,WML,WML-32,0.3161693513393402,0.003989539109170437,1.0607929229736328,0,0.005538330413401127,32,200,128,0eab9f5937da35d68b91c3d4129d459a0a44164b8d0a6bf69dfa1154a7f930dc
walker,304,B,WML,PW,PW-32,0.06477545201778412,0.0107811838388443,0.16186648607254028,0,0.40190958976745605,32,200,128,0eab9f5937da35d68b91c3d4129d459a0a44164b8d0a6bf69dfa1154a7f930dc
walker,304,B,WML,PW,PW-1,0.46414732933044434,0.02609195001423359,0.15192832052707672,54,0.40190958976745605,1,200,128,0eab9f5937da35d68b91c3d4129d459a0a44164b8d0a6bf69dfa1154a7f930dc
walker,304,B,WML,PW,ZO-32,0.49029451608657837,0.0269459281116724,0.22874689102172852,0,0.40190958976745605,32,200,128,0eab9f5937da35d68b91c3d4129d459a0a44164b8d0a6bf69dfa1154a7f930dc
walker,304,B,WML,PW,WML-32,0.3617149889469147,0.0058562373742461205,0.9447273015975952,0,0.40190958976745605,32,200,128,0eab9f5937da35d68b91c3d4129d459a0a44164b8d0a6bf69dfa1154a7f930dc
walker,304,B,WML,WML,PW-32,0.10312053561210632,0.013715268112719059,0.17010051012039185,0,0.40190958976745605,32,200,128,0eab9f5937da35d68b91c3d4129d459a0a44164b8d0a6bf69dfa1154a7f930dc
walker,304,B,WML,WML,PW-1,0.5633199214935303,0.026192253455519676,0.18324853479862213,54,0.40190958976745605,1,200,128,0eab9f5937da35d68b91c3d4129d459a0a44164b8d0a6bf69dfa1154a7f930dc
walker,304,B,WML,WML,ZO-32,0.5462771654129028,0.027065033093094826,0.23474270105361938,0,0.40190958976745605,32,200,128,0eab9f5937da35d68b91c3d4129d459a0a44164b8d0a6bf69dfa1154a7f930dc
walker,304,B,WML,WML,WML-32,0.3807739019393921,0.007334281224757433,0.9128936529159546,0,0.40190958976745605,32,200,128,0eab9f5937da35d68b91c3d4129d459a0a44164b8d0a6bf69dfa1154a7f930dc
walker,305,A,PW,PW,PW-32,0.01713947020471096,0.00312542705796659,0.4679274559020996,0,0.017600098624825478,32,200,128,a4ff8cee8d69db503bd8267b249a726add761bb7630fa8dcf9e897b6d9753719
walker,305,A,PW,PW,PW-1,0.2785015106201172,0.01488431729376316,0.5067296028137207,0,0.017600098624825478,1,200,128,a4ff8cee8d69db503bd8267b249a726add761bb7630fa8dcf9e897b6d9753719
walker,305,A,PW,PW,ZO-32,0.22903487086296082,0.01354739535599947,0.5030207633972168,0,0.017600098624825478,32,200,128,a4ff8cee8d69db503bd8267b249a726add761bb7630fa8dcf9e897b6d9753719
walker,305,A,PW,PW,WML-32,0.292988657951355,0.003222233150154352,1.0078532695770264,0,0.017600098624825478,32,200,128,a4ff8cee8d69db503bd8267b249a726add761bb7630fa8dcf9e897b6d9753719
walker,305,A,PW,WML,PW-32,0.011793281883001328,0.001157276681624353,1.9038264751434326,0,0.017600098624825478,32,200,128,a4ff8cee8d69db503bd8267b249a726add761bb7630fa8dcf9e897b6d9753719
walker,305,A,PW,WML,PW-1,0.23199322819709778,0.01349460519850254,1.9024922847747803,0,0.017600098624825478,1,200,128,a4ff8cee8d69db503bd8267b249a726add761bb7630fa8dcf9e897b6d9753719
walker,305,A,PW,WML,ZO-32,0.21282345056533813,0.0105206910520792,2.072143077850342,0,0.017600098624825478,32,200,128,a4ff8cee8d69db503bd8267b249a726add761bb7630fa8dcf9e897b6d9753719
walker,305,A,PW,WML,WML-32,0.3276122212409973,0.0047003221698105335,1.0497887134552002,0,0.017600098624825478,32,200,128,a4ff8cee8d69db503bd8267b249a726add761bb7630fa8dcf9e897b6d9753719
walker,305,B,WML,PW,PW-32,0.14055882394313812,0.015147445723414421,0.028294896706938744,0,0.5941910743713379,32,200,128,a4ff8cee8d69db503bd8267b249a726add761bb7630fa8dcf9e897b6d9753719
walker,305,B,WML,PW,PW-1,0.6363463997840881,0.024656200781464577,0.020364981144666672,942,0.5941910743713379,1,200,128,a4ff8cee8d69db503bd8267b249a726add761bb7630fa8dcf9e897b6d9753719
walker,305,B,WML,PW,ZO-32,0.6163201332092285,0.02658458612859249,0.06992487609386444,0,0.5941910743713379,32,200,128,a4ff8cee8d69db503bd8267b249a726add761bb7630fa8dcf9e897b6d9753719
walker,305,B,WML,PW,WML-32,0.3739492893218994,0.00496321776881814,0.9177169799804688,0,0.5941910743713379,32,200,128,a4ff8cee8d69db503bd8267b249a726add761bb7630fa8dcf9e897b6d9753719
walker,305,B,WML,WML,PW-32,0.21729815006256104,0.019519459456205368,0.1274152547121048,0,0.5941910743713379,32,200,128,a4ff8cee8d69db503bd8267b249a726add761bb7630fa8dcf9e897b6d9753719
walker,305,B,WML,WML,PW-1,0.7298239469528198,0.01965312287211418,0.06048733741044998,942,0.5941910743713379,1,200,128,a4ff8cee8d69db503bd8267b249a726add761bb7630fa8dcf9e897b6d9753719
walker,305,B,WML,WML,ZO-32,0.6229535341262817,0.026826979592442513,0.2349245846271515,0,0.5941910743713379,32,200,128,a4ff8cee8d69db503bd8267b249a726add761bb7630fa8dcf9e897b6d9753719
walker,305,B,WML,WML,WML-32,0.4035288095474243,0.00667919684201479,0.8767340779304504,0,0.5941910743713379,32,200,128,a4ff8cee8d69db503bd8267b249a726add761bb7630fa8dcf9e897b6d9753719
walker,306,A,PW,PW,PW-32,0.019905462861061096,0.00425785593688488,0.42522579431533813,0,0.007328084670007229,32,200,128,486e8013dd847e630a350b3c752276d2095011280bd1696489fc851071a75a8e
walker,306,A,PW,PW,PW-1,0.30449700355529785,0.015208420343697071,0.49298614263534546,0,0.007328084670007229,1,200,128,486e8013dd847e630a350b3c752276d2095011280bd1696489fc851071a75a8e
walker,306,A,PW,PW,ZO-32,0.22302284836769104,0.010264856740832329,0.45067137479782104,0,0.007328084670007229,32,200,128,486e8013dd847e630a350b3c752276d2095011280bd1696489fc851071a75a8e
walker,306,A,PW,PW,WML-32,0.3004257380962372,0.003758478444069624,1.0024757385253906,0,0.007328084670007229,32,200,128,486e8013dd847e630a350b3c752276d2095011280bd1696489fc851071a75a8e
walker,306,A,PW,WML,PW-32,0.011871347203850746,0.0013050155248492956,1.5987690687179565,0,0.007328084670007229,32,200,128,486e8013dd847e630a350b3c752276d2095011280bd1696489fc851071a75a8e
walker,306,A,PW,WML,PW-1,0.21612942218780518,0.010943401604890823,1.4885504245758057,0,0.007328084670007229,1,200,128,486e8013dd847e630a350b3c752276d2095011280bd1696489fc851071a75a8e
walker,306,A,PW,WML,ZO-32,0.21923917531967163,0.01153472438454628,1.6400625705718994,0,0.007328084670007229,32,200,128,486e8013dd847e630a350b3c752276d2095011280bd1696489fc851071a75a8e
walker,306,A,PW,WML,WML-32,0.3078530430793762,0.0037595483008772135,1.0517973899841309,0,0.007328084670007229,32,200,128,486e8013dd847e630a350b3c752276d2095011280bd1696489fc851071a75a8e
walker,306,B,WML,PW,PW-32,0.13769418001174927,0.01794653944671154,0.0686914399266243,0,0.5353981852531433,32,200,128,486e8013dd847e630a350b3c752276d2095011280bd1696489fc851071a75a8e
walker,306,B,WML,PW,PW-1,0.5720096826553345,0.026692325249314308,0.06110537797212601,650,0.5353981852531433,1,200,128,486e8013dd847e630a350b3c752276d2095011280bd1696489fc851071a75a8e
walker,306,B,WML,PW,ZO-32,0.6120445728302002,0.030013294890522957,0.1772530972957611,0,0.5353981852531433,32,200,128,486e8013dd847e630a350b3c752276d2095011280bd1696489fc851071a75a8e
walker,306,B,WML,PW,WML-32,0.3720221519470215,0.005160840693861246,0.9246758222579956,0,0.5353981852531433,32,200,128,486e8013dd847e630a350b3c752276d2095011280bd1696489fc851071a75a8e
walker,306,B,WML,WML,PW-32,0.15343865752220154,0.016966739669442177,0.13091906905174255,0,0.5353981852531433,32,200,128,486e8013dd847e630a350b3c752276d2095011280bd1696489fc851071a75a8e
walker,306,B,WML,WML,PW-1,0.6278190612792969,0.0241994746029377,0.10073020309209824,650,0.5353981852531433,1,200,128,486e8013dd847e630a350b3c752276d2095011280bd1696489fc851071a75a8e
walker,306,B,WML,WML,ZO-32,0.650594174861908,0.027317197993397713,0.27013927698135376,0,0.5353981852531433,32,200,128,486e8013dd847e630a350b3c752276d2095011280bd1696489fc851071a75a8e
walker,306,B,WML,WML,WML-32,0.39088258147239685,0.005596766714006662,0.8908621072769165,0,0.5353981852531433,32,200,128,486e8013dd847e630a350b3c752276d2095011280bd1696489fc851071a75a8e
walker,307,A,PW,PW,PW-32,0.01624954305589199,0.0018120571039617062,0.4943689703941345,0,0.006754761096090078,32,200,128,2cfe4984c2a121b92bde0c0229c3fa6f4d7a4d008fe20fdeb481e12e59235997
walker,307,A,PW,PW,PW-1,0.28351983428001404,0.014305710792541504,0.5436207056045532,0,0.006754761096090078,1,200,128,2cfe4984c2a121b92bde0c0229c3fa6f4d7a4d008fe20fdeb481e12e59235997
walker,307,A,PW,PW,ZO-32,0.23611211776733398,0.010206739418208599,0.5117363929748535,0,0.006754761096090078,32,200,128,2cfe4984c2a121b92bde0c0229c3fa6f4d7a4d008fe20fdeb481e12e59235997
walker,307,A,PW,PW,WML-32,0.2938233017921448,0.0027744367253035307,1.0146336555480957,0,0.006754761096090078,32,200,128,2cfe4984c2a121b92bde0c0229c3fa6f4d7a4d008fe20fdeb481e12e59235997
walker,307,A,PW,WML,PW-32,0.01078645046800375,0.0008421156089752913,3.7256526947021484,0,0.006754761096090078,32,200,128,2cfe4984c2a121b92bde0c0229c3fa6f4d7a4d008fe20fdeb481e12e59235997
walker,307,A,PW,WML,PW-1,0.23419375717639923,0.01178820338100195,3.608741521835327,0,0.006754761096090078,1,200,128,2cfe4984c2a121b92bde0c0229c3fa6f4d7a4d008fe20fdeb481e12e59235997
walker,307,A,PW,WML,ZO-32,0.2538307011127472,0.011746291071176529,3.888075351715088,0,0.006754761096090078,32,200,128,2cfe4984c2a121b92bde0c0229c3fa6f4d7a4d008fe20fdeb481e12e59235997
walker,307,A,PW,WML,WML-32,0.31222108006477356,0.0038931253366172314,1.0545146465301514,0,0.006754761096090078,32,200,128,2cfe4984c2a121b92bde0c0229c3fa6f4d7a4d008fe20fdeb481e12e59235997
walker,307,B,WML,PW,PW-32,0.11526256799697876,0.01388839352875948,0.05087868496775627,0,0.4882000982761383,32,200,128,2cfe4984c2a121b92bde0c0229c3fa6f4d7a4d008fe20fdeb481e12e59235997
walker,307,B,WML,PW,PW-1,0.6268280148506165,0.021516285836696625,0.051059968769550323,457,0.4882000982761383,1,200,128,2cfe4984c2a121b92bde0c0229c3fa6f4d7a4d008fe20fdeb481e12e59235997
walker,307,B,WML,PW,ZO-32,0.5403972864151001,0.026681620627641678,0.08820974826812744,0,0.4882000982761383,32,200,128,2cfe4984c2a121b92bde0c0229c3fa6f4d7a4d008fe20fdeb481e12e59235997
walker,307,B,WML,PW,WML-32,0.3758910894393921,0.005823147017508745,0.9182796478271484,0,0.4882000982761383,32,200,128,2cfe4984c2a121b92bde0c0229c3fa6f4d7a4d008fe20fdeb481e12e59235997
walker,307,B,WML,WML,PW-32,0.15180225670337677,0.016981057822704315,0.25845158100128174,0,0.4882000982761383,32,200,128,2cfe4984c2a121b92bde0c0229c3fa6f4d7a4d008fe20fdeb481e12e59235997
walker,307,B,WML,WML,PW-1,0.660271406173706,0.022603288292884827,0.24163207411766052,457,0.4882000982761383,1,200,128,2cfe4984c2a121b92bde0c0229c3fa6f4d7a4d008fe20fdeb481e12e59235997
walker,307,B,WML,WML,ZO-32,0.5488724708557129,0.024346601217985153,0.43035888671875,0,0.4882000982761383,32,200,128,2cfe4984c2a121b92bde0c0229c3fa6f4d7a4d008fe20fdeb481e12e59235997
walker,307,B,WML,WML,WML-32,0.37211984395980835,0.004994360264390707,0.910576581954956,0,0.4882000982761383,32,200,128,2cfe4984c2a121b92bde0c0229c3fa6f4d7a4d008fe20fdeb481e12e59235997
walker,308,A,PW,PW,PW-32,0.01756034977734089,0.0029387222602963448,0.38407233357429504,0,0.01139017753303051,32,200,128,54bb88e4f883d512002227b2a5eff8b00e0af6fe61c4a0517132041ebb5e3a81
walker,308,A,PW,PW,PW-1,0.28326407074928284,0.01478502620011568,0.43299511075019836,0,0.01139017753303051,1,200,128,54bb88e4f883d512002227b2a5eff8b00e0af6fe61c4a0517132041ebb5e3a81
walker,308,A,PW,PW,ZO-32,0.21541598439216614,0.00958657544106245,0.402942419052124,0,0.01139017753303051,32,200,128,54bb88e4f883d512002227b2a5eff8b00e0af6fe61c4a0517132041ebb5e3a81
walker,308,A,PW,PW,WML-32,0.29659581184387207,0.0030257883481681347,1.011638879776001,0,0.01139017753303051,32,200,128,54bb88e4f883d512002227b2a5eff8b00e0af6fe61c4a0517132041ebb5e3a81
walker,308,A,PW,WML,PW-32,0.0090634198859334,0.0008485113503411412,0.15581390261650085,0,0.01139017753303051,32,200,128,54bb88e4f883d512002227b2a5eff8b00e0af6fe61c4a0517132041ebb5e3a81
walker,308,A,PW,WML,PW-1,0.20030154287815094,0.012038213200867176,0.15463490784168243,0,0.01139017753303051,1,200,128,54bb88e4f883d512002227b2a5eff8b00e0af6fe61c4a0517132041ebb5e3a81
walker,308,A,PW,WML,ZO-32,0.20419451594352722,0.007944480516016483,0.16488690674304962,0,0.01139017753303051,32,200,128,54bb88e4f883d512002227b2a5eff8b00e0af6fe61c4a0517132041ebb5e3a81
walker,308,A,PW,WML,WML-32,0.3373597264289856,0.005188741721212864,1.0754549503326416,0,0.01139017753303051,32,200,128,54bb88e4f883d512002227b2a5eff8b00e0af6fe61c4a0517132041ebb5e3a81
walker,308,B,WML,PW,PW-32,0.14100679755210876,0.018171560019254684,0.03505987673997879,93,0.5591329336166382,32,200,128,54bb88e4f883d512002227b2a5eff8b00e0af6fe61c4a0517132041ebb5e3a81
walker,308,B,WML,PW,PW-1,0.6596925258636475,0.02136450633406639,0.031138118356466293,1025,0.5591329336166382,1,200,128,54bb88e4f883d512002227b2a5eff8b00e0af6fe61c4a0517132041ebb5e3a81
walker,308,B,WML,PW,ZO-32,0.5936757326126099,0.028201807290315628,0.06973469257354736,0,0.5591329336166382,32,200,128,54bb88e4f883d512002227b2a5eff8b00e0af6fe61c4a0517132041ebb5e3a81
walker,308,B,WML,PW,WML-32,0.38469648361206055,0.0047749364748597145,0.9186477661132812,0,0.5591329336166382,32,200,128,54bb88e4f883d512002227b2a5eff8b00e0af6fe61c4a0517132041ebb5e3a81
walker,308,B,WML,WML,PW-32,0.15579509735107422,0.017000695690512657,0.026302583515644073,93,0.5591329336166382,32,200,128,54bb88e4f883d512002227b2a5eff8b00e0af6fe61c4a0517132041ebb5e3a81
walker,308,B,WML,WML,PW-1,0.683862566947937,0.018736952915787697,0.015719544142484665,1025,0.5591329336166382,1,200,128,54bb88e4f883d512002227b2a5eff8b00e0af6fe61c4a0517132041ebb5e3a81
walker,308,B,WML,WML,ZO-32,0.6378576755523682,0.02487393654882908,0.04502726346254349,0,0.5591329336166382,32,200,128,54bb88e4f883d512002227b2a5eff8b00e0af6fe61c4a0517132041ebb5e3a81
walker,308,B,WML,WML,WML-32,0.3772723078727722,0.00462888041511178,0.906313955783844,0,0.5591329336166382,32,200,128,54bb88e4f883d512002227b2a5eff8b00e0af6fe61c4a0517132041ebb5e3a81
