run,task,env,d,arm,seed,n_points,F_run,overshoot_run,kl_q25,kl_med,kl_q75,kl_iqr,kl_q90,kl_q95,kl_max,kl_min,area_above,longest_above,first_cross,late_frac_above,frac_points_gate_proven,lag_first,lag_med,lag_last,lag_max,final_return,sigma_mean_last,sigma_max_last,entropy_last,abs_pred_action_last,value_loss_last,q_last,ess_last,eta_last,temp_last,est_all_zero,gradnorm_all_zero,iqm_all_zero,meta_alpha_kl,meta_action_pad
hopper_A_s101,hopper,HopperHop,4,A,101,21,0.5238095238095238,0.004660309851169583,0.09611430764198303,0.10101033002138138,0.10606662184000015,0.00995231419801712,0.11569193005561829,0.12342259287834167,0.1236724928021431,0.08462820202112198,0.09786650687456125,4,1,0.42857142857142855,0.5238095238095238,0.0019615991041064262,0.0019484225194901228,0.009232115000486374,0.010427583940327168,126.91902160644531,0.49573755264282227,4.64433479309082,-5.423090934753418,0.675128161907196,0.3453758656978607,11.612796783447266,0.0,0.0,0.00037288450403138995,True,True,True,0.009221709333360195,0
hopper_A_s102,hopper,HopperHop,4,A,102,21,0.5238095238095238,0.00390867186444146,0.09004870057106018,0.10003345459699631,0.10534186661243439,0.015293166041374207,0.11029168218374252,0.11130055785179138,0.13035757839679718,0.06775549054145813,0.08208210915327066,4,1,0.7142857142857143,0.5238095238095238,0.0022845857311040163,0.003026943653821945,0.0007746228948235512,0.02088451012969017,1.340828776359558,0.6550912857055664,2.9127936363220215,1.5582771301269531,0.48759740591049194,0.013282536529004574,0.8375234603881836,0.0,0.0,0.00037288450403138995,True,True,True,0.0007764124893583357,0
hopper_A_s103,hopper,HopperHop,4,A,103,21,0.47619047619047616,0.006848762432734169,0.09133032709360123,0.09983459115028381,0.11103606224060059,0.01970573514699936,0.1258087158203125,0.1285671889781952,0.13736477494239807,0.07815216481685638,0.14382401108741755,4,1,0.7142857142857143,0.47619047619047616,0.0024700844660401344,0.01426295842975378,0.009640509262681007,0.053266964852809906,639.6490478515625,0.3563413619995117,2.205103874206543,-12.567745208740234,0.8452985286712646,5.53411865234375,65.67002868652344,0.0,0.0,0.00037288450403138995,True,True,True,0.009629900567233562,0
hopper_A_s104,hopper,HopperHop,4,A,104,21,0.19047619047619047,0.0021663740277290335,0.07182345539331436,0.0811682790517807,0.09521494805812836,0.023391492664813995,0.10695049911737442,0.10792306065559387,0.12481680512428284,0.06048429757356644,0.0454938545823097,2,4,0.2857142857142857,0.19047619047619047,0.002885994501411915,0.008289920166134834,0.004234685096889734,0.01750493049621582,1.1000750064849854,0.2678564190864563,3.694309711456299,-3.294877529144287,0.47650831937789917,0.021444305777549744,1.3195509910583496,0.0,0.0,0.00037288450403138995,True,True,True,0.004263737704604864,0
hopper_A_s105,hopper,HopperHop,4,A,105,21,0.23809523809523808,0.0037333670826185305,0.08598656952381134,0.09376250207424164,0.09910725057125092,0.013120681047439575,0.10761439800262451,0.11387697607278824,0.1474950909614563,0.06476643681526184,0.07840070873498914,1,2,0.2857142857142857,0.23809523809523808,0.002235693857073784,0.008480644784867764,0.01954735442996025,0.01954735442996025,1.2786495685577393,0.34531140327453613,3.6771674156188965,-2.065408229827881,0.4024953842163086,0.18875816464424133,4.535556793212891,0.0,0.0,0.00037288450403138995,True,True,True,0.01973598636686802,0
hopper_A_s106,hopper,HopperHop,4,A,106,21,0.42857142857142855,0.0018759142075266133,0.09617142379283905,0.09906114637851715,0.10403668880462646,0.007865265011787415,0.105942502617836,0.10611291229724884,0.10805799812078476,0.08578793704509735,0.03939419835805888,8,4,0.7142857142857143,0.42857142857142855,0.002130607608705759,0.0009146392112597823,0.005272650625556707,0.009683803655207157,218.9886016845703,0.4709380567073822,1.5855498313903809,-5.081258773803711,0.6514233350753784,1.3044965267181396,22.605764389038086,0.0,0.0,0.00037288450403138995,True,True,True,0.005262445658445358,0
hopper_A_s107,hopper,HopperHop,4,A,107,21,0.3333333333333333,0.003580808781442186,0.08908452093601227,0.09156984090805054,0.10107804089784622,0.011993519961833954,0.10555775463581085,0.10731197148561478,0.15160438418388367,0.07631116360425949,0.07519698441028591,2,2,0.42857142857142855,0.3333333333333333,0.0019505632808431983,0.006172118242830038,0.005426111631095409,0.014731645584106445,107.36611938476562,0.30036062002182007,3.631402015686035,-5.455488204956055,0.5855090022087097,0.34372520446777344,12.13040542602539,0.0,0.0,0.00037288450403138995,True,True,True,0.005428521893918514,0
hopper_A_s108,hopper,HopperHop,4,A,108,21,0.38095238095238093,0.0016301553164209618,0.08656921237707138,0.09733554720878601,0.1008770614862442,0.014307849109172821,0.10409513115882874,0.11067157238721848,0.1143050342798233,0.06194905936717987,0.034233261644840196,5,3,0.42857142857142855,0.38095238095238093,0.002119054552167654,0.002071849536150694,0.0011916971998289227,0.011254759505391121,1.2595608234405518,0.4912213981151581,1.7494453191757202,0.2754218876361847,0.4631897211074829,0.01432253047823906,0.8031884431838989,0.0,0.0,0.00037288450403138995,True,True,True,0.0011936782393604517,0
hopper_B_s101,hopper,HopperHop,4,B,101,21,0.7142857142857143,0.01916919010026115,0.0991145670413971,0.10490349680185318,0.10754895210266113,0.008434385061264038,0.10900561511516571,0.15522681176662445,0.3807699978351593,0.024526024237275124,0.4025529921054841,5,1,0.7142857142857143,0.7142857142857143,0.0011662963079288602,0.4496265649795532,0.41553768515586853,0.5473731756210327,2.477243661880493,0.429601788520813,6.920040130615234,-1.0791268348693848,0.4555719494819641,0.0193740576505661,0.8327005505561829,19.42098045349121,0.0010462014470249414,0.00037288450403138995,True,True,True,0.41552257537841797,0
hopper_B_s102,hopper,HopperHop,4,B,102,21,0.5714285714285714,0.023708113034566245,0.09855367243289948,0.10221022367477417,0.10496053099632263,0.006406858563423157,0.12025759369134903,0.1758689284324646,0.46466612815856934,0.01797347143292427,0.49787037372589116,7,1,0.42857142857142855,0.5714285714285714,0.0010646021692082286,0.3697032928466797,0.6101517677307129,0.6513857245445251,0.6393567323684692,0.5284861326217651,11.067782402038574,-0.4048120975494385,0.4885977506637573,0.014261548407375813,0.7787935733795166,17.531280517578125,0.001232414273545146,0.00037288450403138995,True,True,True,0.6111050844192505,0
hopper_B_s103,hopper,HopperHop,4,B,103,21,0.6190476190476191,0.018974203297070096,0.09795288741588593,0.10197663307189941,0.10371322184801102,0.0057603344321250916,0.11857801675796509,0.13397155702114105,0.4111419916152954,0.021672537550330162,0.39845826923847205,5,1,0.5714285714285714,0.6190476190476191,0.0013707310426980257,0.2957408130168915,0.3995538353919983,0.3995538353919983,208.39944458007812,0.5189794301986694,8.942337036132812,-6.292971611022949,0.6641989350318909,1.7765467166900635,18.361488342285156,22.562271118164062,0.019274339079856873,0.00037288450403138995,True,True,True,0.4015600383281708,0
hopper_B_s104,hopper,HopperHop,4,B,104,21,0.3333333333333333,0.015220020285674506,0.0954696387052536,0.09837324917316437,0.10268590599298477,0.007216267287731171,0.1146392673254013,0.1494690179824829,0.33598965406417847,0.030326012521982193,0.3196204259991646,4,1,0.7142857142857143,0.3333333333333333,0.0013705503661185503,0.24352967739105225,0.24104341864585876,0.4815831184387207,110.01028442382812,0.4058700501918793,8.477073669433594,-4.920928001403809,0.5663332939147949,0.48117321729660034,11.792526245117188,22.908164978027344,0.006712878122925758,0.00037288450403138995,True,True,True,0.24157635867595673,0
hopper_B_s105,hopper,HopperHop,4,B,105,21,0.6666666666666666,0.02068999331621897,0.09225928038358688,0.10248474776744843,0.10492885112762451,0.012669570744037628,0.10759595036506653,0.15659122169017792,0.42932039499282837,0.023570861667394638,0.4344898596405984,10,1,1.0,0.6666666666666666,0.0011908160522580147,0.3067891001701355,0.49681004881858826,0.49681004881858826,165.3518524169922,0.5619462728500366,11.32723617553711,-7.214304447174072,0.6731137037277222,0.6038557291030884,15.639887809753418,21.458560943603516,0.0068815043196082115,0.00037288450403138995,True,True,True,0.49911603331565857,0
hopper_B_s106,hopper,HopperHop,4,B,106,21,0.5238095238095238,0.01714467228878112,0.09764605760574341,0.10025027394294739,0.10441924631595612,0.0067731887102127075,0.10740946233272552,0.14596150815486908,0.38227060437202454,0.029849324375391006,0.36003811806440356,3,1,0.42857142857142855,0.5238095238095238,0.001211747876368463,0.3549675941467285,0.37581783533096313,0.4338129162788391,227.1861572265625,0.4300767183303833,11.695636749267578,-8.828085899353027,0.7120583057403564,1.0852530002593994,23.080970764160156,22.339378356933594,0.009910373017191887,0.00037288450403138995,True,True,True,0.37546175718307495,0
hopper_B_s107,hopper,HopperHop,4,B,107,21,0.6666666666666666,0.014700343495323544,0.09712310135364532,0.10415103286504745,0.1111067458987236,0.013983644545078278,0.13060709834098816,0.1316821277141571,0.27106717228889465,0.027048662304878235,0.3087072134017944,8,1,0.7142857142857143,0.6666666666666666,0.001084478572010994,0.31378769874572754,0.35369330644607544,0.4881756007671356,0.966966986656189,0.36487042903900146,8.388769149780273,-3.0482988357543945,0.45169797539711,0.013932067900896072,0.7939528226852417,19.305587768554688,0.002867842558771372,0.00037288450403138995,True,True,True,0.3535274267196655,0
hopper_B_s108,hopper,HopperHop,4,B,108,21,0.6666666666666666,0.01882526768105371,0.0996074303984642,0.10170453786849976,0.10403531789779663,0.004427887499332428,0.1076081320643425,0.20571081340312958,0.35248225927352905,0.02581273764371872,0.3953306213021279,6,1,0.5714285714285714,0.6666666666666666,0.0009409135673195124,0.3690106272697449,0.5367841720581055,0.641984224319458,1.00851309299469,0.7180987596511841,5.688429355621338,-0.26127541065216064,0.5518409013748169,0.014990482479333878,0.785248875617981,17.76850128173828,0.001675711595453322,0.00037288450403138995,True,True,True,0.5368783473968506,0
walker_A_s101,walker,WalkerRun,6,A,101,21,0.7619047619047619,0.00461423936344328,0.1001943051815033,0.10335811972618103,0.1055789589881897,0.005384653806686401,0.10856200754642487,0.11702504754066467,0.11821790039539337,0.09446936845779419,0.09689902663230887,14,0,1.0,0.7619047619047619,0.11392077803611755,0.014744721353054047,0.009232558310031891,0.11392077803611755,911.6944580078125,0.5236004590988159,1.8656694889068604,-2.549626350402832,0.664669930934906,7.108621597290039,88.59866333007812,0.0,0.0,0.014509915374219418,True,True,True,0.009246044792234898,0
walker_A_s102,walker,WalkerRun,6,A,102,21,0.8095238095238095,0.007985728979110714,0.1010303869843483,0.10487310588359833,0.11352284252643585,0.012492455542087555,0.11834071576595306,0.12406577169895172,0.12539473176002502,0.09706513583660126,0.16770030856132498,14,0,0.8571428571428571,0.8095238095238095,0.040806688368320465,0.0162814874202013,0.01509816013276577,0.07584235817193985,910.4627685546875,0.5231939554214478,1.6682666540145874,-2.6192734241485596,0.6639820337295532,7.830410003662109,87.93871307373047,0.0,0.0,0.014509915374219418,True,True,True,0.015087048523128033,0
walker_A_s103,walker,WalkerRun,6,A,103,21,1.0,0.0069459241060983515,0.10422271490097046,0.10567107796669006,0.10829079896211624,0.0040680840611457825,0.10934997349977493,0.10945010185241699,0.1355677992105484,0.1000911295413971,0.14586440622806537,21,0,1.0,1.0,0.09663458168506622,0.016044121235609055,0.01130090095102787,0.09663458168506622,910.5733642578125,0.5399208068847656,1.772883653640747,-2.5481059551239014,0.6693882942199707,9.077066421508789,87.93245697021484,0.0,0.0,0.014509915374219418,True,True,True,0.011381862685084343,0
walker_A_s104,walker,WalkerRun,6,A,104,21,0.9523809523809523,0.0071876485432897244,0.10439915955066681,0.10646781325340271,0.1104368269443512,0.006037667393684387,0.11334796249866486,0.11384475231170654,0.11394234001636505,0.09930956363677979,0.1509406194090842,11,0,1.0,0.9523809523809523,0.12477562576532364,0.014211058616638184,0.010525671765208244,0.12477562576532364,909.600830078125,0.5279171466827393,1.5617386102676392,-2.73593807220459,0.6722404360771179,7.89764404296875,87.7222900390625,0.0,0.0,0.014509915374219418,True,True,True,0.010600500740110874,0
walker_A_s105,walker,WalkerRun,6,A,105,21,0.8571428571428571,0.005515895641985389,0.10265211760997772,0.10594649612903595,0.10896427929401398,0.006312161684036255,0.10955145955085754,0.11114498227834702,0.11272406578063965,0.09528902173042297,0.11583380848169317,8,0,0.8571428571428571,0.8571428571428571,0.11861321330070496,0.015965024009346962,0.015232070349156857,0.11861321330070496,907.2993774414062,0.516018807888031,1.6034157276153564,-2.8184919357299805,0.664413571357727,8.265538215637207,87.68510437011719,0.0,0.0,0.014509915374219418,True,True,True,0.015285158529877663,0
walker_A_s106,walker,WalkerRun,6,A,106,21,0.9047619047619048,0.009840956330299373,0.10181465744972229,0.10695122182369232,0.11467881500720978,0.012864157557487488,0.12077052146196365,0.12263979762792587,0.13470786809921265,0.09710157662630081,0.20666008293628682,18,0,1.0,0.9047619047619048,0.11346107721328735,0.02008829265832901,0.014536325819790363,0.11346107721328735,897.6251220703125,0.5283482670783997,1.6301991939544678,-2.957045078277588,0.677237331867218,7.868453025817871,85.5502700805664,0.0,0.0,0.014509915374219418,True,True,True,0.014694049954414368,0
walker_A_s107,walker,WalkerRun,6,A,107,21,0.9047619047619048,0.005705044666926061,0.10368607938289642,0.10618692636489868,0.10740926861763,0.0037231892347335815,0.11089301109313965,0.11118662357330322,0.11124958842992783,0.09906433522701263,0.11980593800544728,10,0,1.0,0.9047619047619048,0.14318051934242249,0.016308456659317017,0.011406013742089272,0.14318051934242249,903.2528076171875,0.5358069539070129,1.7045133113861084,-2.439181327819824,0.661759614944458,7.9385666847229,88.20118713378906,0.0,0.0,0.014509915374219418,True,True,True,0.011504112742841244,0
walker_A_s108,walker,WalkerRun,6,A,108,21,0.7619047619047619,0.004635227648984814,0.10038851201534271,0.1022835224866867,0.10834456235170364,0.007956050336360931,0.11157158762216568,0.11622311174869537,0.1197468489408493,0.0951627790927887,0.0973397806286811,4,0,0.7142857142857143,0.7619047619047619,0.06291713565587997,0.02332916110754013,0.019073177129030228,0.06291713565587997,889.9786376953125,0.5319578647613525,1.6293351650238037,-2.9926223754882812,0.6731270551681519,7.772971153259277,85.99026489257812,0.0,0.0,0.014509915374219418,True,True,True,0.019291825592517853,0
walker_B_s101,walker,WalkerRun,6,B,101,21,1.0,0.00713727807714825,0.10287903994321823,0.1045716255903244,0.10542608797550201,0.002547048032283783,0.10963466018438339,0.1111728698015213,0.16117531061172485,0.1000608429312706,0.14988283962011326,21,0,1.0,1.0,0.2090613842010498,0.5115793347358704,0.4791969060897827,0.6668710708618164,909.2294311523438,0.36208948493003845,6.117722034454346,-13.682873725891113,0.7381052374839783,6.069568634033203,72.61244201660156,21.018461227416992,0.018778257071971893,0.014509915374219418,True,True,True,0.4814116060733795,0
walker_B_s102,walker,WalkerRun,6,B,102,21,0.9047619047619048,0.0052963611625489685,0.1028144508600235,0.10426494479179382,0.10579191893339157,0.0029774680733680725,0.10684496909379959,0.10785460472106934,0.13593444228172302,0.09824579954147339,0.11122358441352834,16,0,0.8571428571428571,0.9047619047619048,0.13968917727470398,0.581904947757721,0.5827128887176514,0.7664918899536133,879.208984375,0.38660216331481934,6.651179790496826,-14.147146224975586,0.7627809047698975,5.121051788330078,68.32174682617188,20.74217987060547,0.017814110964536667,0.014509915374219418,True,True,True,0.5815193057060242,0
walker_B_s103,walker,WalkerRun,6,B,103,21,1.0,0.005618652843293684,0.10205075144767761,0.10387762635946274,0.10546332597732544,0.003412574529647827,0.10689741373062134,0.10876592248678207,0.14194495975971222,0.10048235952854156,0.11799170970916736,21,0,1.0,1.0,0.15202099084854126,0.5592253804206848,0.5941201448440552,0.7871720790863037,907.6688232421875,0.37073689699172974,6.649438381195068,-12.03207778930664,0.7216966152191162,8.582871437072754,74.34959411621094,21.412899017333984,0.024313069880008698,0.014509915374219418,True,True,True,0.5948183536529541,0
walker_B_s104,walker,WalkerRun,6,B,104,21,0.9523809523809523,0.007091313955329708,0.10208304971456528,0.10474450886249542,0.1060953214764595,0.004012271761894226,0.10697536170482635,0.10719818621873856,0.17212262749671936,0.09741300344467163,0.14891759306192387,19,0,1.0,0.9523809523809523,0.18422462046146393,0.5792018175125122,0.6009714603424072,0.793012261390686,890.2717895507812,0.3830316662788391,6.049436092376709,-14.0343656539917,0.7643495798110962,5.6395978927612305,69.96919250488281,20.13007354736328,0.023032480850815773,0.014509915374219418,True,True,True,0.6038638949394226,0
walker_B_s105,walker,WalkerRun,6,B,105,21,0.9523809523809523,0.005816074354307987,0.1024344265460968,0.10317173600196838,0.10381664335727692,0.0013822168111801147,0.10632879287004471,0.10926453024148941,0.15611572563648224,0.09987108409404755,0.12213756144046772,11,0,1.0,0.9523809523809523,0.23868218064308167,0.5598432421684265,0.5788286924362183,0.6311562657356262,909.4074096679688,0.34114623069763184,7.841510772705078,-11.392078399658203,0.6826026439666748,6.972419261932373,76.31523132324219,21.03313446044922,0.018932949751615524,0.014509915374219418,True,True,True,0.5798273086547852,0
walker_B_s106,walker,WalkerRun,6,B,106,21,1.0,0.0070916744924726886,0.10311748087406158,0.10469090938568115,0.1060524433851242,0.002934962511062622,0.10652609169483185,0.10859178006649017,0.1597978174686432,0.10143984854221344,0.14892516434192646,21,0,1.0,1.0,0.1983560025691986,0.5478244423866272,0.5478244423866272,0.7224388122558594,918.0025634765625,0.34786415100097656,8.420402526855469,-12.959853172302246,0.7310693860054016,6.479127883911133,74.24388122558594,20.810819625854492,0.018590401858091354,0.014509915374219418,True,True,True,0.5527227520942688,0
walker_B_s107,walker,WalkerRun,6,B,107,21,0.8095238095238095,0.005816572620755146,0.10226982831954956,0.10428594052791595,0.10641650855541229,0.004146680235862732,0.10709880292415619,0.10798665136098862,0.14497974514961243,0.09679235517978668,0.12214802503585806,12,0,0.7142857142857143,0.8095238095238095,0.22135154902935028,0.5966088771820068,0.6429445743560791,0.7446776628494263,889.6519775390625,0.385068416595459,9.097404479980469,-11.755990982055664,0.7169078588485718,6.147539138793945,73.56185913085938,20.729137420654297,0.018269291147589684,0.014509915374219418,True,True,True,0.6470824480056763,0
walker_B_s108,walker,WalkerRun,6,B,108,21,0.9523809523809523,0.006506645253726409,0.10240786522626877,0.10346883535385132,0.10497424006462097,0.0025663748383522034,0.10565510392189026,0.11409682035446167,0.1589590311050415,0.09953424334526062,0.1366395503282546,10,0,1.0,0.9523809523809523,0.2055182307958603,0.5670575499534607,0.5579155683517456,0.7210648655891418,890.8977661132812,0.3765806257724762,6.490978717803955,-11.330231666564941,0.7092902660369873,6.148769855499268,74.51396179199219,20.46947479248047,0.015995895490050316,0.014509915374219418,True,True,True,0.5610502362251282,0
leap_A_s101,leap,LeapCubeRotateZAxis,16,A,101,21,1.0,0.009149993530341552,0.10821299254894257,0.10990530252456665,0.11115508526563644,0.002942092716693878,0.11201658844947815,0.11213754117488861,0.11283434927463531,0.1035131961107254,0.19214986413717258,21,0,1.0,1.0,0.01085522212088108,0.01770402491092682,0.014643659815192223,0.026476897299289703,35.172019958496094,0.2826470136642456,3.945802688598633,-15.337430953979492,0.5873457789421082,0.2739928960800171,7.518699645996094,0.0,0.0,0.000782382907345891,True,True,True,0.014788543805480003,0
leap_A_s102,leap,LeapCubeRotateZAxis,16,A,102,21,0.9523809523809523,0.009317016317730853,0.10766129195690155,0.11012938618659973,0.11165481805801392,0.003993526101112366,0.1137382984161377,0.11434527486562729,0.11697692424058914,0.09793398529291153,0.1956573426723479,20,1,1.0,0.9523809523809523,0.010474059730768204,0.011823322623968124,0.011269031092524529,0.017152508720755577,19.95796012878418,0.29429247975349426,3.2499594688415527,-11.611749649047852,0.5582475662231445,0.12876585125923157,5.10140323638916,0.0,0.0,0.000782382907345891,True,True,True,0.011343940161168575,0
leap_A_s103,leap,LeapCubeRotateZAxis,16,A,103,21,1.0,0.009521038475490746,0.10781153291463852,0.1095627099275589,0.11143149435520172,0.003619961440563202,0.11158335208892822,0.11162583529949188,0.11494220048189163,0.10565340518951416,0.19994180798530567,21,0,1.0,1.0,0.012633559294044971,0.020356733351945877,0.02218419685959816,0.026278076693415642,25.717702865600586,0.2565154731273651,3.095341682434082,-17.00430679321289,0.6138592958450317,0.30290859937667847,6.380754470825195,0.0,0.0,0.000782382907345891,True,True,True,0.022419191896915436,0
leap_A_s104,leap,LeapCubeRotateZAxis,16,A,104,21,0.9523809523809523,0.008061903218428288,0.106570303440094,0.10800856351852417,0.10934138298034668,0.0027710795402526855,0.11023326218128204,0.11224037408828735,0.1140805035829544,0.09454169124364853,0.16929996758699406,20,1,1.0,0.9523809523809523,0.013347906991839409,0.011815929785370827,0.01012919656932354,0.0189652219414711,31.354408264160156,0.3449634313583374,2.3326492309570312,-10.979413986206055,0.5879647731781006,0.1426858752965927,6.070653438568115,0.0,0.0,0.000782382907345891,True,True,True,0.010185281746089458,0
leap_A_s105,leap,LeapCubeRotateZAxis,16,A,105,21,1.0,0.007879242371945148,0.10635735094547272,0.1071639358997345,0.10935947299003601,0.0030021220445632935,0.11065497249364853,0.11207782477140427,0.11302217841148376,0.10467661917209625,0.16546408981084812,21,0,1.0,1.0,0.009979592636227608,0.011219704523682594,0.010493302717804909,0.014645397663116455,18.149362564086914,0.34390419721603394,2.464474678039551,-7.697842597961426,0.5414655208587646,0.09386284649372101,3.9529590606689453,0.0,0.0,0.000782382907345891,True,True,True,0.010592173784971237,0
leap_A_s106,leap,LeapCubeRotateZAxis,16,A,106,21,0.9523809523809523,0.008821946169648846,0.10844146460294724,0.10970279574394226,0.11041447520256042,0.0019730105996131897,0.11079537123441696,0.11088468134403229,0.11117303371429443,0.09998424351215363,0.18526086956262577,20,1,1.0,0.9523809523809523,0.00919859018176794,0.018188729882240295,0.01668207347393036,0.024068785831332207,30.601478576660156,0.27226224541664124,3.5767478942871094,-15.346516609191895,0.5729609131813049,0.2580023407936096,7.237598419189453,0.0,0.0,0.000782382907345891,True,True,True,0.016850057989358902,0
leap_A_s107,leap,LeapCubeRotateZAxis,16,A,107,21,1.0,0.008572782505126221,0.10674851387739182,0.10896404087543488,0.10981366038322449,0.003065146505832672,0.11145684123039246,0.11198840290307999,0.11250811070203781,0.10382737219333649,0.18002843260765064,21,0,1.0,1.0,0.009809748269617558,0.009809748269617558,0.00890166312456131,0.013284245505928993,22.801921844482422,0.3170343041419983,3.287722587585449,-12.215337753295898,0.5586639642715454,0.13792720437049866,6.0388689041137695,0.0,0.0,0.000782382907345891,True,True,True,0.008947850205004215,0
leap_A_s108,leap,LeapCubeRotateZAxis,16,A,108,21,1.0,0.008965165913105005,0.10664762556552887,0.10947968065738678,0.11093448102474213,0.004286855459213257,0.11255672574043274,0.11291013658046722,0.1163957267999649,0.10352174937725067,0.18826848417520511,21,0,1.0,1.0,0.008991388604044914,0.008642730303108692,0.006961194332689047,0.01596425101161003,31.642131805419922,0.36540430784225464,2.3730247020721436,-9.020515441894531,0.5700891017913818,0.1074560210108757,6.010159492492676,0.0,0.0,0.000782382907345891,True,True,True,0.007039744406938553,0
leap_B_s101,leap,LeapCubeRotateZAxis,16,B,101,21,1.0,0.01687686081443514,0.10769185423851013,0.10895000398159027,0.11122223734855652,0.0035303831100463867,0.11235079169273376,0.11353538185358047,0.2752573490142822,0.10007833689451218,0.354414077103138,21,0,1.0,1.0,0.02491222880780697,0.5090271234512329,0.483171284198761,0.6152163743972778,30.90998077392578,0.23649555444717407,9.682068824768066,-28.09018325805664,0.6559180021286011,0.17576338350772858,6.106766700744629,20.378908157348633,0.009667955338954926,0.000782382907345891,True,True,True,0.48884737491607666,0
leap_B_s102,leap,LeapCubeRotateZAxis,16,B,102,21,0.9523809523809523,0.009361361109075086,0.10587012767791748,0.1075543463230133,0.10838788747787476,0.0025177597999572754,0.11010833829641342,0.11063551902770996,0.15704979002475739,0.09858179092407227,0.19658858329057682,17,0,0.8571428571428571,0.9523809523809523,0.03869285434484482,0.5839731693267822,0.5630821585655212,0.6526498198509216,23.850811004638672,0.25225383043289185,9.19253158569336,-24.79689598083496,0.6378188133239746,0.15540094673633575,5.143197059631348,19.67160415649414,0.011358397081494331,0.000782382907345891,True,True,True,0.5656040906906128,0
leap_B_s103,leap,LeapCubeRotateZAxis,16,B,103,21,1.0,0.01594669982081368,0.10805829614400864,0.10864449292421341,0.11035101860761642,0.002292722463607788,0.1130104809999466,0.1149694174528122,0.25585195422172546,0.10339678078889847,0.33488069623708727,21,0,1.0,1.0,0.0280751995742321,0.5384816527366638,0.5184406042098999,0.6057455539703369,27.564002990722656,0.25628405809402466,9.508916854858398,-25.266462326049805,0.6282699108123779,0.1869080811738968,6.639595031738281,20.377761840820312,0.007968088611960411,0.000782382907345891,True,True,True,0.5227668285369873,0
leap_B_s104,leap,LeapCubeRotateZAxis,16,B,104,21,1.0,0.01630577168294362,0.10620007663965225,0.10795015096664429,0.10933432728052139,0.0031342506408691406,0.11195722967386246,0.12511296570301056,0.2726946175098419,0.10196255892515182,0.34242120534181597,21,0,1.0,1.0,0.01713801547884941,0.4983364939689636,0.4942095875740051,0.6207213997840881,37.772865295410156,0.24929307401180267,7.7714128494262695,-27.339441299438477,0.6566329002380371,0.20016464591026306,6.626916885375977,20.220518112182617,0.006602143868803978,0.000782382907345891,True,True,True,0.4980354309082031,0
leap_B_s105,leap,LeapCubeRotateZAxis,16,B,105,21,1.0,0.01274745173397518,0.10662955045700073,0.1084655225276947,0.10896828770637512,0.0023387372493743896,0.11242325603961945,0.112423837184906,0.204519122838974,0.10518990457057953,0.26769648641347876,21,0,1.0,1.0,0.0567815788090229,0.551734209060669,0.5153278112411499,0.6122265458106995,36.17533874511719,0.24101461470127106,8.181984901428223,-29.250370025634766,0.6935961842536926,0.13957856595516205,5.975461959838867,19.61565589904785,0.006576273124665022,0.000782382907345891,True,True,True,0.5182294845581055,0
leap_B_s106,leap,LeapCubeRotateZAxis,16,B,106,21,1.0,0.015591552640710559,0.10522164404392242,0.10688453912734985,0.10844166576862335,0.0032200217247009277,0.11328370869159698,0.12074778228998184,0.27597248554229736,0.10383377224206924,0.32742260545492174,21,0,1.0,1.0,0.01791798695921898,0.46904587745666504,0.315987229347229,0.5921010375022888,27.818260192871094,0.2401566505432129,8.737298965454102,-30.54547882080078,0.6831332445144653,0.1709105372428894,6.222261428833008,22.928600311279297,0.008913315832614899,0.000782382907345891,True,True,True,0.31876885890960693,0
leap_B_s107,leap,LeapCubeRotateZAxis,16,B,107,21,1.0,0.014582265061991556,0.10731162130832672,0.10817144811153412,0.1097637265920639,0.0024521052837371826,0.11152353882789612,0.11565417051315308,0.23974595963954926,0.10374568402767181,0.3062275663018227,21,0,1.0,1.0,0.020280051976442337,0.5078966617584229,0.49461454153060913,0.5946440696716309,40.208927154541016,0.24131226539611816,8.029165267944336,-30.243701934814453,0.6831380128860474,0.30729061365127563,8.667756080627441,21.077009201049805,0.008131725713610649,0.000782382907345891,True,True,True,0.4985778033733368,0
leap_B_s108,leap,LeapCubeRotateZAxis,16,B,108,21,1.0,0.019585934494222915,0.10669709742069244,0.10715445876121521,0.1087934821844101,0.0020963847637176514,0.11092721670866013,0.12864699959754944,0.3413775861263275,0.10498347878456116,0.4113046243786812,21,0,1.0,1.0,0.01393277756869793,0.5048927664756775,0.5466274619102478,0.6213332414627075,23.94176483154297,0.22519457340240479,9.71950912475586,-22.10071563720703,0.5945424437522888,0.14239008724689484,4.456793785095215,20.270401000976562,0.010525661520659924,0.000782382907345891,True,True,True,0.5495988130569458,0
g1_A_s101,g1,G1JoystickFlatTerrain,29,A,101,21,0.5714285714285714,0.0022259288600512883,0.09926824271678925,0.10051162540912628,0.10285316407680511,0.003584921360015869,0.10520713776350021,0.10696913301944733,0.11686122417449951,0.091940738260746,0.04674450606107705,3,0,0.7142857142857143,0.5714285714285714,0.012661795131862164,0.0044609662145376205,0.004294839687645435,0.012661795131862164,29.791976928710938,0.3044511377811432,2.33604097366333,-15.207653045654297,0.4602898359298706,0.0035663405433297157,0.850653886795044,0.0,0.0,0.00020752238924615085,True,True,True,0.004297551233321428,0
g1_A_s102,g1,G1JoystickFlatTerrain,29,A,102,21,0.6190476190476191,0.0027539600928624436,0.0980176031589508,0.10073499381542206,0.10421799123287201,0.006200388073921204,0.10679658502340317,0.10706466436386108,0.11398656666278839,0.09431622922420502,0.05783316195011132,4,0,0.8571428571428571,0.6190476190476191,0.012877647764980793,0.00458325631916523,0.004396868869662285,0.012877647764980793,28.134492874145508,0.29825133085250854,2.3969647884368896,-16.91007423400879,0.4737415015697479,0.003419312881305814,0.8638126850128174,0.0,0.0,0.00020752238924615085,True,True,True,0.004399615805596113,0
g1_A_s103,g1,G1JoystickFlatTerrain,29,A,103,21,0.5714285714285714,0.0017076437671979237,0.09866227954626083,0.10057346522808075,0.10200099647045135,0.0033387169241905212,0.10367750376462936,0.10600868612527847,0.11282031983137131,0.09341828525066376,0.0358605191111564,3,0,0.42857142857142855,0.5714285714285714,0.012706548906862736,0.004745158366858959,0.004503761418163776,0.012706548906862736,33.471954345703125,0.2931287884712219,2.707707405090332,-15.690448760986328,0.46153295040130615,0.004036077298223972,0.8875949382781982,0.0,0.0,0.00020752238924615085,True,True,True,0.0045029898174107075,0
g1_A_s104,g1,G1JoystickFlatTerrain,29,A,104,21,0.42857142857142855,0.002730475933778851,0.09683164954185486,0.09979994595050812,0.10448340326547623,0.007651753723621368,0.10687418282032013,0.10791158676147461,0.12285086512565613,0.09614403545856476,0.05733999460935588,2,0,0.42857142857142855,0.42857142857142855,0.012623630464076996,0.00458142813295126,0.004471034277230501,0.01288825273513794,29.318801879882812,0.3026863932609558,2.341881036758423,-16.17800521850586,0.4625365138053894,0.004134292248636484,0.822331428527832,0.0,0.0,0.00020752238924615085,True,True,True,0.004470768850296736,0
g1_A_s105,g1,G1JoystickFlatTerrain,29,A,105,21,0.5714285714285714,0.004029939004353111,0.09646730124950409,0.10132725536823273,0.10299399495124817,0.00652669370174408,0.1074451133608818,0.11471669375896454,0.13882195949554443,0.0914287269115448,0.08462871909141534,4,0,0.7142857142857143,0.5714285714285714,0.012943385168910027,0.004525646101683378,0.004525646101683378,0.013060122728347778,30.039525985717773,0.2968783378601074,3.445186138153076,-15.862001419067383,0.44797563552856445,0.003366272896528244,0.8555824756622314,0.0,0.0,0.00020752238924615085,True,True,True,0.004524787422269583,0
g1_A_s106,g1,G1JoystickFlatTerrain,29,A,106,21,0.38095238095238093,0.0014450857327097917,0.09634601324796677,0.09841566532850266,0.10064300894737244,0.00429699569940567,0.10434436798095703,0.10656146705150604,0.11498723924160004,0.08986309170722961,0.030346800386905626,2,0,0.42857142857142855,0.38095238095238093,0.012838466092944145,0.004495920147746801,0.004416449926793575,0.012905755080282688,28.9632568359375,0.2865787446498871,2.1436398029327393,-15.60987663269043,0.437562495470047,0.0034401891753077507,0.8761478662490845,0.0,0.0,0.00020752238924615085,True,True,True,0.00441582640632987,0
g1_A_s107,g1,G1JoystickFlatTerrain,29,A,107,21,0.5238095238095238,0.001910943076724095,0.09910088777542114,0.10016730427742004,0.10285500437021255,0.0037541165947914124,0.10411107540130615,0.10447533428668976,0.11794669181108475,0.0914703756570816,0.040129804611205994,6,0,0.2857142857142857,0.5238095238095238,0.012512721121311188,0.004452930297702551,0.004209813661873341,0.012512721121311188,32.16105270385742,0.3045946955680847,3.077763319015503,-16.160245895385742,0.45824915170669556,0.003041110699996352,0.8673837184906006,0.0,0.0,0.00020752238924615085,True,True,True,0.004208617378026247,0
g1_A_s108,g1,G1JoystickFlatTerrain,29,A,108,21,0.3333333333333333,0.0015484057012058422,0.09694589674472809,0.09809981286525726,0.10158104449510574,0.004635147750377655,0.10542872548103333,0.10554410517215729,0.11523963510990143,0.09297505766153336,0.032516519725322685,2,0,0.42857142857142855,0.3333333333333333,0.013226183131337166,0.004501550458371639,0.004192425403743982,0.013226183131337166,29.26029396057129,0.30520641803741455,3.0258710384368896,-16.45334243774414,0.45495808124542236,0.003404734656214714,0.8566485643386841,0.0,0.0,0.00020752238924615085,True,True,True,0.0041904267854988575,0
g1_B_s101,g1,G1JoystickFlatTerrain,29,B,101,21,0.7142857142857143,0.026096488748277937,0.0998036339879036,0.10547319799661636,0.11998771131038666,0.020184077322483063,0.19828259944915771,0.22744640707969666,0.23251231014728546,0.04439228028059006,0.5480262637138367,10,2,0.5714285714285714,0.7142857142857143,0.010789480060338974,0.5055969953536987,0.5055969953536987,0.6040824055671692,9.402726173400879,0.2633622884750366,6.959298133850098,-40.59397506713867,0.5927051901817322,0.004199475049972534,0.4501228332519531,18.947811126708984,0.003707466647028923,0.00020752238924615085,True,True,True,0.5056033134460449,0
g1_B_s102,g1,G1JoystickFlatTerrain,29,B,102,21,0.8571428571428571,0.025457978461469927,0.10316751897335052,0.1059933677315712,0.13580001890659332,0.0326324999332428,0.18427394330501556,0.22510620951652527,0.22709450125694275,0.05131194368004799,0.5346175476908684,9,2,1.0,0.8571428571428571,0.010802756063640118,0.5509823560714722,0.5700091123580933,0.7040371894836426,18.405454635620117,0.25440776348114014,7.527466773986816,-41.11767578125,0.5827546715736389,0.0036911950446665287,0.4584323465824127,18.336584091186523,0.0034427326172590256,0.00020752238924615085,True,True,True,0.5706496238708496,0
g1_B_s103,g1,G1JoystickFlatTerrain,29,B,103,21,0.8571428571428571,0.02314636345420565,0.10304594784975052,0.10764266550540924,0.13657251000404358,0.03352656215429306,0.16595569252967834,0.18746429681777954,0.19095741212368011,0.05118267983198166,0.4860736325383186,12,2,0.8571428571428571,0.8571428571428571,0.010673344135284424,0.5086847543716431,0.4924065172672272,0.6415745615959167,14.692596435546875,0.263142853975296,7.687183856964111,-36.513938903808594,0.5517358779907227,0.004366093315184116,0.5274994969367981,18.846445083618164,0.0040075527504086494,0.00020752238924615085,True,True,True,0.49293452501296997,0
g1_B_s104,g1,G1JoystickFlatTerrain,29,B,104,21,0.8571428571428571,0.018384861662274314,0.10097044706344604,0.10362548381090164,0.12167686969041824,0.0207064226269722,0.15885886549949646,0.16240465641021729,0.18067613244056702,0.05165444314479828,0.3860820949077606,14,2,0.8571428571428571,0.8571428571428571,0.01076502539217472,0.5288426876068115,0.5500110387802124,0.6204400658607483,10.967278480529785,0.2918844223022461,8.437189102172852,-40.4886474609375,0.6147540807723999,0.004382464103400707,0.28944993019104004,19.628013610839844,0.004036708734929562,0.00020752238924615085,True,True,True,0.550157368183136,0
g1_B_s105,g1,G1JoystickFlatTerrain,29,B,105,21,0.7142857142857143,0.025954041807424454,0.09960155189037323,0.1016894057393074,0.11667059361934662,0.01706904172897339,0.20857062935829163,0.2458699494600296,0.24618083238601685,0.053457457572221756,0.5450348779559135,8,3,0.8571428571428571,0.7142857142857143,0.010935214348137379,0.473328560590744,0.4955238699913025,0.6516346335411072,15.973441123962402,0.24365761876106262,9.320388793945312,-36.222007751464844,0.5393722057342529,0.0042435480281710625,0.4478174149990082,20.28453826904297,0.004094380419701338,0.00020752238924615085,True,True,True,0.4959206283092499,0
g1_B_s106,g1,G1JoystickFlatTerrain,29,B,106,21,0.7142857142857143,0.03318138314144952,0.09863321483135223,0.10392285883426666,0.13905784487724304,0.04042463004589081,0.22471696138381958,0.23388397693634033,0.26662448048591614,0.0486881360411644,0.6968090459704399,12,2,0.5714285714285714,0.7142857142857143,0.010861508548259735,0.5028139352798462,0.5620248317718506,0.7610867023468018,27.019664764404297,0.2393227368593216,7.728193759918213,-37.58546447753906,0.5352617502212524,0.0044157360680401325,0.5855254530906677,19.2889347076416,0.003729667514562607,0.00020752238924615085,True,True,True,0.561675488948822,0
g1_B_s107,g1,G1JoystickFlatTerrain,29,B,107,21,0.8095238095238095,0.03403678373211906,0.10048808157444,0.10346436500549316,0.12938997149467468,0.02890188992023468,0.24398845434188843,0.26449859142303467,0.29261982440948486,0.04761070758104324,0.7147724583745003,17,4,1.0,0.8095238095238095,0.010958349332213402,0.48931050300598145,0.5356992483139038,0.6330056190490723,24.73347282409668,0.2487785667181015,9.242948532104492,-36.65131378173828,0.5579398274421692,0.004333787597715855,0.617033839225769,19.189918518066406,0.0037779794074594975,0.00020752238924615085,True,True,True,0.5359904766082764,0
g1_B_s108,g1,G1JoystickFlatTerrain,29,B,108,21,0.8571428571428571,0.033203361857505075,0.10166863352060318,0.10510276257991791,0.14217039942741394,0.04050176590681076,0.2342330664396286,0.248238667845726,0.2588350176811218,0.047463513910770416,0.6972705990076066,17,2,1.0,0.8571428571428571,0.010675475932657719,0.465202271938324,0.5168237090110779,0.6697676181793213,23.13818359375,0.2532314658164978,5.714971542358398,-39.99972152709961,0.5780047178268433,0.00431003887206316,0.5572280287742615,18.985403060913086,0.0038230731151998043,0.00020752238924615085,True,True,True,0.5169694423675537,0
