d,c_star,c_cell,sigma,omega,policy_reachable,is_argmin_cell,pw_2Cov_over_VarE,pw_2Cov_over_MSE,pw_VarE_over_MSE,pw_smooth_over_MSE,pw_2Cov_pooled_over_VarE,zo_2Cov_over_VarE,zo_2Cov_over_MSE,zo_VarE_over_MSE,zo_smooth_over_MSE,zo_2Cov_pooled_over_VarE
1,1.2013877434506741,1.3458456933361078,0.01,134.58456933361077,False,False,0.3710596870581125,0.33754168261378426,0.9096695070540527,0.16107689486966492,0.07777154381356399,5.749736486285149,0.004091577520230159,0.0007116113112296193,0.9982809796639416,1.415673147589687
1,1.2013877434506741,1.3458456933361076,0.013501275609964631,99.68285458470345,False,True,0.5090937612858573,0.3747258847672562,0.7360645784006117,0.2383976867151028,0.03469496513441249,6.638972243874962,0.004598025852987629,0.0006925809724885826,0.9992733723480565,0.04915913201128252
1,1.2013877434506741,1.3458456933361076,0.018228444309622584,73.83217516953168,False,False,0.5951431407473,0.35859121740759553,0.6025293628644117,0.36009544402285865,0.06203049248097836,6.452166550184391,0.004338725473356009,0.0006724447423372878,0.99798695863265,1.9936160410044224
1,1.2013877434506741,1.3458456933361076,0.024610725056510595,54.68533292886767,False,False,0.8260789118612678,0.43646053996445655,0.5283521146678974,0.5873791401227331,0.21904190704976087,7.544479481716918,0.004770764453612768,0.0006323517036760596,0.9977403775061315,2.573363494923353
1,1.2013877434506741,1.3458456933361078,0.03322761819490119,40.503826829893846,False,False,1.2602968787847273,0.48303670561837453,0.3832721589250897,0.7238542550172121,0.27950481517557757,5.090401763652489,0.003910125365703561,0.0007681368872735006,0.999358850110836,0.16531818770000287
1,1.2013877434506741,1.3458456933361078,0.04486152311120365,29.99999999999996,False,False,1.7123009226025363,0.4172297794987421,0.24366615353135015,0.8450754540829147,0.36419341105923114,6.63824747052639,0.004928410896781321,0.0007424265092049235,0.9998946501342827,0.8581006141196639
1,1.2013877434506741,1.3458456933361076,0.06056877878071584,22.22012265112078,False,False,2.2535155653375245,0.2997874938910566,0.13303102871896752,0.8523217840933683,0.11010353996891331,7.567383402235622,0.005404139289283503,0.0007141357853874518,0.999551769526296,0.3723455918675263
1,1.2013877434506741,1.3458456933361076,0.0817755775677422,16.457795021028378,False,False,3.2087276701002008,0.2565091867813921,0.07994108978820941,0.9101898707281105,0.12345390224008757,7.990261124770946,0.006013879760221699,0.0007526512170644607,0.9988214100324685,0.5659178392465908
1,1.2013877434506741,1.3458456933361078,0.11040746109061289,12.189807464475196,True,False,4.3514139267952565,0.20955029502512398,0.04815682868842915,0.9799341859997627,0.5833236002714884,9.04922988291987,0.006927278864894728,0.0007655103201621328,1.000023759685808,1.03103770802566
1,1.2013877434506741,1.3458456933361078,0.14906415615808105,9.028633898472895,True,False,5.835505966048899,0.15093757139436892,0.02586537864454719,0.9574306450863617,0.6458044360627349,14.273973876242266,0.010188122514711176,0.0007137551604790577,0.9974755723116269,2.5368258306936884
1,1.2013877434506741,1.3458456933361078,0.2012556255857059,6.687245086537825,True,False,7.1359997487057285,0.10804235349105522,0.015140464867680397,1.0137440049072024,1.9077663748978428,15.774647430535119,0.010400113885682514,0.0006592929529157606,1.0020961016112904,4.179317482494754
1,1.2013877434506741,1.3458456933361078,0.2717207669088465,4.953046867365847,True,False,10.706382226431186,0.09109931349148731,0.008508879242755554,0.9837169911575064,0.9136490691599246,23.09759101125414,0.014200241645282528,0.0006147931894007284,0.9979395497456509,2.351452634596167
1,1.2013877434506741,1.3458456933361076,0.3668576962987294,3.6685769629872937,True,False,13.269986471127538,0.06677206951831924,0.005031811423741843,0.9834719905369401,2.2847036725333005,27.802313655836162,0.015385495115892805,0.0005533890202933933,0.9974573412607749,3.594703989386787
1,1.2013877434506741,1.3458456933361076,0.4953046867365847,2.717207669088465,True,False,17.508967158636036,0.05608563743985765,0.0032032521925312,0.9791662287096449,5.50394350433351,36.6595767821304,0.0185544659754718,0.0005061287555429751,0.9938663194477321,11.11881460022479
1,1.2013877434506741,1.3458456933361078,0.6687245086537824,2.012556255857059,True,False,21.009908012393044,0.04545560376977884,0.00216353178428797,1.0027869879293947,2.288165928337506,46.152430328143915,0.018856114259203426,0.0004085616754120292,1.0019905994238116,5.8722127982368475
1,1.2013877434506741,1.3458456933361076,0.9028633898472894,1.4906415615808106,True,False,27.205935516372453,0.045109537073814765,0.0016580770415583752,0.998946924998354,0.3648817423728724,56.64181220425646,0.022583728612892682,0.0003987112653008581,1.0001494711239718,1.3748856302298558
1,1.2013877434506741,1.3458456933361076,1.2189807464475195,1.1040746109061288,True,False,29.893393113155792,0.040246602231050733,0.0013463377034084029,1.0017802359985362,2.322280430852588,60.66825749636175,0.022121097816769537,0.0003646239191573308,1.0012034753047168,4.3005934100496805
1,1.2013877434506741,1.3458456933361076,1.6457795021028379,0.8177557756774221,True,False,30.444383540906614,0.034801781987211164,0.0011431265126603642,0.9973710685817355,1.2997729377703466,64.16564928080851,0.020477343194241316,0.0003191324863655037,0.9985882269104207,3.42378369453207
1,1.2013877434506741,1.3458456933361078,2.222012265112078,0.6056877878071585,True,False,33.72594179558541,0.03599572276817569,0.0010673007439302223,0.9942496828580487,4.387719604481821,68.87838576767273,0.02200519203632483,0.0003194789162241475,0.9968433220411789,8.880708236178432
1,1.2013877434506741,1.3458456933361076,2.999999999999996,0.4486152311120365,True,False,32.81555433070411,0.03270362617113842,0.0009965891735840354,0.9971724908556309,1.8371862943286397,69.29141071738135,0.020307508568192502,0.0002930739662816315,0.9987328860433655,3.32352956050943
2,1.5182050010586579,1.3458456933361078,0.01,134.58456933361077,False,True,0.1649888019953105,0.1379986582814263,0.8364122692723635,0.1120388909391492,0.06163089863965314,14.70316946825665,0.011449006404633165,0.0007786760826875425,0.9990850067366802,0.17506275544201472
2,1.5182050010586579,1.3458456933361076,0.013501275609964631,99.68285458470345,False,False,0.23100719533504085,0.18702320381235643,0.8095990410216777,0.1949649905211068,0.00563739741715224,13.941019729021198,0.010972161362228519,0.0007870415203120064,0.9964857667594325,3.4651179764626794
2,1.5182050010586579,1.3458456933361076,0.018228444309622584,73.83217516953168,False,False,0.3202504409269371,0.2200407078354819,0.6870894765939843,0.2944071156657701,0.026930128273786824,11.631589547372533,0.009489231407850124,0.0008158155314200932,0.9978665567249995,1.6151049996392144
2,1.5182050010586579,1.3458456933361076,0.024610725056510595,54.68533292886767,False,False,0.4426150397817967,0.2355722911055553,0.532228392468745,0.41313844339270833,0.10264984903404129,11.627517757564064,0.009538781838208273,0.000820362697963028,0.9938611383900913,6.483106710180409
2,1.5182050010586579,1.3458456933361078,0.03322761819490119,40.503826829893846,False,False,0.6215216613351492,0.26560496618302265,0.42734627400186126,0.62240402970525,0.11641684211079607,13.054533230729032,0.010347918163717211,0.0007926685681384052,0.9987200486605561,0.6147370930193616
2,1.5182050010586579,1.3458456933361078,0.04486152311120365,29.99999999999996,False,False,0.7343603198715756,0.22799846120886538,0.31047219605865634,0.8143098018845825,0.4019103788593808,12.92286645080101,0.010385186003776374,0.0008036286719602105,1.0004648689204636,1.578462337996673
2,1.5182050010586579,1.3458456933361076,0.06056877878071584,22.22012265112078,False,False,1.0309511152299156,0.17408913387425543,0.16886264664007009,0.7866689312616221,0.2633407860359564,11.709090718416114,0.009628723387089802,0.0008223288740897447,0.9955487097788261,4.4130292166877965
2,1.5182050010586579,1.3458456933361076,0.0817755775677422,16.457795021028378,False,False,1.5669777222890302,0.16192754519628932,0.10333749031208093,0.8802733273294087,0.158598610330236,13.40926911316281,0.01083497695929956,0.0008080214415760905,0.9950690312924787,5.102522103749197
2,1.5182050010586579,1.3458456933361078,0.11040746109061289,12.189807464475196,True,False,1.8493015844483964,0.10903750107960514,0.05896144901218396,0.9251727251059549,0.2690881270333457,13.56672612862739,0.010747374548809377,0.0007921862980731329,0.9997213628585859,0.6482681635728441
2,1.5182050010586579,1.3458456933361078,0.14906415615808105,9.028633898472895,True,False,2.530221401558728,0.08824600109441079,0.0348767902445404,0.9962893769940622,0.8936076691713748,14.74791545635706,0.01140868401810578,0.0007735794290296184,1.0004423661452886,1.571843211812761
2,1.5182050010586579,1.3458456933361078,0.2012556255857059,6.687245086537825,True,False,3.502233492857277,0.0692360224836958,0.019769105236672833,0.9801667709296649,0.003243638641948008,12.35512638220827,0.009649834303323949,0.0007810388987376108,0.9933332297241548,7.535772400863575
2,1.5182050010586579,1.3458456933361078,0.2717207669088465,4.953046867365847,True,False,4.757736365842259,0.05290501056301555,0.011119786069451498,0.9989993425744946,0.9100110902084309,15.870781871974335,0.011575018066607146,0.0007293287854360262,0.9986374237052248,0.86826068295141
2,1.5182050010586579,1.3458456933361076,0.3668576962987294,3.6685769629872937,True,False,6.403579074351869,0.04159412947990689,0.006495450278189434,0.992449649681168,0.16240599118810722,16.04148081849676,0.011175092678691486,0.0006966372247757798,0.9976649563738942,2.351878916401356
2,1.5182050010586579,1.3458456933361076,0.4953046867365847,2.717207669088465,True,False,8.327805178951083,0.03428306735267062,0.004116699012042534,0.9988556176680856,0.7220145731890735,18.36071904953341,0.0123465126314201,0.0006724416727967881,0.9972872433813074,3.0341887310616573
2,1.5182050010586579,1.3458456933361078,0.6687245086537824,2.012556255857059,True,False,10.740695297631756,0.02864902525316914,0.0026673343260641648,1.0006371349042182,1.2388657837122385,21.6455289650556,0.01310074359699587,0.0006052401684498274,0.9988505042208572,0.8992390774170178
2,1.5182050010586579,1.3458456933361076,0.9028633898472894,1.4906415615808106,True,False,13.83947931401641,0.026711999372601505,0.0019301303731526958,0.9983316464594562,0.13562650287760442,23.689363335473253,0.01337126500009207,0.0005644417205619657,0.9990123125604203,0.7498483963881688
2,1.5182050010586579,1.3458456933361076,1.2189807464475195,1.1040746109061288,True,False,14.818983930416783,0.021326800469198444,0.0014391540317028083,0.9964962006407839,1.4346242876243707,23.812748955536456,0.011777122300702105,0.0004945721437996317,0.9979601208003642,3.1245331448794804
2,1.5182050010586579,1.3458456933361076,1.6457795021028379,0.8177557756774221,True,False,15.253154338317698,0.01852052981737211,0.0012142098222166667,0.9991838059405805,0.3277981741826608,26.436854264848296,0.012220252945902505,0.00046224308018942843,1.0007955371946917,2.721036460655692
2,1.5182050010586579,1.3458456933361078,2.222012265112078,0.6056877878071585,True,False,16.464655351349904,0.018091321298237584,0.001098797448970246,1.0024084589499316,3.191904388009546,26.604996445237735,0.011860439019567067,0.00044579742921522066,1.0018558202524799,5.162922733196327
2,1.5182050010586579,1.3458456933361076,2.999999999999996,0.4486152311120365,True,False,18.518028666379916,0.019167111898267763,0.0010350514217026935,1.0059758577806535,6.773488790366159,29.746539901202745,0.01297465273009999,0.00043617351037104603,1.0044093268907832,11.109112052752817
4,2.049549228059748,1.8170633634214732,0.01,181.70633634214732,False,True,0.06873513450968392,0.06309175984152136,0.9178967974905545,0.09168046625470873,0.010433922170168334,3.7908091084755564,0.0037407289172945706,0.0009867890495807306,0.9990337888167152,0.020853358986928115
4,2.049549228059748,1.817063363421473,0.013501275609964631,134.58456933361077,False,False,0.10318359892343248,0.08832849623179184,0.8560323263907098,0.1548129226683961,0.012669205034385624,3.368913049100468,0.0033577331060625827,0.0009966814391244468,0.9986334390802427,0.371111035195037
4,2.049549228059748,1.8170633634214732,0.018228444309622584,99.68285458470345,False,False,0.1406988347740736,0.10617343413952741,0.7546148787231595,0.24905061499113335,0.004857436313069918,2.843925555941206,0.002837946445452213,0.0009978975854425928,0.9992214090111622,0.2197686413957029
4,2.049549228059748,1.8170633634214728,0.024610725056510595,73.83217516953168,False,False,0.1918357912916608,0.11799917238688705,0.6151050937490856,0.37038041972404584,0.02359675878865244,3.5142306600147077,0.003477058975752882,0.0009894225257650931,0.9979600587261015,1.0617493747892863
4,2.049549228059748,1.8170633634214728,0.03322761819490119,54.68533292886767,False,False,0.26121051253369443,0.1324640103169959,0.5071159235978641,0.5565962694207268,0.12563634871997043,3.657825585576221,0.0036208307839737893,0.000989886122031539,0.9987506606825978,0.2621040840920113
4,2.049549228059748,1.8170633634214732,0.04486152311120365,40.503826829893846,False,False,0.34232454779892213,0.11731311469582631,0.3426955953060509,0.6846512127836843,0.07979912337452844,3.536794416076592,0.003515102774110149,0.0009938668637713736,1.0000766144943214,1.0770872811181156
4,2.049549228059748,1.817063363421473,0.06056877878071584,29.99999999999996,False,False,0.4714505344967509,0.09743912810074311,0.206679430758848,0.7499826667695294,0.20968657748137776,3.540028876792529,0.0034999481398460767,0.0009886778502827445,0.9984021027182131,0.6161960959580602
4,2.049549228059748,1.8170633634214728,0.0817755775677422,22.22012265112078,False,False,0.6516722754210303,0.08599321707222972,0.13195776514609509,0.8593741970894838,0.06568797035039108,3.0935627202196465,0.003085978355327928,0.0009975483397048502,0.9991502960282765,0.14820772297096926
4,2.049549228059748,1.8170633634214732,0.11040746109061289,16.457795021028378,True,False,0.8174886502579588,0.06324192581714969,0.0773612279475607,0.9151695810766585,0.09654954004665368,3.913695883715936,0.003833186713525651,0.0009794288640245998,0.9989605540345796,0.06127765231343104
4,2.049549228059748,1.8170633634214726,0.14906415615808105,12.189807464475196,True,False,0.9938169025417575,0.045421715205139976,0.045704309404449354,0.9750719147090153,0.4545791060884637,4.628867035167259,0.004443228327243485,0.0009598954330479995,0.9987097901396996,0.3441150107399091
4,2.049549228059748,1.8170633634214732,0.2012556255857059,9.028633898472895,True,False,1.4066672203036283,0.03671275366068152,0.026099103704682255,0.9747046557807859,0.030796440159894085,4.716400771252138,0.004476128967440179,0.0009490561096341755,0.9980674125722784,1.036325785275683
4,2.049549228059748,1.8170633634214732,0.2717207669088465,6.687245086537825,True,False,1.784628717389524,0.027234527433255058,0.015260612567689999,0.9791676826138457,0.3651036151891505,4.541757913127119,0.004202381056895526,0.0009252763219169637,0.9984329846860058,0.6935646972431797
4,2.049549228059748,1.817063363421473,0.3668576962987294,4.953046867365847,True,False,2.689245064807086,0.02530141339240039,0.009408370298232898,0.9903629417396974,0.024306862381176884,5.968440827597694,0.00533211866630831,0.0008933855290401691,0.9984814115960287,0.6998130757760751
4,2.049549228059748,1.8170633634214728,0.4953046867365847,3.6685769629872937,True,False,3.2780565809434647,0.019668432273442445,0.006000028305729131,0.9893194507900482,0.7800831372334509,7.47858463187125,0.006231629698302432,0.0008332632449922797,0.9985820492132055,0.7016840660089417
4,2.049549228059748,1.817063363421473,0.6687245086537824,2.717207669088465,True,False,4.254869240707739,0.018079048295852242,0.004249025592345828,0.996942172525709,0.28034618577043047,7.714036116546676,0.006086144689509955,0.0007889702093117143,0.9992212586132315,0.012964776644823019
4,2.049549228059748,1.817063363421473,0.9028633898472894,2.012556255857059,True,False,4.213698972198081,0.013447465681368625,0.0031913683844277414,0.9950434300899839,0.5531174446050863,8.436619111402532,0.0061317039645097,0.0007267963485778778,0.997789103039106,2.0419758784149833
4,2.049549228059748,1.8170633634214728,1.2189807464475195,1.4906415615808106,True,False,4.706194412080095,0.012485195619749498,0.002652928146721239,0.9973549870212493,0.002983559121570428,9.195863105169225,0.0063764821138065034,0.0006934076813542518,0.9992995575831639,0.010145165205110397
4,2.049549228059748,1.817063363421473,1.6457795021028379,1.1040746109061288,True,False,5.145970623923834,0.012033268601423973,0.002338386570937813,0.9952041741160221,1.0509123442557786,9.666737317399065,0.006439863302047287,0.0006661878864191584,0.9980052059261542,1.9943415581576
4,2.049549228059748,1.817063363421473,2.222012265112078,0.8177557756774221,True,False,5.292699870559526,0.011508443936057258,0.002174399496951001,0.9978335685840148,0.0036644972450365822,10.21105936791225,0.006643239576927256,0.0006505925915780401,0.999496329298464,0.22582779445005866
4,2.049549228059748,1.817063363421473,2.999999999999996,0.6056877878071585,True,False,6.075041147081911,0.012718479227637027,0.002093562647513298,0.9991832971485753,0.6098980594658622,11.158930614237168,0.007184604491651887,0.0006438434595592323,1.000003583233366,1.0055653797715984
8,2.8745920267492266,3.312223832718382,0.01,331.2223832718382,False,False,0.001323833239671401,0.001275308191671739,0.9633450448700722,0.03676767408741885,0.00011700787593363525,0.21358202934387666,0.00023753545943705067,0.0011121509621701737,0.998860963683305,0.024174195266165974
8,2.8745920267492266,3.3122238327183817,0.013501275609964631,245.3267327032263,False,False,0.00216796675746289,0.00202805608121867,0.9354645656984365,0.06471166441704511,0.00018838780424558293,0.2392804258665141,0.0002661110837781032,0.0011121306007978978,0.9988902544732928,0.002144598924868374
8,2.8745920267492266,3.3122238327183826,0.018228444309622584,181.70633634214732,False,False,0.0023431831055541427,0.002080425861794964,0.8878631195588792,0.11221753607530154,9.08424197429093e-05,0.22597698343349837,0.000250913151351002,0.001110348264405618,0.9988173359792177,0.06512889576617993
8,2.8745920267492266,3.312223832718382,0.024610725056510595,134.58456933361077,False,False,0.003438970896083604,0.0027965041425806925,0.8131805203019977,0.1871167806515449,0.0003656026504818789,0.1882872981595637,0.00020906994338532777,0.0011103773086602574,0.9988854179922351,0.00378673003503609
8,2.8745920267492266,3.312223832718382,0.03322761819490119,99.68285458470345,False,False,0.005135957066347824,0.0036195921435030914,0.7047551404235124,0.2954072473006971,0.00023041722563647206,0.2072876611951387,0.00023041878692920558,0.0011115894964548395,0.9989449221042389,0.05083855224826155
8,2.8745920267492266,3.3122238327183817,0.04486152311120365,73.83217516953168,False,False,0.006988304937260266,0.003961590734436829,0.5668886475337399,0.4326018183753692,0.0008988257096123245,0.23633366126484323,0.00026258493826265746,0.0011110771815462893,0.9988022233033254,0.07803194644688939
8,2.8745920267492266,3.3122238327183817,0.06056877878071584,54.68533292886767,False,False,0.008232635005596182,0.0034576819457644435,0.4199969928721562,0.5799331196501526,0.00016639994780282165,0.22602074016723428,0.00025057219788350067,0.0011086248000873752,0.9988512056411301,0.03623368228760289
8,2.8745920267492266,3.312223832718382,0.0817755775677422,40.503826829893846,False,False,0.013467302454649206,0.003841249972809598,0.2852278684424671,0.7146541471409789,0.00041364968016056446,0.2038276988041355,0.00022534123798788612,0.001105547672421223,0.9989266686307167,0.029140582483617367
8,2.8745920267492266,3.3122238327183826,0.11040746109061289,29.99999999999996,True,False,0.01770745341107428,0.0032185443888000523,0.1817621266074978,0.8181811227095108,0.0003122250165672577,0.2173810744087606,0.0002394630557446145,0.0011015818943572394,0.9989596616441143,0.05559599225936191
8,2.8745920267492266,3.3122238327183817,0.14906415615808105,22.22012265112078,True,False,0.026000920306156788,0.0028898298695573554,0.11114336860119023,0.8893429520242265,0.004375615311440173,0.22524814681231323,0.0002462930901950067,0.0010934300400714464,0.9988935270636018,0.011928423263639677
8,2.8745920267492266,3.3122238327183817,0.2012556255857059,16.457795021028378,True,False,0.030890071658494358,0.0020704819790459826,0.06702742557337601,0.9330121267008253,0.000590090904784023,0.20782368873779755,0.00022421423744737196,0.0010788675670666864,0.9988531139868662,0.06304614963332218
8,2.8745920267492266,3.3122238327183817,0.2717207669088465,12.189807464475196,True,False,0.044251121369490866,0.0018053494515930973,0.040797823777586874,0.9595531836424178,0.008603581943922557,0.19539817464462375,0.00020698220096978547,0.0010592842095184865,0.9990071173655742,0.06268532514292598
8,2.8745920267492266,3.3122238327183826,0.3668576962987294,9.028633898472895,True,False,0.04634091047467926,0.0011904736963086837,0.025689475759419104,0.9742055365754502,0.004086796714482003,0.2528339703820115,0.00025973804857196175,0.0010273067664899568,0.9989907451075755,0.0175720385131589
8,2.8745920267492266,3.3122238327183826,0.4953046867365847,6.687245086537825,True,False,0.05960695051148561,0.0010288660948781195,0.01726084099336483,0.9826849832936313,0.0031386485180064437,0.21894942562908862,0.0002167627806670112,0.0009900130134811054,0.9989694877155605,0.0409078167734944
8,2.8745920267492266,3.312223832718382,0.6687245086537824,4.953046867365847,True,False,0.08046816922255295,0.0010129837138689176,0.012588626330832527,0.9874209323098594,0.0007593076830310075,0.2040762937261106,0.00019379217481306577,0.000949606498994699,0.9990598572215488,0.009965939105229851
8,2.8745920267492266,3.312223832718382,0.9028633898472894,3.6685769629872937,True,False,0.07762668073770286,0.0007734590520327463,0.009963830021873926,0.989919330888809,0.01172632301641188,0.25460213328336284,0.0002329896756930288,0.0009151128181385654,0.9991279744698615,0.04708412683772921
8,2.8745920267492266,3.3122238327183813,1.2189807464475195,2.717207669088465,True,True,0.09524434513781863,0.0008154309273990905,0.008561462900701994,0.991664129799883,0.0263497842835873,0.23285633883614495,0.0002068267170795744,0.0008882159623110499,0.9990993784969526,0.013966806793156981
8,2.8745920267492266,3.312223832718382,1.6457795021028379,2.012556255857059,True,False,0.09586999410960556,0.0007435260081350138,0.007755565388738428,0.992344982452332,0.01296460490373167,0.2078070835823614,0.00018072124475144774,0.0008696587317237499,0.9991357556379645,0.006225855604226363
8,2.8745920267492266,3.312223832718382,2.222012265112078,1.4906415615808106,True,False,0.09608314365818324,0.000704778084878016,0.007335085614863636,0.9923335248750026,0.04517868332204861,0.23480079172061452,0.00020149059870862898,0.0008581342389525638,0.9991343290485696,0.008782673078050626
8,2.8745920267492266,3.312223832718382,2.999999999999996,1.1040746109061288,True,False,0.11385199815699201,0.000807184158515133,0.007089767167740843,0.992468674497966,0.06228107691636401,0.25062360597784195,0.00021350377068917058,0.0008518901077021724,0.9991339199339238,0.016657029170438944
16,4.060321552218873,4.471924684742427,0.01,447.1924684742427,False,False,0.0010537052060569415,0.000996506927449401,0.9457170010371481,0.054199489850929705,8.830243278952276e-05,0.16286576829100288,0.00019116027866804646,0.001173729020370247,0.9988376904581011,0.00972922904128164
16,4.060321552218873,4.471924684742427,0.013501275609964631,331.2223832718382,False,False,0.0012654816386095458,0.0011457906362340288,0.9054186179208195,0.0943351572139919,0.0002719458826180273,0.14584647145750643,0.0001712728895195146,0.0011743368749885482,0.9987959583827171,0.025294907217136946
16,4.060321552218873,4.471924684742426,0.018228444309622584,245.3267327032263,False,False,0.001714302848138316,0.001440500892722578,0.8402837889973297,0.1597542739917296,4.5297778628522725e-05,0.16814868459717072,0.0001975814117101711,0.001175039889152339,0.9988118931133064,0.011120471451562582
16,4.060321552218873,4.471924684742427,0.024610725056510595,181.70633634214732,False,False,0.002894740136235461,0.002151036235783018,0.7430843994792529,0.2568045093237584,0.00014950010667227047,0.17316389123637504,0.0002031720469935846,0.0011732933785615115,0.9988592613098106,0.02774641787583807
16,4.060321552218873,4.471924684742427,0.03322761819490119,134.58456933361077,False,False,0.0034362309549383525,0.0021111994793545697,0.614393941222279,0.38522778067754604,0.0006156930835329899,0.1656118632661601,0.00019435390099131766,0.0011735505969096267,0.9988408918788642,0.0123066494208396
16,4.060321552218873,4.471924684742427,0.04486152311120365,99.68285458470345,False,False,0.004461374051050486,0.0020887746999067635,0.4681908927620484,0.5321867907727843,0.0008066870600680309,0.16418683613296128,0.00019233922757101073,0.00117146558214479,0.9988572908530626,0.024547400833369485
16,4.060321552218873,4.471924684742426,0.06056877878071584,73.83217516953168,False,False,0.006773648666402433,0.0022216820604996934,0.32798897166298635,0.6725632232552655,0.0016835776991277957,0.15464628679171782,0.00018085063288714572,0.0011694469789030285,0.9988088296689874,0.01857574776963132
16,4.060321552218873,4.471924684742425,0.0817755775677422,54.68533292886767,False,True,0.008378835007536972,0.0018005829957092516,0.21489658097928674,0.7853676773519033,0.0012297000258717973,0.16135595105750972,0.00018808280160060816,0.0011656390753977991,0.9988606323001056,0.022538173314580665
16,4.060321552218873,4.471924684742428,0.11040746109061289,40.503826829893846,True,False,0.011360054290848695,0.0015306160913054606,0.13473668805777428,0.8649015065249352,0.002685277651586595,0.17855879251544052,0.0002069717732493846,0.0011591239520254211,0.9988819670232045,0.0354500268570206
16,4.060321552218873,4.471924684742426,0.14906415615808105,29.99999999999996,True,False,0.013961744645101998,0.001166164106594629,0.08352567220198645,0.9166101202669762,0.0016257572717775519,0.15045289739864143,0.0001726590121185483,0.001147595128467811,0.9988378287145053,0.012701480396317102
16,4.060321552218873,4.471924684742426,0.2012556255857059,22.22012265112078,True,False,0.020588570418757564,0.001087702953331625,0.05283042635833787,0.9471448917773653,0.0004671903294774363,0.14810287254422091,0.00016759295238791977,0.001131598256731175,0.9988705441307428,0.0018932403450397852
16,4.060321552218873,4.471924684742427,0.2717207669088465,16.457795021028378,True,False,0.0215894626609459,0.0007541547944793155,0.03493161484947647,0.9649357978928752,0.003795623483763793,0.17200760914783222,0.00019091950224700484,0.001109948002840495,0.9989018366327749,0.010617286202128746
16,4.060321552218873,4.471924684742426,0.3668576962987294,12.189807464475196,True,False,0.028048793896535175,0.0006969515533133493,0.024847826109180498,0.9754520130168165,0.012067016433538968,0.17186555566997092,0.00018648408624614862,0.0010850579426412196,0.998931714288196,0.01545745178963854
16,4.060321552218873,4.471924684742427,0.4953046867365847,9.028633898472895,True,False,0.032460842152717724,0.0006256290362615334,0.01927334581518717,0.9807344190048657,0.00040287867646390715,0.1677746809652193,0.00017786249087468333,0.0010601271291438505,0.998919894444182,0.018845312156856628
16,4.060321552218873,4.471924684742428,0.6687245086537824,6.687245086537825,True,False,0.03286300048241671,0.0005315935524005016,0.01617605040918068,0.9837244728549775,0.006149630677768191,0.1306452068662304,0.0001358794678538444,0.001040064699755678,0.9989649443940095,0.004816136695307046
16,4.060321552218873,4.471924684742427,0.9028633898472894,4.953046867365847,True,False,0.03318473991728282,0.0004806561134625323,0.014484251335421906,0.9856165535124143,0.006959617414881932,0.17198134216340713,0.00017665311633347882,0.0010271644244154857,0.998961240279258,0.011288646735096641
16,4.060321552218873,4.471924684742426,1.2189807464475195,3.6685769629872937,True,False,0.03967438322941751,0.0005379314832782595,0.01355866026114799,0.98644392191939,0.00019044510952789679,0.1517856974583251,0.0001544240586289129,0.0010173821461097296,0.9989750280216962,0.007460158626558244
16,4.060321552218873,4.471924684742426,1.6457795021028379,2.717207669088465,True,False,0.03930611013812571,0.0005104914031478757,0.012987583898634499,0.9869741458607482,0.0029466789909724594,0.15188705108954545,0.00015388699989444732,0.001013167342380772,0.9989690683099931,0.017533478313765328
16,4.060321552218873,4.471924684742427,2.222012265112078,2.012556255857059,True,False,0.04054795870730282,0.0005160740196736635,0.012727496922815915,0.9872225761532182,0.0039227606393243825,0.142880306827853,0.00014430126279149478,0.001009945079172834,0.9990193922546071,0.0290484446971112
16,4.060321552218873,4.471924684742426,2.999999999999996,1.4906415615808106,True,False,0.042653215348532114,0.0005364144132339838,0.012576177642196072,0.9873736568952874,0.00398892763314696,0.15650830219482362,0.00015778334093957815,0.0010081467802466309,0.9989809295157613,0.010835430123918834
32,5.7465318451181275,6.037668767571169,0.01,603.766876757117,False,False,0.0006250779882765974,0.0005908814032975454,0.945292290529482,0.05458525448485977,0.0001295419278088713,0.11684183285581372,0.0001414008899481066,0.0012101906183087652,0.9988305995583024,0.03370557992619237
32,5.7465318451181275,6.037668767571169,0.013501275609964631,447.1924684742427,False,False,0.0009478130206430131,0.0008574821008537105,0.9046954221751243,0.09531897881345855,1.591805178790806e-05,0.10734610857933118,0.00012988619554963802,0.0012099758181140698,0.9987890056985863,0.000841738557301901
32,5.7465318451181275,6.03766876757117,0.018228444309622584,331.2223832718382,False,False,0.001210506182832053,0.0010163067950064606,0.8395717505785464,0.160716038025832,0.00034278023787692144,0.11565873313807784,0.00013987198303641184,0.001209350813737751,0.9987368088566274,0.04452002597041583
32,5.7465318451181275,6.037668767571168,0.024610725056510595,245.3267327032263,False,True,0.0017012505645992982,0.001260915552807195,0.741169807108445,0.25859982333175047,0.0003108188671400556,0.11485821691851672,0.00013879060610467637,0.001208364624040245,0.9987803953934913,0.009301813579134864
32,5.7465318451181275,6.03766876757117,0.03322761819490119,181.70633634214732,False,False,0.0019987849357781537,0.0012252269877250537,0.6129859024818277,0.386649284399832,0.0005951411229251921,0.10915051567912035,0.00013191883235267205,0.0012085955941837764,0.9988084722263514,0.014122027762771517
32,5.7465318451181275,6.03766876757117,0.04486152311120365,134.58456933361077,False,False,0.002815874891625001,0.0013189753507846886,0.46840694332961896,0.5316454656379881,0.00011188768303661529,0.10976857743657932,0.00013250514807195345,0.0012071318693048616,0.9987988020566134,0.004915723020610771
32,5.7465318451181275,6.037668767571169,0.06056877878071584,99.68285458470345,False,False,0.0038311143140552133,0.001263679193266538,0.3298463814119241,0.6699783960136313,0.0005312247892335802,0.12058825051974256,0.00014531245868032585,0.0012050299930052926,0.9987511183970292,0.03639047178911817
32,5.7465318451181275,6.0376687675711675,0.0817755775677422,73.83217516953168,False,False,0.005260009054709909,0.0011537798650650488,0.2193494066387458,0.7807094281154807,0.00026822390417243137,0.11664148149975485,0.00014017689627476358,0.001201775684536879,0.9988183771618527,0.016769224614419816
32,5.7465318451181275,6.037668767571169,0.11040746109061289,54.68533292886767,True,False,0.007591858979851476,0.0010712366838652456,0.141103343292897,0.8592562774970186,0.002548634082816275,0.11527405934492266,0.00013780617483678947,0.0011954656201049213,0.9988154399515566,0.009122446917350974
32,5.7465318451181275,6.037668767571169,0.14906415615808105,40.503826829893846,True,False,0.009928992020622704,0.0009057087196331838,0.091218596787268,0.9090079110441234,0.002483132161301147,0.12803552616774802,0.0001519608727068498,0.0011868649058211823,0.9987804242579076,0.027560707297655702
32,5.7465318451181275,6.037668767571169,0.2012556255857059,29.99999999999996,True,False,0.010397187382907904,0.0006374357606541094,0.06130848057062046,0.9386373660751387,0.0008832930409786412,0.11336449448524834,0.00013316685161845543,0.0011746786524574843,0.998850285150872,0.021251602110485015
32,5.7465318451181275,6.037668767571169,0.2717207669088465,22.22012265112078,True,False,0.014075266520377187,0.000621196382335898,0.044133898383847535,0.9560916335033111,0.005110173708130492,0.11509677001237617,0.00013371217379833385,0.0011617369782310658,0.9988518726421802,0.011714889571847386
32,5.7465318451181275,6.037668767571169,0.3668576962987294,16.457795021028378,True,False,0.013653307075218807,0.0004704083844312267,0.03445380535570266,0.9655932799862276,0.0013666223931963117,0.12313950590056137,0.0001413028283132163,0.0011475019919872209,0.9988207834895975,0.027637876567074973
32,5.7465318451181275,6.037668767571168,0.4953046867365847,12.189807464475196,True,False,0.01652029623971843,0.00047906469007127797,0.028998553241406225,0.9711894808361944,0.006484257198471214,0.11721721076083141,0.00013305362270866596,0.0011351031290118903,0.9988485369097531,0.014412753182567632
32,5.7465318451181275,6.037668767571171,0.6687245086537824,9.028633898472895,True,False,0.016834541617075267,0.0004369746673915136,0.025957027956632357,0.974043994366824,3.938522768591054e-05,0.1327621977879739,0.0001496346738226289,0.0011270879536176474,0.9989012985791978,0.025185729937298337
32,5.7465318451181275,6.037668767571171,0.9028633898472894,6.687245086537825,True,False,0.01906963250487244,0.0004639337117342416,0.02432840337199487,0.9755298610094789,0.005825931786774585,0.142538571256043,0.0001597710227524025,0.001120896760396207,0.9988885218229995,0.008402721578222767
32,5.7465318451181275,6.037668767571168,1.2189807464475195,4.953046867365847,True,False,0.01850941389812147,0.0004335997709797693,0.023425904967405563,0.976582155813671,0.0003440968913795866,0.12728568659677506,0.0001423732421100337,0.0011185330096152453,0.9989291555360942,0.04263490241232385
32,5.7465318451181275,6.037668767571169,1.6457795021028379,3.6685769629872937,True,False,0.01921846649801946,0.00044042280231244575,0.0229166464638494,0.9772247005215479,0.006167873891127311,0.12333121145369505,0.00013770561238504766,0.0011165512019376336,0.9989121780966395,0.025730390623904736
32,5.7465318451181275,6.037668767571169,2.222012265112078,2.717207669088465,True,False,0.018440037504788405,0.00041642899602861944,0.02258287142423021,0.9774002646110084,0.0007467591009330918,0.12450334747808907,0.00013885552160157368,0.0011152754075629203,0.9988941012903344,0.00840751784978445
32,5.7465318451181275,6.037668767571169,2.999999999999996,2.012556255857059,True,False,0.019828392514875372,0.0004447948328750932,0.022432218473656177,0.9775860972187136,0.0008164904595325446,0.13325191182442556,0.00014846914934924156,0.0011141990183590495,0.998841833341693,0.0394612086560358
64,8.13061103779699,8.151623007265384,0.01,815.1623007265384,False,False,0.00041736969442772524,0.00039945612736233765,0.957079856768351,0.04287850068595607,4.3510001176050294e-05,0.09594983048421969,0.00011799530239030255,0.0012297604049410858,0.9987306226603159,0.032215165314643406
64,8.13061103779699,8.151623007265384,0.013501275609964631,603.766876757117,False,False,0.0005688498711462363,0.00052579736538106,0.9243165763957629,0.0754547561802902,0.0002473908072043292,0.09695417873394467,0.00011928942669492263,0.0012303691109825073,0.9987561577231208,0.010950507271500067
64,8.13061103779699,8.151623007265385,0.018228444309622584,447.1924684742427,False,False,0.0008447831684511938,0.0007356928077024626,0.8708658448430796,0.1291485078719144,1.6480971298590526e-05,0.10226032426346492,0.00012580019780696248,0.0012301955691324537,0.9987557015011621,0.011463973744881666
64,8.13061103779699,8.151623007265385,0.024610725056510595,331.2223832718382,False,False,0.0010645727490742284,0.0008389474055855956,0.7880601925186976,0.2118961898773858,5.534806139211837e-05,0.0967648912603691,0.00011894540744709465,0.001229220700791608,0.9987534678524028,0.01408326982627035
64,8.13061103779699,8.151623007265384,0.03322761819490119,245.3267327032263,False,False,0.0015802931713967867,0.001063310186250502,0.6728562810346547,0.32720060207688856,8.453976450331485e-05,0.09783748398401591,0.00012023806761879072,0.0012289570696486275,0.9987702248628598,0.0006656599417568383
64,8.13061103779699,8.151623007265385,0.04486152311120365,181.70633634214732,False,False,0.0020891735540851954,0.0011181310779088795,0.5352025808111884,0.46496872909135323,0.00032008422358829696,0.10329446273279555,0.000126809771146976,0.0012276531364029686,0.9987593397816107,0.010595079017429303
64,8.13061103779699,8.151623007265384,0.06056877878071584,134.58456933361077,False,False,0.0025353649754432687,0.0009977440309669305,0.39353073053811144,0.6066342273102489,0.0004191739947075787,0.0901318310834548,0.00011056942673369072,0.001226752251724614,0.9987407938066069,0.026455171875502597
64,8.13061103779699,8.151623007265384,0.0817755775677422,99.68285458470345,False,False,0.0034769196836913143,0.0009474948823333805,0.2725098560020406,0.7274591992267331,0.00011355468635034515,0.09708981673450601,0.00011883363099611375,0.0012239556628381185,0.9987887995401913,0.010421294999669855
64,8.13061103779699,8.151623007265384,0.11040746109061289,73.83217516953168,True,False,0.004481301937466297,0.0008186196826423974,0.18267452050000457,0.8173100662133593,8.437567863057054e-05,0.09607982821990103,0.00011715256879515833,0.0012193253356680386,0.9988157028110491,0.028727482069138006
64,8.13061103779699,8.151623007265382,0.14906415615808105,54.68533292886767,True,True,0.004965450731940106,0.0006152004203259261,0.12389618859143411,0.876093375091273,8.423436920419465e-05,0.09483502150608719,0.00011508522860691553,0.0012135308958571654,0.9987543966650477,0.02642902558535377
64,8.13061103779699,8.151623007265385,0.2012556255857059,40.503826829893846,True,False,0.007320170664741368,0.0006437326025044891,0.08793956206582966,0.912114463466649,0.0006143484366869947,0.08790493456964107,0.00010603607157435419,0.001206258466529533,0.9987741044659374,0.016279319961546107
64,8.13061103779699,8.151623007265384,0.2717207669088465,29.99999999999996,True,False,0.007630610731666514,0.0005108404606511759,0.06694620897528199,0.9330116358049729,0.0006296879299140297,0.09179366002701016,0.00010999412520237293,0.0011982758413817175,0.9988130655651104,0.009464771048955245
64,8.13061103779699,8.151623007265384,0.3668576962987294,22.22012265112078,True,False,0.008190082985123626,0.00044977196128734634,0.0549166549477346,0.9451598748246269,0.0013935621613212605,0.1017473791185518,0.00012115205973285502,0.0011907143042150863,0.9988216711412818,0.010401693717024112
64,8.13061103779699,8.151623007265384,0.4953046867365847,16.457795021028378,True,False,0.00969368772335658,0.0004672372958963309,0.04820015965343509,0.951641151683705,0.003292285004881303,0.09327328221495526,0.0001105841171658575,0.0011855926428214257,0.9987928362280724,0.018194385091972676
64,8.13061103779699,8.151623007265385,0.6687245086537824,12.189807464475196,True,False,0.00996161966288324,0.0004432525425938558,0.04449603152842748,0.955457214766229,0.0010507387678723838,0.09117067005090483,0.0001077717262763337,0.0011820876847363274,0.998831224527232,0.01126161124951417
64,8.13061103779699,8.151623007265385,0.9028633898472894,9.028633898472895,True,False,0.010036444428342258,0.0004260262867000743,0.04244792961708672,0.9576007799142798,0.001147512536085761,0.09407384119932495,0.00011095365213619153,0.00117943150531189,0.998838321089616,0.01505182356820805
64,8.13061103779699,8.151623007265385,1.2189807464475195,6.687245086537825,True,False,0.009355725343659268,0.0003862385251135906,0.04128365369077013,0.9587525868840524,0.0008778432038615743,0.0902414038588071,0.00010640211844595059,0.001179083146938059,0.998820787459543,0.00010974079237427413
64,8.13061103779699,8.151623007265385,1.6457795021028379,4.953046867365847,True,False,0.009838364026381087,0.0003995157292396097,0.040607943370292866,0.9593763577570688,0.0003865961024989068,0.09033836974515466,0.0001063932696472012,0.0011777196106962915,0.9988208029768765,0.0012544687326906403
64,8.13061103779699,8.151623007265384,2.222012265112078,3.6685769629872937,True,False,0.010137084787236864,0.0004080837217241846,0.040256516571508215,0.9596534028526604,0.002237664445481669,0.09367572735001964,0.00011024762721772221,0.001176907085074254,0.998803414344486,0.016720581164825582
64,8.13061103779699,8.151623007265384,2.999999999999996,2.717207669088465,True,False,0.01051602956056825,0.00042083807003139874,0.04001872261841171,0.9599573309689278,0.00059838023538975,0.10374609253646395,0.0001221556959587136,0.001177448643820288,0.998827307917843,0.004039719003608954
