file,bytes,sha256,git_sha,prereg_sha,cited_by_report,role,mtime_utc
d16_full_M32_unit_H_identity.npz,141055221,feb069bebdd8ec2619bd163eb8f90190eabf126bca3901abc4b37e6a762b3146,33c76325a5,33c76325a5,True,report,2026-09-01T18:46:35Z
d16_rank1_M32_unit_H_identity.npz,564122588,c0f98c0d76f7bd5c88fbdc0f02dd6eab1504e523a4defc6acb2ee4cb941a3f25,33c76325a5,33c76325a5,True,report,2026-09-01T18:20:13Z
d16_rank1_M32_unit_H_identity_coarse.npz,28225798,89bd87f9c69d53775de0c6e7ab0d58f23b27cdd0938a799aceaf349ed8f42c61,33c76325a5,33c76325a5,False,coarse gate M6,2026-09-01T17:55:48Z
d16_rank1_M32_unit_H_identity_eps20.npz,140990937,ecf7d28ee2f70f029706f3655ea39e88181c015e5bb91e7375ed6f2e22c37c9d,33c76325a5,33c76325a5,True,report,2026-09-01T19:18:00Z
d16_rank_r2_M32_unit_H_identity.npz,141037286,30808dc61d95de08ad50906d951d1e49af75c057e0880fd1ee8ca681963a1c4d,33c76325a5,33c76325a5,True,report,2026-09-01T19:10:20Z
d1_full_M32_unit_H_identity.npz,141131270,4ce10b9749bd1b8f1f80858c75c969c823d1e5f1e1bb3d3986c5183b2eccdaee,33c76325a5,33c76325a5,True,report,2026-09-01T18:40:57Z
d1_rank1_M32_unit_H_identity.npz,564523115,2b04efefc862eeb4ea550c5e1ac70eccdf61c90aa76bdb7cfaf7d7128944dd14,33c76325a5,33c76325a5,True,report,2026-09-01T18:00:51Z
d1_rank1_M32_unit_H_identity_coarse.npz,28243143,785988f33a938603f38d8034b93f10120cdbc068d2a2fafbf0c2e84e1cee3dba,33c76325a5,33c76325a5,False,coarse gate M6,2026-09-01T17:55:23Z
d1_rank1_M32_unit_H_identity_eps20.npz,141120062,3f6bb92cf47ebbfb2ad749f26fce9338f39e8b9bbe334521f789e18cc6552d78,33c76325a5,33c76325a5,True,report,2026-09-01T19:14:31Z
d1_rank_r2_M32_unit_H_identity.npz,141120046,87a660aacce6ee9b41a9f6577184a19d782c28f53c3d41f1c891d806a4865e58,33c76325a5,33c76325a5,True,report,2026-09-01T19:06:09Z
d2_full_M32_unit_H_identity.npz,141136510,6f96d029bcfb20fb1ac2a64669c4482f473a905ac83cb268b6b8a8ba41e08ad4,33c76325a5,33c76325a5,True,report,2026-09-01T18:41:51Z
d2_rank1_M32_unit_H_identity.npz,564687487,093ab758a4ca29b46c63efd0cf2e6401a0517a0a638831b5a054a8663d8f35e8,33c76325a5,33c76325a5,True,report,2026-09-01T18:05:11Z
d2_rank1_M32_unit_H_identity_coarse.npz,28255095,72051026a62cefeadbc24a534f3c0d67b88f8671b2a9082db604d69b890b5260,33c76325a5,33c76325a5,False,coarse gate M6,2026-09-01T17:55:28Z
d2_rank1_M32_unit_H_identity_eps20.npz,141170585,d76cb4dc91cf08c00aa37c4d57edc5b000f6bc66bfe32143c4faf45c96575f28,33c76325a5,33c76325a5,True,report,2026-09-01T19:15:21Z
d2_rank_r2_M32_unit_H_identity.npz,141107086,a62972af49e76a5993ac6fd0ccfae1c82d4497a5ae8d809dd366c237232872d7,33c76325a5,33c76325a5,True,report,2026-09-01T19:07:04Z
d32_full_M32_unit_H_identity.npz,141014359,dfe3ee772bbe7faf523e5621d9b3c816b7cb0b4f1d595f47450ef78d246cce0c,33c76325a5,33c76325a5,True,report,2026-09-01T18:50:58Z
d32_rank1_M32_unit_H_identity.npz,564078897,0fa545bfd6dc03d8db7461420cc969d49122c721de19bd9d2760a2d71b629265,33c76325a5,33c76325a5,True,report,2026-09-01T18:26:34Z
d32_rank1_M32_unit_H_identity_coarse.npz,28214336,c9ccc446767158722428fe661dd9486469361439b37daf840097640f011bc708,33c76325a5,33c76325a5,False,coarse gate M6,2026-09-01T17:55:56Z
d32_rank1_M32_unit_H_identity_eps20.npz,141030556,e504dae4d7bc28d7698065af291fe06481b963fbc02d9bcb7de627fcb385b645,33c76325a5,33c76325a5,True,report,2026-09-01T19:19:03Z
d32_rank_r2_M32_unit_H_identity.npz,141020574,657d3afa312455e9309aab4d8eec158f09fc2c50198d7633380097810c0b88b9,33c76325a5,33c76325a5,True,report,2026-09-01T19:11:47Z
d4_full_M32_unit_H_identity.npz,141105840,8cfe8eaf4be14ef1a742adb22e04ee5620ecb55b45622746dc315107a41d12c6,33c76325a5,33c76325a5,True,report,2026-09-01T18:42:42Z
d4_rank1_M32_unit_H_identity.npz,564381363,b2f0936fc8e28f8ababc4746e15e7348099e52d0469603018fcb21d5fdc3e3ae,33c76325a5,33c76325a5,True,report,2026-09-01T18:10:03Z
d4_rank1_M32_unit_H_identity_coarse.npz,28233229,548367e888c93ae9dff921e969685cc4ccf0318aecaf4ead12981fc7124996e8,33c76325a5,33c76325a5,False,coarse gate M6,2026-09-01T17:55:34Z
d4_rank1_M32_unit_H_identity_eps20.npz,141105815,84b8e65117bbeb2eda5744fe081edced3625d0bce66f6e2f6107eb77327662b9,33c76325a5,33c76325a5,True,report,2026-09-01T19:16:10Z
d4_rank_r2_M32_unit_H_identity.npz,141106549,512cd98f76b0d89cfc8438565bc3444066fcd771de6508ac1a29d58f490b88dc,33c76325a5,33c76325a5,True,report,2026-09-01T19:08:01Z
d64_full_M32_unit_H_identity.npz,141020817,a9490e40f58037da3e7e96bfa845b75cfa046f51b4af09db51ea6f012e64a2b4,33c76325a5,33c76325a5,True,report,2026-09-01T19:05:12Z
d64_rank1_M32_unit_H_identity.npz,564018604,12844a11a9427d95806c4ff4dc667aa7dbb0e09a072391ac509b6f04da353a9c,33c76325a5,33c76325a5,True,report,2026-09-01T18:39:53Z
d64_rank1_M32_unit_H_identity_coarse.npz,28210614,4a56debe2bd9faf622b7303bb045fecc2937e574f3d234e90034f68a6d796581,33c76325a5,33c76325a5,False,coarse gate M6,2026-09-01T17:56:06Z
d64_rank1_M32_unit_H_identity_eps20.npz,140968215,fce2d117ea878b8b644a50c9d5929a2d07226a6ed01e38a026826647d8a226cb,33c76325a5,33c76325a5,True,report,2026-09-01T19:20:29Z
d64_rank_r2_M32_unit_H_identity.npz,141001782,f2d83e7bf680425067d2cf151d34209f72bc309fc9213d099a823d3f8100a95d,33c76325a5,33c76325a5,True,report,2026-09-01T19:13:34Z
d8_full_M32_unit_H_identity.npz,141093459,0e74426738d15fb844617ec4acf127d9ba4879cd17ed35b2fd8e97a3d877a40f,33c76325a5,33c76325a5,True,report,2026-09-01T18:44:10Z
d8_rank1_M32_unit_H_identity.npz,564369504,c80048cf354c2d83ace4bf0d0f0f488671f6d323c894c83d6baeeb97841fb7e9,33c76325a5,33c76325a5,True,report,2026-09-01T18:15:08Z
d8_rank1_M32_unit_H_identity_coarse.npz,28243209,85aa721d7d3ae6e560d4d5492054a90b6f70abb3a93fffbdcb5cd1e43a519bfa,33c76325a5,33c76325a5,False,coarse gate M6,2026-09-01T17:55:41Z
d8_rank1_M32_unit_H_identity_eps20.npz,141096454,b68d680ffc5182676149976347613c61d18b3e76a8f8e6d94cf92a52974f3c03,33c76325a5,33c76325a5,True,report,2026-09-01T19:17:04Z
d8_rank_r2_M32_unit_H_identity.npz,141087478,a1ca3f1560ded4ac385a64b1b156f07de89815f7897a88ebc888596dbf5f4080,33c76325a5,33c76325a5,True,report,2026-09-01T19:09:06Z
estep_d16_rank1_M32.npz,27349,96395cdd59d0821f52d20c404749ccc182525c8e41083e08248eab6ba0e70402,33c76325a5,,True,report,2026-09-01T19:21:08Z
estep_d1_rank1_M32.npz,15521,2f04dd72ff125fea06fa5d02333a7116c02c2b7c1329bfb9f031f91e64fdaac5,33c76325a5,,True,report,2026-09-01T19:20:36Z
estep_d2_rank1_M32.npz,27141,96b29748cbff4314c48175cce8548d938d6e8e34e4763f913dbbd0408d497791,33c76325a5,,True,report,2026-09-01T19:20:41Z
estep_d32_rank1_M32.npz,27405,0fcd687793f9e0a504b0b775cc8f6c4de5e7a0875138f89d69806338a3a4185b,33c76325a5,,True,report,2026-09-01T19:21:29Z
estep_d4_rank1_M32.npz,27362,fcf8f9406774d661239e690e5631b32065f2eb256f3b1764287065bfe61c687b,33c76325a5,,True,report,2026-09-01T19:20:47Z
estep_d64_rank1_M32.npz,27376,23a1712a489b245392138297bc0778d5709aff57e92dcbcb54bb5d6daf7771af,98da377f88,,True,report,2026-09-01T20:09:08Z
estep_d8_rank1_M32.npz,27338,a731417758a5bc1d3a568ffc01097467643f37a6f312084efde829a270af12f1,33c76325a5,,True,report,2026-09-01T19:20:55Z
mstar_d16_high.npz,86005,52af9eafc65588589133281e76c5c05c98071f2998db0dd5726e7ecbfb7d412e,7d1b72968b,e4a5a0bd85,False,m_star (docs/prereg_m_star.md),2026-09-01T22:15:53Z
mstar_d16_low.npz,85940,6fcb1cd11363476cb2cd0049eadc49e128a759a4e63bda96249dfc8019910da5,7d1b72968b,e4a5a0bd85,False,m_star (docs/prereg_m_star.md),2026-09-01T22:11:37Z
mstar_d21_high.npz,86253,5b24f7d2284ae3b64d08517d9022c73409fd64899f56b8f768945ee06c14106c,7d1b72968b,e4a5a0bd85,False,m_star (docs/prereg_m_star.md),2026-09-01T22:16:17Z
mstar_d21_low.npz,86252,cd0cdacbc4830515166c3495ec4e10d7e11cd7445cee0e06ab1cd36f322da055,7d1b72968b,e4a5a0bd85,False,m_star (docs/prereg_m_star.md),2026-09-01T22:12:17Z
mstar_d2_high.npz,86717,572a103cd67de44760709ad4e1dd344d480f248b750dfcfc0e036bd9439c7afa,7d1b72968b,e4a5a0bd85,False,m_star (docs/prereg_m_star.md),2026-09-01T22:14:27Z
mstar_d2_low.npz,86422,2684e99e0558a05ae9737f5256e519bd90cbce246f79e75346e1e9f778154c5a,e4a5a0bd85,e4a5a0bd85,False,m_star (docs/prereg_m_star.md),2026-09-01T22:09:28Z
mstar_d32_high.npz,86068,9b7a6aaf94a92ef4136280e1a61c1f8f2465f53cc221afd3dcd1d465d6cae107,7d1b72968b,e4a5a0bd85,False,m_star (docs/prereg_m_star.md),2026-09-01T22:16:41Z
mstar_d32_low.npz,85885,4bd8abbfc481522fc4159cc45a79e1b757b942b9a5c35a99536fbc72a3d8542d,7d1b72968b,e4a5a0bd85,False,m_star (docs/prereg_m_star.md),2026-09-01T22:12:59Z
mstar_d4_high.npz,86250,4e6e4eb3886452f101df9f6c23fbd07df669340350022bb0227325d572b5dd18,7d1b72968b,e4a5a0bd85,False,m_star (docs/prereg_m_star.md),2026-09-01T22:14:57Z
mstar_d4_low.npz,86077,5021b59a5d9d2c45abba0344ec3b8a81aefc45c22bb473ef9591c86083a927a0,7d1b72968b,e4a5a0bd85,False,m_star (docs/prereg_m_star.md),2026-09-01T22:10:10Z
mstar_d64_high.npz,85796,2e2ca0f276a7c221469caa66684ddd6e608539df17a9a7d270ec7f72b56c878f,7d1b72968b,e4a5a0bd85,False,m_star (docs/prereg_m_star.md),2026-09-01T22:17:19Z
mstar_d64_low.npz,85702,e9f8be633b68d24e39c10f74e81a9cab3bdb6b0ec0b739c1d388aab1aec3c039,7d1b72968b,e4a5a0bd85,False,m_star (docs/prereg_m_star.md),2026-09-01T22:13:56Z
mstar_d8_high.npz,86514,6f010504563439c86ea051c7c1af07b9569a9b2574744bf428517e1946bfc105,7d1b72968b,e4a5a0bd85,False,m_star (docs/prereg_m_star.md),2026-09-01T22:15:29Z
mstar_d8_low.npz,86339,69d7e4613ba939cdcafb683c129af92d0786d8bf1a473a84f9cb0879477a557c,7d1b72968b,e4a5a0bd85,False,m_star (docs/prereg_m_star.md),2026-09-01T22:10:58Z
mstar_d8_low_smoke.npz,15924,087ba36fb8cb134ac36f8d11f3159450821fa5e753556910a7ef436d7a7c12bc,8e41e64316,,False,m_star (docs/prereg_m_star.md),2026-09-01T20:56:39Z
