ckpt,c,state,state_source,N_state,z2_dim0,z2_dim1,z2_dim2,z2_dim3,z2_dim4,z2_dim5
PW,0.1,0,PW,-0.084434,-0.684344,-0.045057,-0.225353,0.248458,0.701127,-0.079263
PW,0.1,1,PW,2.851760,0.574598,-0.047412,0.451112,0.818040,0.799706,0.255716
PW,0.1,2,PW,-0.760935,-0.059643,0.446677,2.275795,-2.941723,-0.716179,0.234139
PW,0.1,3,PW,1.717929,2.005929,0.178346,-0.385279,0.620049,-1.135388,0.434271
PW,0.1,4,PW,0.034153,-2.144215,-0.117039,0.112248,1.828914,0.474743,-0.120498
PW,0.1,5,PW,1.299990,2.999555,1.409617,0.157265,-3.802964,1.357907,-0.821389
PW,0.1,6,PW,-0.504001,-0.551621,0.536701,0.756599,-0.269143,-0.460284,-0.516252
PW,0.1,7,PW,7.739201,2.329199,2.843113,3.448051,-0.350097,0.000186,-0.531250
PW,0.1,8,PW,-5.271817,-0.336575,-0.739408,-0.284695,-0.766357,-0.447940,-2.696841
PW,0.1,9,PW,-0.698149,-0.837301,-0.968561,-1.333175,-0.271533,-0.492375,3.204795
PW,0.1,10,PW,0.533003,-0.505434,-0.009146,2.008866,-1.811593,0.456121,0.394189
PW,0.1,11,PW,-3.911202,-0.804077,-1.511533,1.043881,-0.881389,-1.159221,-0.598863
PW,0.1,12,PW,-1.777274,-1.566621,0.165870,-0.228299,-1.459463,1.377541,-0.066301
PW,0.1,13,PW,5.318443,1.717267,0.317090,7.526945,-0.992708,-2.360586,-0.889565
PW,0.1,14,PW,10.052208,0.539147,0.642811,-0.196615,9.317099,0.800038,-1.050272
PW,0.1,15,PW,-1.310317,-3.189055,0.830591,1.121972,-0.666714,0.475185,0.117703
PW,0.1,16,PW,3.459817,-0.378100,-0.040708,0.229638,0.746792,2.847803,0.054392
PW,0.1,17,PW,-5.732774,-0.690082,-0.939621,0.173739,-0.187744,-3.395701,-0.693366
PW,0.1,18,PW,-4.134527,0.027041,-0.167117,-0.365153,-2.245182,-0.758894,-0.625222
PW,0.1,19,PW,-4.364796,-0.515580,-1.652947,-3.028226,-0.743540,0.815296,0.760201
PW,0.1,20,PW,2.683640,0.664286,0.056905,0.547481,-0.265915,1.837452,-0.156569
PW,0.1,21,PW,14.298829,1.747263,-1.091234,-0.517721,19.932422,-3.060034,-2.711867
PW,0.1,22,PW,-1.929663,-0.121009,0.163311,-0.710368,-0.748146,0.446629,-0.960081
PW,0.1,23,PW,3.265049,0.712866,0.926225,0.401748,0.000893,1.311683,-0.088366
PW,0.1,24,PW,0.715027,0.218049,0.685688,1.127501,-0.673930,0.281099,-0.923380
PW,0.1,25,PW,2.708745,2.287494,0.793151,0.469023,0.904057,-1.164416,-0.580564
PW,0.1,26,PW,-0.170068,1.427249,0.230817,-0.414313,-2.350680,1.015864,-0.079004
PW,0.1,27,PW,-147.655265,-75.715604,0.524356,-64.765600,33.891037,-23.836319,-17.753136
PW,0.1,28,PW,27.398807,0.338257,4.158112,4.309248,11.920964,-0.743525,7.415751
PW,0.1,29,PW,-1.990944,1.049822,-3.229284,-0.457778,-0.335604,0.411165,0.570734
PW,0.1,30,PW,-1.995103,-0.456636,-1.437214,1.659352,-2.268601,-0.024682,0.532677
PW,0.1,31,PW,-0.562412,1.775547,1.858667,-0.616191,1.036916,-3.585425,-1.031926
PW,0.1,32,WML,33.042609,-0.460689,9.582833,7.181470,-0.151011,9.670629,7.219377
PW,0.1,33,WML,3.739458,2.778193,0.345750,-2.776108,2.446603,-0.620222,1.565242
PW,0.1,34,WML,7.620905,0.656940,0.306203,1.203692,4.517723,3.571503,-2.635156
PW,0.1,35,WML,-164.152242,33.912916,-58.123607,-45.077752,-7.497358,-37.824814,-49.541628
PW,0.1,36,WML,-0.028343,0.289261,0.028817,0.247808,0.009523,-0.549930,-0.053822
PW,0.1,37,WML,-5.515722,-4.505058,0.676707,-0.035620,-3.302827,1.879635,-0.228558
PW,0.1,38,WML,-58.662266,-4.354083,-33.923704,-6.909719,19.837326,-50.517888,17.205801
PW,0.1,39,WML,0.273153,0.757646,0.731942,-4.595121,-0.122354,1.531671,1.969369
PW,0.1,40,WML,0.159528,0.584216,-1.496942,-0.215871,1.803453,-0.366582,-0.148746
PW,0.1,41,WML,-11.985529,-1.214432,-11.221075,1.305714,0.044789,-0.308940,-0.591585
PW,0.1,42,WML,271.208480,88.050493,22.891707,-1.376221,75.680560,46.112470,39.849471
PW,0.1,43,WML,-1.364415,-1.653495,-3.501812,-0.344665,1.684673,1.671140,0.779745
PW,0.1,44,WML,0.025420,-0.805461,0.979973,-3.663239,2.862009,-1.215847,1.867986
PW,0.1,45,WML,0.229066,-0.419875,0.148824,0.604945,-1.355642,0.159043,1.091770
PW,0.1,46,WML,5.081715,0.100688,1.225378,-0.540629,-0.968147,1.709377,3.555048
PW,0.1,47,WML,-297.212073,2.428899,-65.651294,17.443396,-63.096486,-184.696996,-3.639591
PW,0.1,48,WML,0.514817,-0.548495,1.799824,1.034305,-0.559515,0.146416,-1.357718
PW,0.1,49,WML,3.691723,0.360623,-1.292891,2.080046,5.800894,-3.956642,0.699693
PW,0.1,50,WML,1.117190,21.619612,-55.938873,2.105645,21.033789,-19.822822,32.119839
PW,0.1,51,WML,-4.302729,1.320005,-12.371885,-2.040979,2.080366,5.064777,1.644988
PW,0.1,52,WML,-2.062078,-0.031323,1.243225,-0.415085,-1.248353,-0.011178,-1.599363
PW,0.1,53,WML,-0.455122,1.600520,6.604747,0.359787,-6.487395,-3.791442,1.258661
PW,0.1,54,WML,41.546034,66.006241,-11.696561,-24.304438,27.626924,-32.248042,16.161908
PW,0.1,55,WML,0.468512,0.050015,0.024301,0.008164,0.004573,0.055733,0.325726
PW,0.1,56,WML,-2.005587,-1.913684,-0.289745,0.629447,0.562126,-0.557516,-0.436214
PW,0.1,57,WML,-28.966594,-11.409797,23.121738,37.920800,-22.469915,-19.401354,-36.728067
PW,0.1,58,WML,6.770965,-0.951954,6.518315,1.234609,-2.725112,9.635351,-6.940243
PW,0.1,59,WML,-2.574206,-0.283974,-1.855965,1.508593,-4.186973,-0.167365,2.411478
PW,0.1,60,WML,1.493641,2.762048,3.539116,1.957832,-0.215490,-3.578978,-2.970887
PW,0.1,61,WML,-7.243700,-1.719651,-0.066851,-5.138664,0.327910,-0.762328,0.115884
PW,0.1,62,WML,53.426881,-54.176225,-31.165010,23.177183,158.687934,-47.596462,4.499462
PW,0.1,63,WML,-10.241013,-1.833487,-1.043804,-2.733399,3.500789,-8.091293,-0.039819
PW,0.05,0,PW,-1.594613,-0.735530,-0.496696,7.300877,-3.039798,-3.084745,-1.538721
PW,0.05,1,PW,-11.573135,0.422256,1.928441,0.115299,-4.756072,1.401356,-10.684415
PW,0.05,2,PW,-4.889230,-6.900741,1.357481,3.953729,-1.934673,-2.232835,0.867808
PW,0.05,3,PW,-1.677695,-2.062551,-1.564383,-2.698638,0.806625,1.614049,2.227202
PW,0.05,4,PW,10.089151,5.878153,0.266432,-2.294440,3.678824,1.717431,0.842751
PW,0.05,5,PW,5.327568,0.949476,2.273038,1.483958,1.107989,3.790692,-4.277585
PW,0.05,6,PW,6.262100,2.959002,5.825247,-2.727973,-0.195038,0.135028,0.265835
PW,0.05,7,PW,4.836522,6.618622,-0.078092,-3.051031,-1.896127,4.161922,-0.918772
PW,0.05,8,PW,6.043163,2.835926,-0.846315,1.872989,1.971192,0.370179,-0.160808
PW,0.05,9,PW,-89.777830,-4.265843,-7.278466,-13.940168,-68.795728,-8.042909,12.545284
PW,0.05,10,PW,5.116020,0.779310,-1.722656,6.783308,-1.830149,1.654167,-0.547961
PW,0.05,11,PW,-13.172592,-1.630010,-9.609772,6.761644,-4.398777,-7.246821,2.951143
PW,0.05,12,PW,-4.026587,-1.478886,-2.555097,0.660971,0.307243,-0.455896,-0.504922
PW,0.05,13,PW,-5.530660,-9.478679,-0.832819,-3.571029,4.896959,6.587008,-3.132099
PW,0.05,14,PW,-7.822035,-2.902018,-1.210579,1.268123,-0.045905,-2.645235,-2.286421
PW,0.05,15,PW,1.217535,-5.063200,7.548886,-0.911848,-0.272692,0.194679,-0.278291
PW,0.05,16,PW,1.435798,1.329417,5.310951,0.269160,2.329687,-2.181964,-5.621452
PW,0.05,17,PW,5.072847,2.308671,4.259262,-1.535005,-1.447989,0.785190,0.702717
PW,0.05,18,PW,-3.329493,-5.833727,4.759500,3.014099,-5.556149,1.272891,-0.986106
PW,0.05,19,PW,9.976152,1.717968,-0.665442,2.928204,3.397040,0.528924,2.069458
PW,0.05,20,PW,8.317881,-3.382310,5.903502,0.228194,-1.297451,5.961145,0.904801
PW,0.05,21,PW,-71.001288,-4.966368,-1.679466,-1.124585,-16.339073,-4.161811,-42.729985
PW,0.05,22,PW,4.953446,-1.768647,3.087452,1.132581,6.119266,-0.813247,-2.803959
PW,0.05,23,PW,-6.078564,1.834293,-3.389696,0.025704,6.969510,-0.840012,-10.678362
PW,0.05,24,PW,-3.923867,3.119992,0.678216,8.734583,-2.933227,-6.283115,-7.240315
PW,0.05,25,PW,0.443164,-0.509647,3.279150,-4.779022,-1.158046,1.816843,1.793886
PW,0.05,26,PW,5.520552,0.236793,-1.992054,-1.192859,-0.946482,5.057168,4.357987
PW,0.05,27,PW,605.314404,-25.821159,187.474199,141.003003,123.235882,46.598384,132.824095
PW,0.05,28,PW,4.452278,39.650974,1.771956,-20.689032,-10.097168,-11.726053,5.541601
PW,0.05,29,PW,-4.506170,3.361170,-5.148403,1.921649,-2.734501,-5.154032,3.247946
PW,0.05,30,PW,-8.633750,-2.126060,3.998647,0.440932,0.429953,-6.056541,-5.320681
PW,0.05,31,PW,-43.038888,11.862276,4.935523,2.540551,-83.206638,-1.728839,22.558239
PW,0.05,32,WML,-158.791723,-18.931468,0.371928,29.527222,-176.773418,-12.702773,19.716785
PW,0.05,33,WML,23.367217,11.009617,-1.552025,9.996790,-0.571651,-2.762355,7.246841
PW,0.05,34,WML,23.925091,-0.652773,-6.034536,16.330194,-1.295231,13.716291,1.861145
PW,0.05,35,WML,-682.688071,-142.419654,-166.751236,56.174124,-319.784021,28.167859,-138.075142
PW,0.05,36,WML,-1.559536,-0.268955,0.023177,-0.154146,-0.390746,-1.019750,0.250884
PW,0.05,37,WML,-36.351497,-0.313576,-1.988639,-8.121619,-10.348665,-8.048623,-7.530376
PW,0.05,38,WML,7.020707,-24.057694,10.038859,-77.683007,-15.501525,9.902137,104.321937
PW,0.05,39,WML,69.725939,16.160094,18.886665,14.644254,6.132621,13.012103,0.890202
PW,0.05,40,WML,19.206306,1.195765,-0.254342,6.452149,3.564057,7.018596,1.230081
PW,0.05,41,WML,27.876411,5.194941,14.262148,-0.272974,1.796053,8.644040,-1.747797
PW,0.05,42,WML,-192.591873,156.538994,132.197378,-103.265584,-380.669162,-12.412050,15.018552
PW,0.05,43,WML,-14.300234,-1.595755,0.180376,-1.844941,-8.232070,-4.501385,1.693541
PW,0.05,44,WML,-15.059769,-14.777162,-1.854513,3.991488,3.873216,-3.434794,-2.858004
PW,0.05,45,WML,1.715745,4.303947,-3.612692,0.360856,0.745576,3.563177,-3.645120
PW,0.05,46,WML,66.125414,4.116021,-4.460403,66.113549,-26.910219,8.156304,19.110162
PW,0.05,47,WML,189.884036,150.148172,-424.678935,252.022855,77.417673,156.326335,-21.352063
PW,0.05,48,WML,-38.506303,-6.440848,-3.684307,-7.278667,1.650207,-20.547248,-2.205439
PW,0.05,49,WML,6.031559,1.327398,-0.110019,-4.638245,4.128153,4.850100,0.474171
PW,0.05,50,WML,56.796497,69.501738,-12.589829,3.920801,-1.854262,-128.181048,125.999096
PW,0.05,51,WML,-16.581933,11.047930,-25.848102,-10.666656,-1.690498,7.759668,2.815725
PW,0.05,52,WML,51.012079,20.052493,-0.583878,2.316407,13.853887,-5.052287,20.425456
PW,0.05,53,WML,5.370719,8.134779,-0.214867,-33.657448,7.777011,12.690862,10.640382
PW,0.05,54,WML,85.627792,-235.535135,33.516437,48.160234,66.577242,89.776728,83.132285
PW,0.05,55,WML,0.516891,0.061250,0.027264,0.003896,0.010522,0.058532,0.355427
PW,0.05,56,WML,1.557872,2.574790,-4.489309,7.449443,-0.483815,-5.734032,2.240794
PW,0.05,57,WML,-243.266231,-124.127176,130.229536,-275.394775,-21.364560,26.672403,20.718342
PW,0.05,58,WML,-35.501526,-57.714738,-1.117445,-11.828144,32.437380,-1.423506,4.144927
PW,0.05,59,WML,28.312012,35.629338,6.498090,-1.528807,0.470935,17.117677,-29.875222
PW,0.05,60,WML,28.149270,-3.426909,-13.700339,64.980836,-21.863434,-13.715088,15.874204
PW,0.05,61,WML,4.516641,0.256864,14.837705,-4.573347,-3.867928,-4.373639,2.236988
PW,0.05,62,WML,105.613381,203.108192,-97.065381,211.452860,-99.082619,-65.459199,-47.340472
PW,0.05,63,WML,-39.754623,8.443614,-29.818219,1.784755,-5.361936,0.765024,-15.567861
WML,0.1,0,PW,-5290.934765,-1517.960032,0.000000,-2634.773001,-586.823608,-1785.296401,1233.918277
WML,0.1,1,PW,3671.953809,1639.204910,0.000000,4835.131217,-2497.488528,0.000002,-304.893793
WML,0.1,2,PW,-13805.835672,-663.145904,-1474.045776,-2977.794182,-5597.117327,0.000068,-3093.732552
WML,0.1,3,PW,20249.150139,930.184319,2510.448137,-1782.957217,0.000003,11059.235183,7532.239715
WML,0.1,4,PW,25859.727898,23434.257030,-168.488690,-371.778303,2259.844642,0.000000,705.893218
WML,0.1,5,PW,3209.036301,76.953940,1984.130306,969.732922,699.318545,229.931201,-751.030612
WML,0.1,6,PW,8699.075699,650.433040,7632.370428,-655.607155,-355.826047,0.000000,1427.705433
WML,0.1,7,PW,1207.103173,695.009056,2578.814546,1343.639846,-594.771610,-1151.933317,-1663.655349
WML,0.1,8,PW,3118.840898,1151.195443,0.000000,-14.716126,383.198233,483.567963,1115.595384
WML,0.1,9,PW,1581.842939,-148.886203,-304.369965,655.196743,1777.615974,301.937963,-699.651574
WML,0.1,10,PW,-15406.347808,-4789.695078,-895.125886,-2101.942429,-191.156647,-1427.355980,-6001.071788
WML,0.1,11,PW,-6814.682085,529.210329,11932.966629,-5334.049140,-10979.129475,-11618.038014,8654.357586
WML,0.1,12,PW,-22688.610317,0.000000,0.000000,165.165673,-2983.219041,-2781.503269,-17089.053680
WML,0.1,13,PW,1525.702728,46.332418,918.782138,0.000000,-551.609647,541.881208,570.316612
WML,0.1,14,PW,5654.435698,408.206436,2481.143584,1436.190110,-65.399124,-8.856366,1403.151059
WML,0.1,15,PW,25888.307675,341.286798,1961.036568,-11180.880571,1049.052832,0.000000,33717.812048
WML,0.1,16,PW,29962.701543,27376.764086,2850.047675,-9134.137591,-2934.614197,2190.895254,9613.746316
WML,0.1,17,PW,1800.420278,-181.273952,-38.326868,212.730953,195.754225,1320.458733,291.077187
WML,0.1,18,PW,13721.125663,23841.810535,2505.919906,-228.887407,-9933.442282,1990.737096,-4455.012184
WML,0.1,19,PW,57435.224302,19839.853398,-190.025606,14057.600908,5907.143928,17314.713024,505.938649
WML,0.1,20,PW,9893.559004,-129.303502,4115.058420,-49.305331,443.825059,4564.022053,949.262304
WML,0.1,21,PW,228.414612,249.435629,-231.696719,913.369429,0.000000,-702.693726,0.000000
WML,0.1,22,PW,-5826.469486,-3672.157324,1102.223079,-1901.033602,0.000003,935.759423,-2291.261064
WML,0.1,23,PW,3697.930773,5142.321467,1876.179083,201.768218,-6119.785983,436.218060,2161.229928
WML,0.1,24,PW,-58156.849188,-1750.675805,48893.383738,-8294.861247,-63632.134322,-11654.723413,-21717.838138
WML,0.1,25,PW,-3341.682638,249.893693,-780.490669,-423.601764,-802.071031,-1171.804078,-413.608788
WML,0.1,26,PW,-3082.012175,-2880.045659,0.000000,1451.563688,773.301495,-1405.883746,-1020.947953
WML,0.1,27,PW,-1899.707461,-2167.526050,59.453860,0.000000,-197.737954,28.545312,377.557371
WML,0.1,28,PW,3977.890557,1245.200583,-842.613008,2571.994534,-3172.661059,-947.100730,5123.070238
WML,0.1,29,PW,-747.060117,-712.289804,3189.469736,-2088.700872,104.449250,-213.775054,-1026.213372
WML,0.1,30,PW,-1074.070927,-245.322500,-141.835533,0.000000,-410.034418,-88.791336,-188.087141
WML,0.1,31,PW,-2917.271144,-127.031533,0.000037,8707.655458,-6841.898594,20968.831440,-25624.827952
WML,0.1,32,WML,5219.709802,0.000000,0.000000,-587.326852,6570.499274,-1112.380670,348.918049
WML,0.1,33,WML,196283.410058,-2171.347767,12304.842217,6533.989493,61866.753902,101860.967444,15888.204769
WML,0.1,34,WML,87137.109113,-6017.387565,21543.488532,-903.425548,72847.273895,0.000000,-332.840201
WML,0.1,35,WML,-4315.963993,-1347.683791,-97.129305,-514.819359,-2443.026057,-594.929207,681.623726
WML,0.1,36,WML,97.637873,-1070.361335,1171.620901,0.000000,-1494.053094,3019.948818,-1529.517417
WML,0.1,37,WML,-2144.377112,-23.336192,52.396143,8.452371,-579.974747,542.985480,-2144.900167
WML,0.1,38,WML,-3545.301561,-4022.655922,93.471938,-358.328075,-1449.870645,128.615225,2063.465919
WML,0.1,39,WML,-1819.634177,-250.099078,858.131992,0.000000,0.000000,-209.053834,-2218.613256
WML,0.1,40,WML,-10053.415553,1674.431028,-110.489136,-9624.737462,-897.567840,-918.614923,-176.437220
WML,0.1,41,WML,-1335.035386,-207.863450,317.224350,-751.623963,211.421394,-1065.973170,161.779455
WML,0.1,42,WML,849.078241,124.266647,-180.346641,33.937088,83.886196,418.691978,368.642973
WML,0.1,43,WML,-426.721700,-351.916390,-1051.043382,290.300379,155.350559,296.406165,234.180968
WML,0.1,44,WML,-539.685823,-622.363102,757.187265,-61.808134,-71.288323,-470.827730,-70.585798
WML,0.1,45,WML,6306.136360,-294.613638,498.531150,-290.875069,3682.861754,743.333353,1966.898810
WML,0.1,46,WML,-952.825797,990.904375,540.555545,-1354.214778,0.000000,-1816.461646,686.390707
WML,0.1,47,WML,12761.260673,1445.426626,-2037.568582,-164.349226,-973.919155,6455.084183,8036.586828
WML,0.1,48,WML,4933.468520,258.044636,759.678967,24.456965,-661.518532,155.806136,4397.000348
WML,0.1,49,WML,-1034.777181,-1113.378690,0.000000,134.721012,3.423334,5.051905,-64.594743
WML,0.1,50,WML,-1821.012975,0.000000,-880.600657,547.710036,-1263.445630,-1488.661978,1263.985254
WML,0.1,51,WML,-3034.818673,71.400114,-1424.862056,-2871.593229,19.345986,1986.964180,-816.073670
WML,0.1,52,WML,-80.591877,481.759654,-647.748782,647.433501,-996.117522,860.125203,-426.043930
WML,0.1,53,WML,-4885.147065,-2135.208894,86.346577,-128.838183,-1717.494495,-1272.475819,282.523747
WML,0.1,54,WML,172.902342,310.974437,-653.941102,1178.248704,378.726861,349.287174,-1390.393731
WML,0.1,55,WML,-5502.196036,-1368.296739,1218.004076,4453.464533,-2123.126178,-400.626502,-7281.615226
WML,0.1,56,WML,-2875.338545,120.806788,-2800.895204,-7.055091,-627.128268,0.000000,438.933230
WML,0.1,57,WML,-4091.656976,-2070.011768,0.000028,2347.632401,422.740346,84.891556,-4876.909538
WML,0.1,58,WML,8702.886964,766.608563,7722.273035,0.257505,-140.915485,0.000000,354.663347
WML,0.1,59,WML,1340.843663,970.579538,-101.667188,-30.326018,572.101824,-49.492304,-20.352189
WML,0.1,60,WML,1448.764088,902.737315,176.561627,16.966256,259.824273,-889.968795,982.643412
WML,0.1,61,WML,-870.344899,-479.128858,-721.880031,0.000000,-798.421189,1211.888339,-82.803161
WML,0.1,62,WML,26829.051436,17065.666762,195.767165,6083.124794,1605.068335,1853.771196,25.653183
WML,0.1,63,WML,741.105442,249.044117,25.073155,0.000000,-42.136969,0.000005,509.125133
WML,0.05,0,PW,6797.617677,1197.121707,0.000000,-8192.474218,7495.311955,4198.486236,2099.171997
WML,0.05,1,PW,-42926.575722,-6413.150300,0.000000,-34183.718753,-6361.513865,0.000002,4031.807195
WML,0.05,2,PW,-5774.624910,-3522.461125,6672.027543,-2157.814931,-4150.080727,0.000066,-2616.295735
WML,0.05,3,PW,55126.926431,-6648.385619,1889.891737,223.415889,0.000003,57652.596570,2009.407852
WML,0.05,4,PW,-56227.083568,-41168.974167,-673.954760,-2675.381509,-6960.019734,0.000000,-4748.753399
WML,0.05,5,PW,-14565.262005,592.127421,-7039.761554,-15113.803404,4734.269416,702.545644,1559.360473
WML,0.05,6,PW,-22977.454110,-802.638264,-3935.321871,436.924091,-16508.744943,0.000000,-2167.673123
WML,0.05,7,PW,-3283.395065,545.695854,-2601.296797,-2463.222550,-7182.712062,2162.738449,6255.402041
WML,0.05,8,PW,-129.840819,5507.145634,0.000000,4593.743489,-3398.513173,-5456.186661,-1376.030108
WML,0.05,9,PW,-24789.591009,-5127.339047,-443.891651,-4408.923384,-5138.562159,592.978914,-10263.853682
WML,0.05,10,PW,27752.047507,4183.589770,2285.049079,10157.515686,3537.484303,4914.324844,2674.083825
WML,0.05,11,PW,-6821.754286,15642.179209,2799.546181,2073.322595,13460.867433,-40723.776525,-73.893180
WML,0.05,12,PW,76922.027365,0.000000,0.000000,0.000000,92245.271418,-22152.185004,6828.940951
WML,0.05,13,PW,-3003.542780,276.228065,-115.278976,0.000000,292.439117,-2449.314292,-1007.616693
WML,0.05,14,PW,15239.195376,-1535.153954,-4389.140537,-3898.536931,12140.515907,-7209.825871,20131.336762
WML,0.05,15,PW,-40733.700094,38014.641566,-23676.612721,-17709.725987,21694.380360,0.000000,-59056.383312
WML,0.05,16,PW,-18231.971029,3399.027755,7329.771426,6634.981621,-46086.487686,-663.496790,11154.232644
WML,0.05,17,PW,-7893.866917,93.452013,144.879353,-3677.059051,-3855.477737,-1527.831799,928.170304
WML,0.05,18,PW,33053.885251,-5468.115245,8035.398527,-996.997223,17696.365431,-15668.305901,29455.539662
WML,0.05,19,PW,165241.836518,16699.910252,24060.825901,-13554.855122,32563.117319,12944.767405,92528.070763
WML,0.05,20,PW,-16799.493192,-1158.344413,-20742.777948,0.000024,-10808.186339,12293.071137,3616.744347
WML,0.05,21,PW,-9520.124649,-10378.204627,1179.955699,0.000005,0.000000,-321.875726,0.000000
WML,0.05,22,PW,-14231.405808,-10933.916158,11982.097740,699.686039,0.000003,1789.606196,-17768.879628
WML,0.05,23,PW,-4326.418942,2885.653555,-2588.791492,-3078.918345,-3266.678827,-1311.270411,3033.586579
WML,0.05,24,PW,168591.414423,9854.755904,173754.486786,-7626.613755,19416.050176,17224.629844,-44031.894532
WML,0.05,25,PW,20042.708464,3072.300389,13224.083561,5362.353550,-1459.416903,-5862.141745,5705.529612
WML,0.05,26,PW,-12770.357184,278.054151,0.000000,-3979.921084,-8934.291375,-141.599219,7.400344
WML,0.05,27,PW,202.485909,1093.062916,2271.553688,0.000000,-416.717856,-1223.534464,-1521.878375
WML,0.05,28,PW,-6446.422405,2748.901144,-4950.086227,11806.066207,-4063.909573,7284.773916,-19272.167872
WML,0.05,29,PW,7067.192534,6797.003149,-1876.590621,-11004.495026,-3743.366093,-2781.777423,19676.418548
WML,0.05,30,PW,-4822.921059,-3067.275566,-421.709462,0.000000,-626.326762,-234.982546,-472.626724
WML,0.05,31,PW,-183850.769949,-130724.557666,0.000035,-94684.051953,73728.669738,23119.779943,-55290.610045
WML,0.05,32,WML,-10020.927649,0.000000,0.000000,-19262.950327,-271.852544,-210.864428,9724.739650
WML,0.05,33,WML,517860.478223,209266.857380,1402.498560,3379.707084,247467.009984,56344.405216,0.000000
WML,0.05,34,WML,37824.323832,-9997.500238,20635.400578,-3613.702191,33077.527022,0.000000,-2277.401340
WML,0.05,35,WML,-3698.985440,284.697856,1488.851439,-2198.584995,-2484.151353,-346.454895,-443.343493
WML,0.05,36,WML,22280.224218,-24043.324976,569.047461,0.000000,31213.766746,9672.721850,4868.013137
WML,0.05,37,WML,-9745.940112,-3128.447170,0.000000,0.000000,-274.037605,-6895.327351,551.872012
WML,0.05,38,WML,5504.905665,2715.906271,1567.198458,-871.903865,-954.241621,-12.498397,3060.444819
WML,0.05,39,WML,-1405.775893,-2677.619039,-581.648459,0.000000,0.000000,1292.237060,561.254546
WML,0.05,40,WML,-8866.044471,-9028.295081,-3306.057777,-4612.489750,8556.597932,604.492593,-1080.292389
WML,0.05,41,WML,12924.806808,2696.987772,2654.052906,-6205.071546,9718.042190,4924.832655,-864.037168
WML,0.05,42,WML,-13465.351588,-7420.237225,-461.417068,-78.721317,-3755.098059,-2125.193955,375.316036
WML,0.05,43,WML,-6418.242812,521.394825,-3897.679280,-275.983074,-2100.772345,-686.543749,21.340812
WML,0.05,44,WML,951.140866,1829.220047,-4367.538328,77.125910,1470.698907,1952.507338,-10.873007
WML,0.05,45,WML,28811.289158,-11999.008447,2105.489625,-1776.225237,38042.740447,-820.290453,3258.583223
WML,0.05,46,WML,-8561.803469,-6343.464341,-1497.761013,-1160.494210,0.000000,-6722.094775,7162.010870
WML,0.05,47,WML,44533.744345,14290.980709,326.156351,32.468816,-281.919050,27207.264974,2958.792546
WML,0.05,48,WML,-965.794720,-2848.660935,-1239.364984,-172.884187,-631.954219,4280.124284,-353.054678
WML,0.05,49,WML,1303.708759,1890.159030,0.000000,-5839.641490,-31.652987,-380.192827,5665.037033
WML,0.05,50,WML,-4616.325262,0.000000,-3091.574594,-773.770942,354.858764,-467.639043,-638.199447
WML,0.05,51,WML,18115.276579,-3440.576153,329.471957,-7860.043286,-226.089105,24827.011250,4485.501916
WML,0.05,52,WML,-16333.564467,-3957.833472,381.018255,5015.696719,-1522.651102,-14118.147997,-2131.646871
WML,0.05,53,WML,-3214.728523,-1488.105835,-901.633542,2462.815898,-1104.333683,-7344.642457,5161.171098
WML,0.05,54,WML,7321.155529,198.309891,1600.091748,-738.283769,445.380147,3696.105077,2119.552436
WML,0.05,55,WML,-42189.687589,2691.809358,-8401.251947,7738.572976,-20320.903161,-11758.814499,-12139.100316
WML,0.05,56,WML,-3546.441430,-3516.438487,137.761929,-253.215759,41.593269,0.000000,43.857618
WML,0.05,57,WML,-13599.946231,-21212.042394,0.000027,3277.208191,4725.038115,30.981159,-421.131329
WML,0.05,58,WML,10046.528223,79.764159,2069.390498,1497.098469,6462.864025,0.000000,-62.588928
WML,0.05,59,WML,-3596.258582,737.637874,-793.052279,177.986599,-771.232956,-163.019641,-2784.578180
WML,0.05,60,WML,-9431.296144,-3950.499596,964.034949,894.683331,-191.724941,-6032.440478,-1115.349409
WML,0.05,61,WML,13979.586390,-2056.489724,796.109158,0.000000,-1471.220198,17503.018801,-791.831648
WML,0.05,62,WML,58518.893469,1287.052460,19570.239930,-12554.374445,10874.748774,36654.612987,2686.613764
WML,0.05,63,WML,-4194.854883,-929.470826,-1117.254109,0.000000,-2032.026244,0.000004,-116.103709
