run,J,d,r_eff,var_zo,var_pw,e2,g2,mean_g2,mean_e2,r_rms2,ratio,product_rms,product_nom,product_inf,pw_over_pred,zo_over_pred,r_rms_over_r_nom
j8,1,16,0.5,1.493175501276482,0.39168144543726596,0.5005438907606432,12.48640273098392,0.17511234079787308,0.01134237209996134,0.24945670023080632,3.812219135398483,0.9509836060732431,0.9530547838496207,0.9530547838496207,1.0037964115069717,0.9545939311782808,0.9989128094699884
j8,1,16,0.75,1.5129889908819212,0.8841429172804478,0.5000225723887533,28.123730303132632,0.0063209269619105965,9.630061865894323e-05,0.5624492144180092,1.7112493481661915,0.9624908515494047,0.9625777583434827,0.9625777583434827,1.0060035794690754,0.9682692418649393,0.9999548562414732
j8,1,16,1.0,1.5126987047544944,1.5671516732581687,0.49982682395006106,50.0173176049939,0.00431717153217861,2.7788233456931896e-05,1.0006929442024357,0.9652535428236729,0.9659224096700532,0.9652535428236729,0.9652535428236729,1.0026298079458458,0.9684626000980737,1.000346412100546
j8,1,16,1.25,1.511479275038573,2.450583100509286,0.4995499543893215,78.19531962666852,0.004391356675390726,3.502393851604484e-05,1.565315319110758,0.6167835217358896,0.9654606951482712,0.9637242527123274,0.9637242527123274,1.0028561759283667,0.9682182207455379,1.0009004966683177
j8,1,16,1.5,1.5127190626049687,3.522181288648601,0.5001566634838989,112.46475071612275,0.006185114742720896,3.284267614841366e-05,2.248590470288581,0.42948358946775633,0.9657327064225301,0.9663380763024517,0.9663380763024517,1.0021789095611924,0.9678369506501103,0.9996867221037201
j8,1,16,1.75,1.514159857460101,4.8094867276891495,0.4994082928194839,153.30621032403306,0.011074878473599822,2.6357550112465992e-05,3.069757001000525,0.31482774424613513,0.9664446720087762,0.9641599667537888,0.9641599667537888,1.0038965477051263,0.9702104697776234,1.0011841154252115
j8,1,16,2.0,1.5097524396669575,6.332523043766623,0.49969270964167767,200.12291614332892,0.014221896802691869,2.923634931230145e-05,4.0049196692670215,0.23841246675810712,0.9548227775180131,0.9536498670324285,0.9536498670324285,1.012581374016156,0.9668357600011122,1.0006147696874934
j8,1,16,3.0,1.517427506382926,14.123870392596864,0.5001313719403165,449.88176525371506,0.03299056980933071,2.0524043744105132e-05,8.995271852440444,0.1074370880079937,0.9664258136664725,0.9669337920719433,0.9669337920719433,1.0046280766863498,0.9708985064437888,0.999737290627473
j8,1,64,0.5,6.063837079581558,1.564430035655747,0.5001883841656735,49.98116158343265,0.0032558348289678796,2.7132255877722965e-05,0.24981168678478247,3.8760679233826125,0.9682870660325994,0.9690169808456531,0.9690169808456531,1.0016125987271567,0.9698485245228057,0.9996233026191066
j8,1,64,0.75,6.062509114237253,3.535109738712444,0.5002229035784744,112.44984669484326,0.006584198575017773,2.3695344748518516e-05,0.5619986904358242,1.7149422683679791,0.963795308995846,0.9646550259569883,0.9646550259569883,1.005990803578266,0.9695692173816947,0.9995542921707758
j8,1,64,1.0,6.069271924886331,6.273010169167716,0.49994511748605397,200.0219530055784,0.010397411486605336,3.344238290468417e-05,1.0002195541551522,0.9675214548060559,0.9677338781616575,0.9675214548060559,0.9675214548060559,1.0035714700164364,0.9711901106914016,1.000109771052734
j8,1,64,1.25,6.055346840448425,9.75402350796011,0.4999497176964197,312.5314264397377,0.015991015529022434,3.480130748682285e-05,1.5628142960044311,0.6208050283564264,0.9702029733468593,0.9700078568069161,0.9700078568069161,0.9987115721781924,0.9689529368431988,1.0001005696642893
j8,1,64,1.5,6.0733372825786685,14.081718885938944,0.5006835392186846,449.3848147031839,0.028910428351885904,2.9130223970103393e-05,2.243856545615859,0.4312923253029212,0.967758107204844,0.9704077319315727,0.9704077319315727,1.0027374971441232,0.9704073422595194,0.9986338547381971
j8,1,64,1.75,6.053868343473622,19.178432307220653,0.4997641351998793,612.7889343801479,0.04164522895630804,2.9109100598420848e-05,3.0653907074337416,0.3156602294961486,0.9676219342038962,0.9667094528319551,0.9667094528319551,1.0015028003921849,0.9690760768261044,1.0004718409171547
j8,1,64,2.0,6.0505383378070885,25.32314663335738,0.5000792023814454,799.8732761896873,0.04257153343565332,2.7576359869996336e-05,3.9987329626016326,0.23893311622801672,0.9554297277180975,0.9557324649120669,0.9557324649120669,1.0130863430362518,0.9679328088820491,0.9998416077811566
j8,1,64,3.0,6.050762454736181,55.89999858199638,0.5001612189342486,1799.4196118367051,0.1114656693128557,2.8176159564239672e-05,8.994197989155063,0.10824262268738125,0.9735555793157147,0.9741836041864312,0.9741836041864312,0.9940982875017232,0.9678099341855,0.9996776140978353
j8,8,16,0.5,0.18937676614660928,0.3905638529969389,0.06253465649678927,12.50003978317185,0.0008012540201679246,4.984530456956732e-06,1.998897968491063,0.48488042273613463,0.9692264919683474,0.9697608454722695,0.12122010568403366,0.9998402815267442,0.9690716885928111,0.9997244541600108
j8,8,16,0.75,0.1887146681201272,0.8786597109225622,0.0625195881350111,28.12257086841016,0.0017555612762230422,3.6233011973846704e-06,4.498201556875175,0.21477560171955914,0.9661039460337235,0.9664902077380163,0.12081127596725202,0.9998058456705925,0.9659163727699434,0.999800153016722
j8,8,16,1.0,0.1889392086328704,1.5578041230203814,0.06242657668175015,49.99941312950829,0.0026171039599794336,3.011694109265695e-06,8.009315228737377,0.12128560057123332,0.9714146076817377,0.9702848045698668,0.12128560057123332,0.9970063410050758,0.9685065236036504,1.00058203241522
j8,8,16,1.25,0.18954395287833736,2.4507841919785323,0.06256885840070137,78.09634979183205,0.004693957920715684,4.712948673342223e-06,12.481664487418016,0.07734012382596504,0.9653334770110599,0.9667515478245632,0.12084394347807038,1.0042094714075274,0.969397020681267,0.9992663103464667
j8,8,16,1.5,0.18939673977754537,3.5071114080494623,0.0625485650457504,112.46114479373162,0.00723899310848599,3.4505345983975153e-06,17.979812120625514,0.05400362798365778,0.9709750849783213,0.9720653037058402,0.12150816296323,0.9979230183315558,0.9689583875263053,0.9994390682507172
j8,8,16,1.75,0.1899925458845281,4.780747472949354,0.06257332989052465,153.15805146183453,0.010760875089023831,5.14754292713871e-06,24.476570406240594,0.0397411800057528,0.9727277904378894,0.9736589101409436,0.12170736376761795,0.9988630546955046,0.9716218521439989,0.9995217306545349
j8,8,16,2.0,0.1898455183670082,6.239043063702023,0.06246198190497695,200.0695075010336,0.01165817350671715,4.14509223491819e-06,32.03060508156757,0.03042862766431375,0.9746473558896955,0.9737160852580402,0.121714510657255,0.9979000824872492,0.9726006768383065,1.0004780901144146
j8,8,16,3.0,0.18920971545277454,14.025278384975682,0.06264040933522792,449.9237910454103,0.029783514543231495,4.879578820343084e-06,71.82644491315301,0.013490621024354279,0.9689833478500064,0.9713247137535083,0.1214155892191885,0.9975220631840827,0.966582268338358,0.9987940291585049
j8,8,64,0.5,0.7581640998699177,1.5631135141035133,0.06259222813432604,50.00622356515749,0.002711362236993923,2.7218238108775267e-06,1.9973016241665682,0.4850345755629557,0.9687603455488335,0.9700691511259116,0.12125864389073893,1.0002681443468224,0.969020113158918,0.9993251783495121
j8,8,64,0.75,0.7559697688725942,3.53371770627526,0.062483984839607556,112.49759617118175,0.006146236214678594,3.500755938295267e-06,4.50105720929755,0.21393043579291154,0.9629131303138512,0.9626869610681021,0.12033587013351274,1.0051678475755332,0.9678893185997929,1.0001174608012078
j8,8,64,1.0,0.7552951766991802,6.225561249705722,0.062392268903762295,199.9856212012827,0.011626286153551756,3.059681829914802e-06,8.013237245377026,0.12132162007640396,0.9721789246657213,0.9705729606112319,0.12132162007640396,0.9961614179755105,0.968447136120912,1.0008269858832384
j8,8,64,1.25,0.7560884778208347,9.765014722573591,0.0625198673733071,312.4496930829372,0.019818973842673424,4.757336432817654e-06,12.494016150789928,0.07742829880972939,0.9673904158569475,0.9678537351216174,0.12098171689020217,1.0000985055837759,0.9674857092146005,0.9997606173795777
j8,8,64,1.5,0.7572959450783493,14.008716946139032,0.062488112570556316,450.07744805507224,0.030858263579682754,3.6280378580683904e-06,18.006522742500934,0.054058908320441794,0.9734129621068082,0.9730603497679525,0.12163254372099404,0.9960040082292612,0.9695232119206988,1.0001811708802486
j8,8,64,1.75,0.7552365718258218,19.080529133714585,0.062392353855898516,612.3708422745789,0.0409500573121366,3.1192085460818153e-06,24.537094869385427,0.03958153186073582,0.9712158023424767,0.9697475305880275,0.12121844132350344,0.9970705496214534,0.968370673842654,1.000756751814069
j8,8,64,2.0,0.7560531832979291,24.881712453996556,0.06253620210855469,799.987499945291,0.04503772183219138,4.215326467953036e-06,31.980975537841953,0.030385898265474498,0.9717706691234942,0.9723487444951842,0.12154359306189799,0.9952840495412001,0.9671878467905928,0.9997026985847147
j8,8,64,3.0,0.7561226216757675,56.3330449312306,0.06242846479573391,1799.7802469291805,0.11500025673042656,5.71218043774479e-06,72.07370278998795,0.013422363775982913,0.9673994575292928,0.9664101918707699,0.12080127398384621,1.0015986345416936,0.9689459757177149,1.000511694015089
old,1,4,0.5,0.2774359132117355,0.0601560770031058,0.4959180949422368,3.15051190661102,1.2243514344498714,0.17179738351586762,0.25411550324478344,4.6119349371371365,1.171964167482802,1.1529837342842841,1.1529837342842841,0.6110100584162168,0.7160818944353798,1.0081974077427167
old,1,4,0.75,0.36132604575844446,0.19615363811164596,0.4999000289328372,7.032655843131977,0.7565981763557386,0.05187030652827822,0.5627249798840747,1.8420563046237577,1.036571096964737,1.0361566713508636,1.0361566713508636,0.8925385458329581,0.9251796595373806,1.0001999621267514
old,1,4,1.0,0.38078635365481595,0.3838630779446915,0.500158669781197,12.496033255470074,0.2040044414968811,0.009901553901305184,0.9993655222201131,0.9919848392131143,0.9913554468746489,0.9919848392131143,0.9919848392131143,0.9830014247803828,0.9745038167415729,0.99968271077383
old,1,4,1.25,0.37807224030457365,0.6163965906199219,0.4999917404262586,19.531572639599272,0.029476756960108468,0.0011993028344585775,1.562551623188655,0.6133587467191198,0.9584047052829198,0.9583730417486247,0.9583730417486247,1.0098874915912655,0.967880923747434,1.000016519283926
old,1,4,1.5,0.37933660861207846,0.8849693686738518,0.5005641301683483,28.093267678030404,0.005632628541213506,7.460146410943376e-05,2.244928550400298,0.42864377236075824,0.9622746425239523,0.964448487811706,0.964448487811706,1.008035808511852,0.9700072972870857,0.9988723754314824
old,1,4,1.75,0.37930712603596933,1.1774016410121295,0.500169481570943,38.268274067224674,0.0020151581883697213,2.3964378192424758e-05,3.060424554255559,0.3221561044452984,0.9859344523477097,0.9866030698637264,0.9866030698637264,0.9845453820624992,0.9706972120752567,0.9996610942866521
old,1,4,2.0,0.38016113673358465,1.5637431822418022,0.49986021538249636,50.01397846175036,0.0027574975303658643,2.9263700531980915e-05,4.002237179326572,0.24310970052549216,0.9729826820980735,0.9724388021019686,0.9724388021019686,1.0005159231635021,0.9734846664014541,1.0002796083254137
old,1,4,3.0,0.3794545942357773,3.48633223955189,0.5006800647338229,112.34698543488986,0.006915893585438035,2.276773214244095e-05,8.975550923491795,0.10884062910898874,0.9769046091126119,0.9795656619808987,0.9795656619808987,0.993018470712025,0.9700843209725343,0.9986407942516332
old,1,16,0.5,1.493688086985268,0.3859510202772309,0.500280116503884,12.492997087402898,0.23242719191759403,0.009176571924073503,0.24972004033875905,3.8701493415209605,0.9664538496816361,0.9675373353802401,0.9675373353802401,0.9885884517915031,0.9554251149847066,0.9994399238348627
old,1,16,0.75,1.5114476457746386,0.8787831857228453,0.4999488045318878,28.127879745081312,0.004441857296625605,9.092210248636478e-05,0.5626152015988521,1.7199323682227643,0.9676600960840417,0.9674619571253049,0.9674619571253049,0.9997576140821117,0.9674255489034486,1.0001023961787132
old,1,16,1.0,1.5158357509734226,1.5731204168327877,0.5006549204949942,49.93450795050059,0.0035745110230570435,3.0892431005785425e-05,0.9973837448981963,0.9635853268151601,0.9610643417878567,0.9635853268151601,0.9635853268151601,1.0081175404501919,0.9688658204575568,0.9986910157291875
old,1,16,1.25,1.512717340982574,2.446719506083932,0.4999182626204857,78.13777146554911,0.00632943933482989,3.0457498121921806e-05,1.563010942148109,0.6182634900408899,0.9663526000645893,0.9660367031888905,0.9660367031888905,1.0020125059390266,0.968297390411413,1.0001634881232118
old,1,16,1.5,1.5118553259179783,3.5070207672742613,0.5002096604097607,112.45282640780387,0.006450247407844452,2.880347759759878e-05,2.2481138472152864,0.4310939188116151,0.9691482083306943,0.9699613173261339,0.9699613173261339,0.9979710438384173,0.9671818491019147,0.9995807670586007
old,1,16,1.75,1.5163375167681574,4.744061890358071,0.5009017479340874,152.84883969518572,0.011428559624036837,3.241825289480868e-05,3.0514734741013285,0.31962852758097293,0.9753379734794038,0.9788623657167296,0.9788623657167296,0.993203355643398,0.9687089481461754,0.9981981275014358
old,1,16,2.0,1.5141344273285269,6.257888431625457,0.5000253771618115,199.98984913527542,0.011065478524321543,3.125510317228092e-05,3.9995939860179823,0.24195612367848457,0.96772625714469,0.9678244947139383,0.9678244947139383,1.0013129700226013,0.9689968527104053,0.9999492469643124
old,1,16,3.0,1.510769267572404,14.087704308053585,0.49993588099434666,450.05770710508796,0.023061636468839856,3.982310511678401e-05,9.002308580251261,0.10724027382578831,0.9654100372103889,0.9651624644320947,0.9651624644320947,1.001663854969718,0.9670163394986171,1.000128246234855
old,1,64,0.5,6.055790120499664,1.5625623382025722,0.5000521862749402,49.99478137250598,0.0020029959699322674,3.417189007262617e-05,0.249947819171306,3.875551056392212,0.9686855346322846,0.968887764098053,0.968887764098053,1.0001442840588217,0.9688253005129432,0.9998956328963658
old,1,64,0.75,6.058367231950703,3.5510116449118176,0.5003495526506521,112.42135065360328,0.007384926725221815,2.6410350468149594e-05,0.5617140559936543,1.7060961319661203,0.9583381782017744,0.9596790742309427,0.9596790742309427,1.0107721707356667,0.9686615606798717,0.9993011389020534
old,1,64,1.0,6.031698868469471,6.254174323368208,0.4990793914854009,200.36824340583962,0.014273822127311472,3.3528077320877716e-05,1.003689226725468,0.9644276856710764,0.9679856780638354,0.9644276856710764,0.9644276856710764,0.9988288310858638,0.9668520033283581,1.001842915194527
old,1,64,1.25,6.051731871251891,9.740205650943178,0.5003702125962157,312.2686171273652,0.018640662455164863,2.8286408677480186e-05,1.5601878832231615,0.621314589047294,0.9693674935013661,0.9708040453863969,0.9708040453863969,0.9981361037732905,0.9675606930879341,0.9992598487194526
old,1,64,1.5,6.04508449647928,13.903096897004136,0.49971180848999847,450.2593723590014,0.03267042564306343,3.447282067904402e-05,2.2525952194304275,0.43480129220575925,0.9794313122248657,0.9783029074629583,0.9783029074629583,0.9880951469665462,0.9677713263964658,1.0005765492244798
old,1,64,1.75,6.059985839747846,19.3019902756112,0.4995354675027357,613.0690523091487,0.026211103320285787,3.251451942230911e-05,3.068195814873702,0.3139565274470617,0.9632801035653553,0.9614918653066264,0.9614918653066264,1.0074944845007325,0.97049939137139,1.000929496976657
old,1,64,2.0,6.0587010536210455,25.132781967003798,0.49991237346766504,800.140202451736,0.04880100206648414,2.4114667804812456e-05,4.001402270269523,0.24106766459739168,0.9646087004085749,0.9642706583895667,0.9642706583895667,1.0051351256689711,0.9695620873065557,1.00017526842418
old,1,64,3.0,6.059235903021158,56.24069548986006,0.5001002146027914,1799.639227429951,0.08833184140901638,3.3054411016679214e-05,8.996392997248208,0.10773757063714852,0.969249526020577,0.9696381357343367,0.9696381357343367,1.000035022711558,0.9692834717671547,0.9997995908763254
old,4,4,0.5,0.09507617784073051,0.09617760625183144,0.1251509880298536,3.1239955687383993,0.05820132805897743,0.002121742195768598,0.9984725228036392,0.9885479743775598,0.9870379898891894,0.9885479743775598,0.24713699359438995,0.9851753411102001,0.9724054883778086,0.9992359695305405
old,4,4,0.75,0.09497019943923753,0.21903795483180016,0.12472288379762946,7.033984433800131,0.0013198910547028559,1.8364282748150094e-05,2.2558761374418523,0.433578735302589,0.9780999226713277,0.9755521544308252,0.2438880386077063,0.9964785422237359,0.9746555850926735,1.001304956864203
old,4,4,1.0,0.09498646651786041,0.39062309942357076,0.12484067949335774,12.507305098192342,0.0006577073161432631,1.0184633604949258e-05,4.0074453772443,0.24316653740659144,0.9744766162305482,0.9726661496263658,0.24316653740659144,0.999411070843779,0.9739027185391943,1.00093023948279
old,4,4,1.25,0.09480292704369479,0.6109131619251867,0.12498691479612392,19.528000895397483,0.0009878849915002375,6.245659563593976e-06,6.249614506366897,0.15518232860614728,0.9698297319887728,0.9698895537884205,0.2424723884471051,1.0010866594241858,0.970883606606894,0.9999691600338
old,4,4,1.5,0.09432102247044447,0.8799830981791444,0.12494393339653058,28.119753612561922,0.0015666023385914403,7.935278843921284e-06,9.002359009562845,0.10718503874178145,0.9649181992074188,0.964665348676033,0.24116633716900826,1.0014120155431576,0.9662806787025754,1.000131047500101
old,4,4,1.75,0.09435683534682753,1.2005958793261198,0.12527807808014507,38.26793410288167,0.002402927877586088,9.913539628112582e-06,12.21855720947451,0.07859167016281024,0.9602768180724478,0.9627479594944255,0.24068698987360637,1.0039493648951063,0.9640693016273275,0.9987157962051846
old,4,4,2.0,0.09502757175544536,1.5583889230478603,0.1251291659481673,50.0152032860198,0.002730519288895195,5.3657328989989126e-06,15.988343854777321,0.060978084706603715,0.9749385858949184,0.9756493553056594,0.24391233882641486,0.9970657372389549,0.972077859908021,0.9996356790969311
old,4,4,3.0,0.09530051601392614,3.504690076957162,0.12508265613895753,112.45029752601148,0.006646249028053481,6.275761791995381e-06,35.96031648099561,0.027192280607210736,0.9778430164753374,0.9789221018595865,0.24473052546489663,0.9973302421604278,0.9752324124162314,0.9994486880413901
old,4,16,0.5,0.3779095529174516,0.3906509231603847,0.12490401745134855,12.498521603390351,0.0006975686588195736,8.385631100181913e-06,1.0006500878371396,0.9673842566661438,0.9680131414052427,0.9673842566661438,0.24184606416653595,1.0001846568590427,0.9681918916714467,1.0003249911089593
old,4,16,0.75,0.3777526353713235,0.8828561951932105,0.12490501447225895,28.119939506135736,0.0017707449036559158,6.756906400482372e-06,2.251305892317166,0.42787561261735657,0.963278887864272,0.9627201283890523,0.24068003209726307,1.004674929688889,0.9677821489358286,1.000290156197394
old,4,16,1.0,0.3784716069821778,1.5649591321376755,0.12511633280630546,50.00539744820665,0.0032221926549338637,6.525443505301502e-06,3.9967122058812894,0.24184120799704192,0.9665697078868531,0.9673648319881677,0.24184120799704192,1.0014657373791476,0.9679864452372545,0.9995889412505135
old,4,16,1.25,0.3783038612340426,2.453381423809637,0.12486653178822221,78.12792537347114,0.005041960945272347,7.109242642344121e-06,6.256914823739857,0.15419692085489434,0.9647969998720298,0.9637307553430896,0.2409326888357724,1.004867404153117,0.9694930567961216,1.000553032976452
old,4,16,1.5,0.37867763252690584,3.510988219746279,0.1251106856780353,112.44431855133524,0.008130215911972907,9.552363318191971e-06,8.98758710672435,0.10785499945490301,0.9693562024966481,0.970694995094127,0.24267374877353176,0.9991756318091608,0.968557096077717,0.9993101568762518
old,4,16,1.75,0.37962894511173634,4.793996523979679,0.12512450419244375,153.12977368925883,0.00998770758212691,7.888642177285123e-06,12.238192245201029,0.07918840641890827,0.9691229413457106,0.9700579786316263,0.2425144946579066,1.0018162051140707,0.9708830673879456,0.9995179346310218
old,4,16,2.0,0.3782839372256447,6.248875130293852,0.1247908517422649,200.08716446777373,0.011543818637348041,6.767248014746894e-06,16.033800689254136,0.06053632523264326,0.9706273732400681,0.9685812037222922,0.24214530093057304,0.9993844667712791,0.9700299198391328,1.0010557142728789
old,4,16,3.0,0.37790112925729874,14.067849207893273,0.12483317558509822,449.94682123304915,0.02932583599179617,9.415955272170639e-06,36.04384965167552,0.02686275092039398,0.9682369554050889,0.9670590331341833,0.24176475828354582,1.0004986220792065,0.9687197397289576,1.0006088375983273
old,4,64,0.5,1.514644231127459,1.5720325627054441,0.1251424176660649,49.98428210718409,0.003029135739229884,6.790851766021934e-06,0.9985479551898259,0.9634941839377547,0.9620951472083349,0.9634941839377547,0.24087354598443866,1.0064172152898445,0.9682691188972855,0.9992737138491264
old,4,64,0.75,1.5122673255607761,3.5078008879307427,0.12514297563700622,112.52811715312798,0.006757471236696525,6.994462057372752e-06,2.2479910794100566,0.43111549767947777,0.969143792978893,0.970009869778825,0.24250246744470624,0.9975251630757738,0.9667453201351441,0.9995534735092814
old,4,64,1.0,1.5110483097941292,6.252873512837299,0.12477765762462878,199.89557621476354,0.01184229155294555,8.860756236876302e-06,4.005035437035403,0.24165662502078616,0.9678433468026247,0.9666265000831447,0.24165662502078616,1.0009823939066018,0.9687941502090687,1.0006292316631824
old,4,64,1.25,1.5096538073264527,9.780729245073843,0.12490900824324186,312.5065880371715,0.020174241601250305,9.341087494387248e-06,6.254684758776788,0.15434982090796595,0.9654094723529815,0.9646863806747872,0.2411715951686968,1.0015255608151683,0.9668822632145954,1.0003747104981644
old,4,64,1.5,1.51950318076989,14.093909241301144,0.12509460393479813,450.20088210076847,0.035497541082183726,7.516077253118502e-06,8.997208271577856,0.10781275476906718,0.9700138089898461,0.9703147929216046,0.24257869823040115,1.0017863439474295,0.9717465872864582,0.9998448919472936
old,4,64,1.75,1.5115386215456967,18.98433973500119,0.12494020440936927,612.8094555298547,0.038087827338760316,7.75557070208354e-06,12.262054845091566,0.07962028928290257,0.9763083539690075,0.9753485437155566,0.24383713592888914,0.9913340370944097,0.9678477019890943,1.0004919135040855
old,4,64,2.0,1.514525180147495,25.07513635211132,0.12508520602499507,799.7467453352662,0.04401791984922509,6.218885535467467e-06,15.984039415009986,0.06039947934400654,0.965427658480682,0.9663916695041046,0.24159791737602615,1.0033230743954848,0.9686358464132722,0.9995011072720851
old,4,64,3.0,1.512339576360689,55.97056810313754,0.12489846700429827,1799.4674776411057,0.11428037345484898,7.6076292733856935e-06,36.0186061687046,0.027020264893039596,0.9732322797564683,0.9727295361494255,0.24318238403735637,0.995326785037689,0.9686841561049063,1.0002583856282197
rep,1,4,0.5,0.27155804086906854,0.06383418626123596,0.5074762464482392,3.078273459698505,1.0305717754570558,0.20328528462677808,0.24263389518173073,4.254116121379544,1.0321927650857152,1.063529030344886,1.063529030344886,0.663584306950955,0.6849469206591943,0.9851576425765183
rep,1,4,0.75,0.35966510186330597,0.1985950644503244,0.4994386502128905,7.039143981381226,0.7645673953008599,0.051761522977183005,0.5637644566259119,1.8110475346343304,1.0210042292868207,1.0187142382318108,1.0187142382318108,0.9028146148480102,0.9217775400217706,1.0011233305095382
rep,1,4,1.0,0.3784426655776296,0.38426731151070037,0.5001144577136766,12.497138557158086,0.18552020080433418,0.010956491875098501,0.9995422739258538,0.9848422029181408,0.9843914149629457,0.9848422029181408,0.9848422029181408,0.9839495587011169,0.9685914983419585,0.9997711107677866
rep,1,4,1.25,0.37872782914414754,0.6113920118744611,0.49987652812538996,19.536073120101953,0.028791302418850032,0.0012835459689014674,1.5632718898296816,0.6194517131210292,0.9683714502289451,0.9678933017516081,0.9678933017516081,1.0014573686178265,0.9697827243909078,1.0002469742473585
rep,1,4,1.5,0.37868035524899585,0.8725384926925331,0.5001193365525609,28.11828731891845,0.005492648611087656,9.123474784278993e-05,2.2489262273076154,0.43399845212609545,0.9760305015972845,0.9764965172837148,0.9764965172837148,0.9929919077032544,0.9691903897576518,0.9997613553705071
rep,1,4,1.75,0.37774321782707365,1.1913332906819218,0.49960916964451185,38.31117294909206,0.002623279374347041,3.1344048888422367e-05,3.0672914171172407,0.31707601960057086,0.972564553494529,0.9710453100267482,0.9710453100267482,0.9950795647128567,0.9677791125464899,1.0007819664466449
rep,1,4,2.0,0.37880657918874927,1.5647445772235002,0.49999895432541025,50.000104567458976,0.0031789347698744416,3.177495269766532e-05,4.000016730828427,0.24208844350872127,0.9683578243750975,0.9683537740348851,0.9683537740348851,1.001434435073956,0.9697468708025209,1.0000020913513665
rep,1,4,3.0,0.3800688550966102,3.466261865765942,0.5000025440787164,112.49942758228883,0.007058082630345235,2.9559972533527658e-05,8.99990841363222,0.10964805020945126,0.9868224096184084,0.9868324518850613,0.9868324518850613,0.9859639474465443,0.9729713184160766,0.999994911855512
rep,1,16,0.5,1.4851270522762923,0.3825424552434903,0.49954575863374906,12.511356034156274,0.21813413825733557,0.009502301037207585,0.2504546544119335,3.8822541966773363,0.9723286331681007,0.9705635491693341,0.9705635491693341,0.9784198079226996,0.9513455945020741,1.0009088957780992
rep,1,16,0.75,1.5119106736824504,0.8689248368225674,0.49978564681932836,28.13705736641278,0.005154132233538712,0.00010808584817506171,0.5629825015079771,1.739978660537677,0.9795775388800008,0.9787379965524433,0.9787379965524433,0.9882197138181802,0.9680378351347116,1.000428798295324
rep,1,16,1.0,1.510621271721134,1.5629536951895122,0.5003764505287724,49.962354947122755,0.003761145983431976,2.7168359411158558e-05,0.9984953307519785,0.9665169712772376,0.9650626829128658,0.9665169712772376,0.9665169712772376,1.0010440520467228,0.9660702585821768,0.9992473821591821
rep,1,16,1.25,1.5105710033604698,2.4314476356242882,0.5000699500728089,78.11407030112362,0.00648476065068261,2.5927397962250174e-05,1.5620628731990482,0.6212640491320398,0.9704535056024688,0.9707250767688123,0.9707250767688123,0.996060300532797,0.9666302104435013,0.9998601096390389
rep,1,16,1.5,1.5105973680945715,3.5427092017896644,0.49972558648653675,112.56174304052924,0.005469540392070568,2.9334717961534358e-05,2.2524710778154606,0.4263960946417689,0.9604448708740484,0.9593912129439801,0.9593912129439801,1.0071511989331063,0.9673132032099504,1.0005489777151697
rep,1,16,1.75,1.5147125409675126,4.777010511804901,0.49982984613112313,153.17710962234352,0.010186718534670455,2.836395244042729e-05,3.0645850944675233,0.31708377807090227,0.9717302199735351,0.9710690703421382,0.9710690703421382,0.9979580940954048,0.9697460382996977,1.0003403656621424
rep,1,16,2.0,1.5146731213455158,6.210322669661637,0.500358841968309,199.8564632126764,0.011635371339145576,2.9432912301117272e-05,3.9942626461137793,0.24389604243027863,0.9741848518142433,0.9755841697211145,0.9755841697211145,0.9943652671252086,0.9686955804036017,0.9992825734137691
rep,1,16,3.0,1.5087374914715104,14.1496576077924,0.49988719703902695,450.10152266487574,0.029108831560310876,2.631705158144752e-05,9.004061822966346,0.10662713779311726,0.9600773406951791,0.9596442401380554,0.9596442401380554,1.0059709213347454,0.9658098869717417,1.0002256313767046
rep,1,64,0.5,6.054355337641485,1.555835413652328,0.49967893504427846,50.03210649557216,0.002431769012134087,2.5317142937431e-05,0.25032127125360326,3.8913854797975502,0.9740965602407357,0.9728463699493876,0.9728463699493876,0.9950956840340237,0.9693192829279443,1.0006423362093035
rep,1,64,0.75,6.048100744806775,3.552397377145757,0.4994951496159901,112.61359133640222,0.009756102166498828,4.7279270442196136e-05,0.5636370614558476,1.7025405951814545,0.9596149780773647,0.9576790847895682,0.9576790847895682,1.0094404655747653,0.9686741902429334,1.0010102110309231
rep,1,64,1.0,6.054164158559772,6.266918333884742,0.49964200647868634,200.14319740852545,0.015034404352827272,3.548051964156707e-05,1.0014330000947547,0.9660512290108163,0.9674355805135266,0.9660512290108163,0.9660512290108163,1.001989521907025,0.9693603147945937,1.0007162435449695
rep,1,64,1.25,6.059634304163217,9.897298704017885,0.5005258307873945,312.1713557578784,0.015995743553675546,3.124537311904089e-05,1.5592170101730358,0.6122513309316674,0.9546326896897364,0.9566427045807303,0.9566427045807303,1.0145503509111735,0.9685229303159995,0.9989488908401384
rep,1,64,1.5,6.070754106663994,14.134265080339548,0.5003661357468396,449.67047782784425,0.03142081836692663,4.456611639256154e-05,2.2467071895096993,0.4295061732716673,0.9649746074282536,0.9663888898612514,0.9663888898612514,1.0058398424457535,0.9706099070997875,0.9992679964208687
rep,1,64,1.75,6.055616835645864,19.286213654376688,0.500294998285548,612.1386271002036,0.03574923995873859,2.9439863478027724e-05,3.0588884018325717,0.31398681691321206,0.9604506325841515,0.961584626796712,0.961584626796712,1.0082010995836546,0.9683273838671584,0.9994101773742387
rep,1,64,2.0,6.0497065592032415,24.903767370491774,0.5002276712274832,799.6357260360268,0.04460952452618093,3.3586197476152015e-05,3.9963589182993493,0.24292334847182512,0.9708088901285189,0.9716933938873005,0.9716933938873005,0.9966044911553044,0.9675124999555783,0.9995447611662208
rep,1,64,3.0,6.0497333767358,56.74730032246673,0.4999755473581397,1800.0880295106972,0.14575648312946332,2.561166247148999e-05,9.000880338160162,0.10660830281543208,0.9595685766960472,0.9594747253388888,0.9594747253388888,1.008791559384204,0.9680046808212865,1.0000489064796427
rep,4,4,0.5,0.0949460922377617,0.09636034770466333,0.12510340629599692,3.124502014610931,0.05555520601055535,0.002585484850537764,0.999014209802826,0.9853232631410151,0.9843519411271632,0.9853232631410151,0.2463308157852538,0.9868872262299354,0.9714443568130388,0.9995069833687136
rep,4,4,0.75,0.09500322328600941,0.2203609860491678,0.1247582233105353,7.034407854456833,0.001536674700977866,2.541128331254748e-05,2.255372886145553,0.43112542283148036,0.9723485891821577,0.9700322013708308,0.2425080503427077,1.0024371204330544,0.9747183197969053,1.0011932627610034
rep,4,4,1.0,0.09503346916861216,0.39238916639654614,0.12514397578439865,12.496325194948007,0.0006786503212647155,8.712609602914774e-06,3.9942234907022645,0.24219187813297555,0.967368488896031,0.9687675125319022,0.24219187813297555,1.0048116649337662,0.9720231419320823,0.9992776754614136
rep,4,4,1.25,0.09397735419535432,0.6114125420254105,0.12484944771875357,19.523172388538818,0.0012542679226630101,8.320296738502412e-06,6.2549487387460045,0.15370530981264788,0.9614188337511858,0.9606581863290492,0.2401645465822623,1.0021527728915098,0.9634885501538721,1.0003958207626424
rep,4,4,1.5,0.09489951031234582,0.875624231758631,0.12471775632946713,28.13165070649417,0.0017163260787387685,6.488807814976963e-06,9.022500575516686,0.10837926460959936,0.9778519773141854,0.9754133814863942,0.24385334537159856,0.9960302617367491,0.9739701609040459,1.0012492516582963
rep,4,4,1.75,0.09437583506141345,1.1944468897218088,0.12503087052378073,38.27234806401128,0.0023610950339570972,6.300287989347755e-06,12.244127519445506,0.0790121652737477,0.9674350271992708,0.9678990246034094,0.24197475615085234,0.9986923302215559,0.9661699416515941,0.9997602781828683
rep,4,4,2.0,0.0949582304571495,1.5593443424897881,0.12501352749250802,49.991785985346816,0.0030196228474606273,1.0310978312417875e-05,15.995640468058244,0.060896254835882326,0.9740745982060269,0.9743400773741172,0.2435850193435293,0.9981443546405646,0.9722670611981219,0.9998637553455172
rep,4,4,3.0,0.0945739992234077,3.511757340571838,0.12483655253126381,112.56964358583883,0.006963210230259612,5.689523443054988e-06,36.06944962939349,0.026930676026723336,0.9713746624314121,0.9695043369620401,0.24237608424051002,0.9982818752784579,0.9697057196100091,1.000964113428669
rep,4,16,0.5,0.37835769157123783,0.3904111484293115,0.12478680427140258,12.50360948696464,0.0007306482430616506,4.767097619770472e-06,1.0019977320494695,0.9691262482985777,0.971062302864786,0.9691262482985777,0.24228156207464444,0.999164022417881,0.97025051654875,1.0009983676557468
rep,4,16,0.75,0.37756404801289506,0.8770007113925508,0.12495820431263607,28.120915261210197,0.0017596565211815754,6.9164935670035176e-06,2.2504256856039464,0.4305173794139548,0.9688473687320636,0.9686641036813983,0.24216602592034958,0.9979768618439298,0.9668872566529734,1.0000945923270228
rep,4,16,1.0,0.3794165881949563,1.56145994577689,0.1251761007418233,50.002711483195306,0.0031497204628605493,6.776893462331555e-06,3.9945893175188694,0.24298835792818305,0.9706386988613714,0.9719534317127322,0.24298835792818305,0.9992801746691893,0.9699400085388657,0.999323435820314
rep,4,16,1.25,0.379334130665954,2.445106536608691,0.12492915579626125,78.1228884939971,0.004766484359046378,7.237379037614752e-06,6.2533752026150395,0.15514012374777017,0.9701494027749346,0.9696257734235636,0.2424064433558909,1.001542706366909,0.9716460584354484,1.0002699797646666
rep,4,16,1.5,0.3769159492990963,3.50450766070934,0.12488046282232815,112.57405465511724,0.006857133199743603,6.726086766776943e-06,9.01454495850807,0.10755175499396841,0.9695301307595731,0.9679657949457157,0.24199144873642892,0.9961819842615145,0.965828449461397,1.0008077270389635
rep,4,16,1.75,0.378434621326674,4.758757260530118,0.12480249747051261,153.20550238747586,0.009240288174621348,8.76273576048988e-06,12.275836260702565,0.07952383376758264,0.9762215621541741,0.9741669636528874,0.24354174091322184,0.9939605951738472,0.9703257649403055,1.001053985810122
rep,4,16,2.0,0.3783122883323688,6.228974888586757,0.12505113540055943,199.87702289006714,0.012762902178288233,9.124058997171776e-06,15.983623199407832,0.060734277324755934,0.970753804047238,0.9717484371960949,0.24293710929902373,0.9972491762817914,0.9680834314585237,0.9994880939575966
rep,4,16,3.0,0.37688255086657524,13.977923888226066,0.12485700017661294,450.1637031396049,0.029658245798018158,7.2949699331478315e-06,36.05434236789596,0.026962698744126965,0.9721223716831922,0.9706571547885707,0.24266428869714268,0.9936242333703198,0.9659243463058488,1.000754470496801
rep,4,64,0.5,1.5127100858250342,1.5519981081473198,0.12490698794995928,50.01570927429029,0.0033855182686844724,8.422498769664135e-06,1.001059069936259,0.9746855217696204,0.9757177819030335,0.9746855217696204,0.2436713804424051,0.9929668134536107,0.9688553767262804,1.0005293948386818
rep,4,64,0.75,1.5165985403539968,3.518561770009378,0.12509095290244993,112.50468840119139,0.007031347197716585,7.778171683034467e-06,2.2484577379653965,0.43102797093994305,0.969148176539439,0.9698129346148718,0.24245323365371796,1.0007936401618243,0.9699173314550995,0.9996572163531071
rep,4,64,1.0,1.51344576016848,6.24762598610312,0.12495201670563456,199.97875528626142,0.011615270765284657,9.307017969168909e-06,4.001110997619529,0.24224333587428354,0.9692424752666372,0.9689733434971342,0.24224333587428354,0.9997263522773545,0.9689772442705894,1.0001388650606886
rep,4,64,1.25,1.5130643041517264,9.752783670115882,0.12485946144563992,312.4561996645177,0.02069059488106604,9.163543737201518e-06,6.256157844324674,0.15514178877852094,0.9705915188493055,0.9696361798657559,0.24240904496643897,0.9988250442103448,0.9694511167248434,1.0004925062647634
rep,4,64,1.5,1.5087229160326,14.038757800637505,0.12474104843686294,450.04604796881864,0.027952854383010806,8.102860534241448e-06,9.019606088139609,0.10746840549981482,0.969322684528786,0.9672156494983334,0.24180391237458335,0.9982095202211968,0.9675871318630019,1.0010886345562686
rep,4,64,1.75,1.5141212284181862,19.198018109664172,0.12512120605808738,612.471232694146,0.04079545951789315,8.562008108158666e-06,12.237558524048413,0.07886862173840675,0.9651593742347896,0.9661406162954828,0.2415351540738707,1.0030456072310567,0.9680988706040812,0.9994920556513066
rep,4,64,2.0,1.5151032810242844,25.054146217790915,0.12522812759500876,799.6034090724854,0.050789557135062974,8.03572127274251e-06,15.962935492783723,0.06047315553496736,0.965329080849761,0.9675704885594778,0.24189262213986945,1.0026629074772127,0.9678996628771266,0.9988410625815214
rep,4,64,3.0,1.5131073416812333,56.098195165678845,0.12490370159247119,1799.209625302563,0.10813899396215684,8.645528673210018e-06,36.01193564248648,0.02697247812006187,0.9713311461780427,0.9710092123222274,0.24275230308055684,0.9977393518000128,0.9691353081708439,1.000165759074277
