d,sigma,r_eff,J,omega_nominal,delta_norm,s_norm,B_b,N_b,delta_dot_vsig,var_pw_e,var_pw_clean,cross_pw,var_zo_e,var_zo_clean,cross_zo,var_wml_e,var_wml_clean,cross_wml,pre_pw_clean_meannorm,pre_zo_clean_meannorm,pre_wml_clean_meannorm,mse_pw,cos_pw,post_pw_bias2,post_pw_var,mse_zo,cos_zo,post_zo_bias2,post_zo_var,mse_wml,cos_wml,post_wml_bias2,post_wml_var,G,err_pw_total,err_pw_cleanoff,err_pw_erroroff,err_pw_baseline,err_zo_total,err_zo_cleanoff,err_zo_erroroff,err_zo_baseline,err_wml_total,err_wml_cleanoff,err_wml_erroroff,err_wml_baseline,ess_med,ess_min,eta_at_bound,nonfinite,wml0_checksum,A_eff,L_eff,omega_eff,orth_resid,delta_norm_conditional,delta_norm_pooled,cancellation_ratio,A_eff_numeric_ratio,L_eff_numeric_ratio
4,0.4,0.5,1,2.5,0.22883331438328355,0.3271170175231677,0.6993062149959681,0.1537637024319428,-0.12828081293347138,0.06015607700310584,0.020028121509102503,0.0013940830530206672,0.2774359132117355,0.22845397370058967,0.012402983435622095,0.016448748594448788,0.023331649821750386,-0.010049749086876877,0.9998981802285549,0.9694796110814619,0.3271170175231677,0.12709202579053547,0.6822699355236612,0.5998295151725427,0.03563061378013478,0.1525913302528494,0.6185216743678765,0.5862919966758269,0.17666465458842015,0.1662854807558572,0.584286298110357,0.6051298736780367,0.22629753010124926,0.039193454965321714,0.12709202579053547,0.12586941348369113,0.125989939546909,0.002996534304166171,0.1525913302528494,0.13910979751024635,0.13823111607641086,0.028100347324117373,0.1662854807558572,0.1459986333575756,0.1594583825518494,0.03112653584693009,14.575821908315952,11.986565572272621,0.0,0.0,-15.664078890814434,1.0,2.5,2.5,3.822656614147175e-16,0.22883331438328355,0.025286408379380603,0.11050142959965707,1.0,1.0
4,0.4,0.5,4,5.0,0.12135005227843194,0.3271170175231677,0.37084731741265375,0.10385229339821168,-0.08716404802443554,0.09617760625183147,0.020028121509102503,0.001254463904049762,0.09507617784073055,0.22845397370058967,0.002196306424483779,0.01111834739515341,0.023331649821750386,-0.005974569150828649,0.9998981802285549,0.9694796110814619,0.3271170175231677,0.024909529585838475,0.9377261760354039,0.04227624625092683,0.08227140167826566,0.049125877224462114,0.8771853069388448,0.05231382568695674,0.19331556043535392,0.08103206753095213,0.7974198311726197,0.12574767144228863,0.2794126662124722,0.05612253794511367,0.024909529585838475,0.02190916156758522,0.01124282801681506,0.002996534304166171,0.049125877224462114,0.022657968653763176,0.036083670413704916,0.028100347324117373,0.08103206753095213,0.04972438072998908,0.07222697788942467,0.03112653584693009,14.239141373127982,11.227674116679106,0.0,0.0,-15.664078890814434,1.0,2.5,2.5,3.822656614147175e-16,0.12135005227843194,0.012060054183177907,0.09938235671713337,0.9999999999999999,0.9999999999999994
4,0.4,0.75,1,3.75,0.19995061799315594,0.32633537510445665,0.6132327697478585,0.15856821765400841,-0.13663969696199013,0.196153638111646,0.02005583513152032,0.0008502644821722676,0.3613260457584445,0.22640170471456555,0.017996939581883732,0.016872591852343074,0.02342522117343867,-0.009499435182875243,1.000385780675073,0.9677271042864254,0.32633537510445665,0.08721875863328447,0.7819531034167888,0.34481669873732185,0.09127709442910062,0.12350945422577689,0.6912263644355577,0.37265125990533976,0.24489601122354487,0.14957210682804079,0.626069732929898,0.4286438873405517,0.31921664679965245,0.06235334819475633,0.08721875863328447,0.08542982336874004,0.08091212557351603,0.0030010987547384287,0.1235094542257769,0.1089247676400039,0.09767246107576524,0.02816046938736918,0.14957210682804079,0.12524408743357157,0.13939424862803268,0.03137408836298311,14.744420624726523,12.196925525071872,0.0,0.0,23.44786807814235,1.0,3.75,3.75,3.8422819568664787e-16,0.19995061799315594,0.04059628425723544,0.2030315518135833,1.0,0.9999999999999999
4,0.4,0.75,4,7.5,0.0906455954478809,0.32633537510445665,0.2778833195273255,0.10502439444304221,-0.08891941899920067,0.21903795483180022,0.02005583513152032,-0.0003378212370198496,0.09497019943923757,0.22640170471456555,-0.0003397458681126355,0.011176819861050662,0.02342522117343867,-0.005049818245815198,1.000385780675073,0.9677271042864254,0.32633537510445665,0.03418059489545085,0.9145485127613728,0.008213776545164812,0.1626891979320895,0.0417415331148427,0.8956461672128933,0.012058559660843814,0.19664910591336981,0.07047401047749902,0.8238149738062525,0.03667888587502876,0.3156911665124664,0.03629341558204818,0.03418059489545085,0.031547326520671326,0.003203338079350966,0.0030010987547384287,0.0417415331148427,0.015043171747137606,0.028287564459392657,0.02816046938736918,0.07047401047749902,0.03188210918795036,0.05837117820349223,0.03137408836298311,14.108443085758836,10.903491362102562,0.0,0.0,23.44786807814235,1.0,3.75,3.75,3.8422819568664787e-16,0.0906455954478809,0.010203100765910439,0.11256035900582709,0.9999999999999991,0.9999999999999994
4,0.4,1.0,1,5.0,0.18292385540833656,0.3263057861518963,0.5604396773599245,0.1676586788101933,-0.16014872541582476,0.38386307794469143,0.02002607228815328,0.0048258932991558775,0.380786353654816,0.22818434479213112,0.009420169086592944,0.017835317450191384,0.02328192464261186,-0.009584420246731444,1.0005218062096235,0.9695519674583324,0.3263057861518963,0.07080806543205907,0.8229798364198523,0.13373412079548952,0.22030620636480597,0.10307018050300226,0.7423245487424943,0.17489399542393197,0.34045690709107934,0.1446495666195663,0.6383760834510842,0.2707485275550793,0.45249930554275225,0.07384150118750722,0.07080806543205907,0.06813585499487582,0.033177583269307157,0.002984736463715983,0.10307018050300226,0.08147748505394423,0.0595365551913264,0.028247905546193552,0.1446495666195663,0.11242855113491784,0.12758802806083258,0.031209448048188877,14.857867972246046,12.368965487259118,0.0,0.0,11.35226011269529,1.0,5.0,5.0,3.6672782482573687e-16,0.18292385540833656,0.01318838884322268,0.07209769777584533,0.9999999999999999,1.0
4,0.4,1.0,4,10.0,0.08935593827544028,0.3263057861518963,0.2738631003394758,0.104657676166802,-0.0892413832446953,0.3906230994235709,0.02002607228815328,-0.0006593910018410327,0.09498646651786044,0.22818434479213112,0.00022809752115801867,0.011138669630476106,0.02328192464261186,-0.004935143756971403,1.0005218062096235,0.9695519674583324,0.3263057861518963,0.05617791827731127,0.8595552043067218,0.020176409379855736,0.26071318200670074,0.04170959037427922,0.8957260240643019,0.011271186443847128,0.19727676542754907,0.06944166897494478,0.8263958275626381,0.030817084701198393,0.3163912601735255,0.013263750697633497,0.05617791827731127,0.05385554126236067,0.003074961513149638,0.002984736463715983,0.04170959037427922,0.014912772288338257,0.02834578373822004,0.028247905546193552,0.06944166897494476,0.030790246167349482,0.0573491106188444,0.031209448048188877,14.093602422068901,10.794106830923122,0.0,0.0,11.35226011269529,1.0,5.0,5.0,3.6672782482573687e-16,0.08935593827544028,0.0035646678538621846,0.03989290384791296,0.9999999999999989,0.999999999999998
4,0.4,1.25,1,6.25,0.15851419711413417,0.3269778187755351,0.4847210718327795,0.15209264009868734,-0.15398630164639188,0.6163965906199219,0.020108933563873162,0.0036526765404751027,0.3780722403045737,0.22795528584267838,0.002617150121837426,0.016265765678661302,0.023486165776154665,-0.009051924902882123,0.9998417625360312,0.9680863781066367,0.3269778187755351,0.0719182225202202,0.8202044436994496,0.053244849419958315,0.3063462631811429,0.08127915328331262,0.7968021167917185,0.05901306770461554,0.34738269871194755,0.12144120387154975,0.6963969903211256,0.12333868209071375,0.483867337267035,0.04952298135132953,0.0719182225202202,0.06938636545477311,0.00677370909780338,0.003008504411980103,0.0812791532833126,0.05827753914899217,0.03251187605995702,0.028301981954466628,0.12144120387154975,0.08090235590709452,0.10431477422888882,0.031306692916427806,14.796544631484108,12.230922577943584,0.0,0.0,18.071674225521043,1.0,6.25,6.25,3.8169897723399586e-16,0.15851419711413417,0.02126127156680648,0.13412850049953465,0.9999999999999999,1.0000000000000002
4,0.4,1.25,4,12.5,0.08919268355945606,0.3269778187755351,0.2727844140546006,0.10369922480332519,-0.0890674793500526,0.6109131619251869,0.020108933563873162,-0.000634692870357715,0.09480292704369483,0.22795528584267838,8.724062356607436e-05,0.011084089869783454,0.023486165776154665,-0.005040658751719149,0.9998417625360312,0.9680863781066367,0.3269778187755351,0.08112672863770233,0.7971831784057442,0.04178705850964623,0.36384658467886555,0.041735806309435984,0.89566048422641,0.011299581703507746,0.19737944984367226,0.06928895206897762,0.826777619827556,0.03059179849731352,0.3158529618475746,-0.011837776568724727,0.08112672863770233,0.07913255860942513,0.00315274500665155,0.003008504411980103,0.041735806309435984,0.014981827975324189,0.028301552531412637,0.028301981954466628,0.06928895206897762,0.0305718345945679,0.057464671856860376,0.031306692916427806,14.10147828295224,10.890524220058978,0.0,0.0,18.071674225521043,1.0,6.25,6.25,3.8169897723399586e-16,0.08919268355945606,0.011326888474243884,0.12699347101372224,0.9999999999999987,0.9999999999999973
4,0.4,1.5,1,7.5,0.15293305911728045,0.32660913940580893,0.46832963915666154,0.15543444938714515,-0.1520793800771097,0.8849693686738518,0.019906997883893926,-0.00010647462904048687,0.37933660861207846,0.2271866168665553,-0.00019254499493477693,0.01657448814029576,0.023369544796988672,-0.008343751252328665,1.000004367645859,0.9677523192074271,0.32660913940580893,0.08822732932194605,0.7794316766951348,0.06292890134469106,0.3782077452650393,0.07842374521842091,0.8039406369539477,0.041414397971640635,0.3507043281204641,0.11820349026540247,0.7044912743364937,0.09390954159614383,0.4971079097308686,0.029976160943456412,0.08822732932194605,0.08615032004170489,0.003839311036641311,0.002978863700394835,0.07842374521842092,0.05600356518978147,0.02886212102013043,0.02820659230182008,0.11820349026540247,0.07497131373434145,0.09736828000124367,0.031197422773282336,14.72598248276715,12.065822172128215,0.0,0.0,17.860445109151293,1.0,7.5,7.5,3.553155238666222e-16,0.15293305911728045,0.010708454603670647,0.07002053490251972,0.9999999999999998,0.9999999999999999
4,0.4,1.5,4,15.0,0.08908877216023531,0.32660913940580893,0.2727903743957658,0.10439168073671856,-0.08899244086032478,0.8799830981791443,0.019906997883893926,8.44079965505388e-05,0.09432102247044451,0.2271866168665553,0.0015093212316944615,0.011133604561416703,0.023369544796988672,-0.004956948243906694,1.000004367645859,0.9677523192074271,0.32660913940580893,0.10632289549052742,0.7341927612736814,0.07156807530238521,0.46004640215025205,0.0414903921393894,0.8962740196515264,0.011115667063716386,0.19633629363323074,0.06956044087199478,0.8260988978200131,0.03087028076746245,0.3169319235925116,-0.03676245461853264,0.10632289549052742,0.10468820921355684,0.0032258473812920496,0.002978863700394835,0.0414903921393894,0.014811253871737637,0.02812975501980807,0.02820659230182008,0.06956044087199478,0.03066723750630153,0.05725369579256223,0.031197422773282336,14.098892401098492,10.836826143255923,0.0,0.0,17.860445109151293,1.0,7.5,7.5,3.553155238666222e-16,0.08908877216023531,0.006734745345688169,0.07559589365060547,0.9999999999999959,0.9999999999999987
4,0.4,1.75,1,8.75,0.15225719658072223,0.3270046437120846,0.465618320383258,0.15376957653365447,-0.1521003820446033,1.1774016410121295,0.020018071770279713,-0.0005508000747153424,0.3793071260359694,0.2261785173207408,-0.0002589750904767866,0.016439225806244913,0.023464843884849963,-0.008518480608142129,0.9999077923848083,0.9688705103805684,0.3270046437120846,0.10249847912119298,0.7437538021970176,0.07950624075511148,0.43298615485085346,0.07759558324601666,0.8060110418849584,0.03835608321229296,0.34962183301779043,0.11741528237997104,0.7064617940500724,0.08772677634651252,0.4993496355533428,0.014916803258778068,0.10249847912119298,0.10061124613014436,0.0032686340314702317,0.0029916834850264346,0.07759558324601666,0.055665482008313706,0.02817298269735355,0.02792544732905617,0.11741528237997104,0.0735117972593187,0.09668724710114718,0.03129344267665204,14.706676535715506,12.158716140437718,0.0,0.0,-31.366443347429737,1.0,8.75,8.75,3.726517550387809e-16,0.15225719658072223,0.019289381335294,0.12668945552972494,1.0,0.9999999999999996
4,0.4,1.75,4,17.5,0.08909408246646347,0.3270046437120846,0.27247839623964704,0.10391948866365552,-0.08898894997479853,1.2005958793261198,0.020018071770279713,-0.00037026253885081813,0.09435683534682757,0.2261785173207408,-0.0006375346357007266,0.011108142337117429,0.023464843884849963,-0.005117089797723384,0.9999077923848083,0.9688705103805684,0.3270046437120846,0.1295281080023175,0.6761797299942063,0.1059294262641507,0.5417111137474366,0.04111342686390023,0.8972164328402494,0.010889171074016223,0.19467796324548503,0.0691806470416217,0.8270483823959458,0.03062011462767366,0.31528312058043495,-0.06034746096069578,0.1295281080023175,0.12833151490385897,0.003306126827201195,0.0029916834850264346,0.04111342686390023,0.01479366377349685,0.027873199776545596,0.02792544732905617,0.0691806470416217,0.030545453947571813,0.05744155706138922,0.03129344267665204,14.10360677703549,10.850258307383804,0.0,0.0,-31.366443347429737,1.0,8.75,8.75,3.726517550387809e-16,0.08909408246646347,0.011664485776028292,0.1309232381445648,0.9999999999999954,0.9999999999999983
4,0.4,2.0,1,10.0,0.1518567037706841,0.32762114844220186,0.46355242571056376,0.15365051137888516,-0.15177602208827556,1.5637431822418022,0.019994282981987032,5.766364474741096e-05,0.38016113673358465,0.22856973042796536,0.0035268034904006795,0.016482821046232825,0.023398026468458743,-0.008429735121978225,0.9993571346319794,0.9668314185489224,0.32762114844220186,0.11850191295554031,0.7037452176111492,0.10413901577555135,0.48837054900215027,0.07779730154933859,0.8055067461266536,0.038458811622186034,0.3505276961245069,0.11610659498240349,0.7097335125439913,0.08508989177076397,0.4954430831412535,-0.002395317973136824,0.11850191295554031,0.11685647310215616,0.0034049875032510484,0.0029970905404688216,0.07779730154933859,0.05512557328200815,0.028171070955690908,0.028290285656427328,0.11610659498240349,0.07290912557012527,0.09531243522143391,0.031116496069499476,14.7154748103399,12.19024399981583,0.0,0.0,-5.058024048538061,1.0,10.0,10.0,3.8998012007236404e-16,0.1518567037706841,0.004928920278754091,0.032457706221499176,1.0,1.0
4,0.4,2.0,4,20.0,0.08950990663873698,0.32762114844220186,0.27322757943875425,0.10314090509109275,-0.0894117774190613,1.5583889230478603,0.019994282981987032,-2.8191396363896215e-05,0.0950275717554454,0.22856973042796536,0.001500153089605519,0.011067621192653249,0.023398026468458743,-0.00499463245992102,0.9993571346319794,0.9668314185489224,0.32762114844220186,0.15184938196351702,0.6203765450912075,0.14520229259639872,0.6140446172211864,0.04175103749787826,0.8956224062553044,0.011259225809739948,0.19749596167965144,0.06893149699456952,0.8276712575135762,0.030225676937572086,0.31443180803527554,-0.0829178849689475,0.15184938196351702,0.15083093523357047,0.0033997252098463527,0.0029970905404688216,0.04175103749787826,0.014974553153394691,0.02828582331198115,0.028290285656427328,0.06893149699456952,0.030389806962217766,0.057084614193160785,0.031116496069499476,14.09428781458206,10.92278016784419,0.0,0.0,-5.058024048538061,1.0,10.0,10.0,3.8998012007236404e-16,0.08950990663873698,0.0028003693458758397,0.031285580010469265,0.9999999999999997,0.999999999999995
4,0.4,3.0,1,15.0,0.15209402462799096,0.326599279820151,0.46571771640404735,0.1540463762981173,-0.15201730961196286,3.48633223955189,0.019958794177790257,0.0003800281544274388,0.3794545942357773,0.22792156781523887,0.001865134481121535,0.016427219520952444,0.023395901481859487,-0.008551111121661837,1.0006185851085272,0.9698560687225891,0.326599279820151,0.16244357981307278,0.5938910504673179,0.18056930866451887,0.6316485904008453,0.07792299378412343,0.8051925155396915,0.0386331108398558,0.35098185808076143,0.11681470694376063,0.7079632326405985,0.08641459530901521,0.497658939409788,-0.04562887286931218,0.16244357981307278,0.1613349206683971,0.0041409031115645515,0.0029779130085569264,0.07792299378412343,0.05562513247841745,0.028447062074026384,0.02827600364004356,0.11681470694376063,0.07383809522918665,0.09658807383390368,0.031188274138015115,14.713503336979942,12.120436997192943,0.0,0.0,-15.735400182931503,1.0,15.0,15.0,3.877914493886708e-16,0.15209402462799096,0.010382016144006297,0.06826051299122253,0.9999999999999999,0.9999999999999989
4,0.4,3.0,4,30.0,0.08944830516337177,0.326599279820151,0.2738899416920654,0.10504533147020842,-0.08934973103245193,3.504690076957162,0.019958794177790257,0.0008845491705326289,0.09530051601392618,0.22792156781523887,-0.0006135925261691544,0.011202872017530226,0.023395901481859487,-0.005042941446662006,1.0006185851085272,0.9698560687225891,0.326599279820151,0.2171370254734266,0.4571574363164336,0.2961458054829549,0.7895393218841781,0.041544437956495914,0.8961389051087602,0.011184906353966885,0.19653728342851282,0.06964561379109839,0.8258859655222541,0.030944566828413934,0.31728350212707807,-0.14749141168232818,0.2171370254734266,0.2167311850245335,0.004020742306837501,0.0029779130085569264,0.041544437956495914,0.014927457801279256,0.028280482230334393,0.02827600364004356,0.06964561379109838,0.031034456131761243,0.05743210671148863,0.031188274138015115,14.105085950249409,10.986004195210588,0.0,0.0,-15.735400182931503,1.0,15.0,15.0,3.877914493886708e-16,0.08944830516337177,0.006317613212556057,0.07062865194614174,0.999999999999996,0.9999999999999911
16,0.4,0.5,1,5.0,0.12222713355460114,0.24461917673206995,0.49951647337862454,1.0974313720664817,-0.08767613449916255,0.3859510202772309,0.07989235982528489,0.0013159210505984977,1.493688086985268,1.2813710048096312,-0.001056689432017836,0.06563151795274415,0.11239470834608747,-0.044838066717520955,0.9994924077289913,0.971768011951444,0.24461917673206995,0.07737124912759463,0.8065718771810134,0.14709067406570955,0.23976557157226366,0.20643856546489048,0.48390358633777386,0.3227534957163233,0.7094393316081292,0.24711207390533596,0.38221981523666015,0.43087908725589585,0.8046812822707841,0.16974082477774133,0.07737124912759463,0.06787641657327001,0.049398854077988774,0.014307035055065738,0.20643856546489048,0.162568836802982,0.15021917459891557,0.134672040535587,0.24711207390533596,0.19029953733231508,0.2365018908558992,0.16476047261780927,14.38240642374818,11.503397920307526,0.0,0.0,9.33289341399814,1.0,5.0,5.0,4.354155924701786e-16,0.12222713355460114,0.01366528083434541,0.11180235056597211,1.0,1.0000000000000002
16,0.4,0.5,4,10.0,0.041912976603663624,0.24461917673206995,0.17138062166456236,0.6045525698938569,-0.041118010142577016,0.39065092316038463,0.07989235982528489,-0.00045645873849091536,0.37790955291745165,1.2813710048096312,0.0034327934494026596,0.0361501386021938,0.11239470834608747,-0.021720201523585746,0.9994924077289913,0.971768011951444,0.24461917673206995,0.06605585653531837,0.834860358661704,0.028365384523499633,0.30191389815309233,0.1562490872570772,0.6093772818573069,0.1538873702246319,0.6273580660607543,0.2027744961590463,0.49306375960238424,0.25852385887530627,0.7553486219199252,0.13671863962372793,0.06605585653531837,0.05638369784975318,0.014460595960556533,0.014307035055065738,0.1562490872570772,0.060167939044558444,0.13473954290027992,0.134672040535587,0.2027744961590463,0.10302587711984695,0.19361497423396992,0.16476047261780927,14.069329640492537,10.763146965614755,0.0,0.0,9.33289341399814,1.0,5.0,5.0,4.354155924701786e-16,0.041912976603663624,0.005021075794657442,0.11979764267610019,0.9999999999999989,1.0
16,0.4,0.75,1,7.5,0.08728599432304923,0.24422711565221097,0.3574336165391095,1.084271123015995,-0.08515253328116099,0.8787831857228453,0.07970787886537387,-0.0009261292630673343,1.5114476457746386,1.285195377402268,-0.0038375519961640564,0.0646162808047582,0.11225741162949299,-0.04336436023029686,0.999548676398762,0.9693846477251153,0.24422711565221097,0.08857387746774406,0.7785653063306398,0.05329496438196288,0.3895744229567575,0.19906299340515426,0.5023425164871144,0.24995156132149604,0.7453634057042753,0.24197256970981518,0.3950685757254621,0.36920381667416136,0.8406590318749145,0.1533986922420711,0.08857387746774406,0.07998961607813704,0.014954405413331527,0.014263826397618699,0.19906299340515426,0.15130882059795864,0.13494945252001422,0.13514129552295998,0.24197256970981518,0.18145928874744924,0.2302162458881913,0.16477608560089954,14.339583340477265,11.434640747221955,0.0,0.0,-11.843254196431044,1.0,7.5,7.5,3.9898639947466563e-16,0.08728599432304923,0.011491193291074562,0.13164990993337555,1.0,1.0
16,0.4,0.75,4,15.0,0.04160478143091662,0.24422711565221097,0.17036649218346245,0.6058665631994534,-0.040907683356051376,0.8828561951932105,0.07970787886537387,-0.00026322307725465724,0.3777526353713235,1.285195377402268,0.0022936714888265094,0.03610818160802061,0.11225741162949299,-0.021867207711258926,0.999548676398762,0.9693846477251153,0.24422711565221097,0.1067890281956541,0.7330274295108647,0.07317408385993893,0.46077105711833166,0.15682690665768861,0.6079327333557785,0.15490418814686494,0.629230345141578,0.20252830151521461,0.4936792462119634,0.2578097527453901,0.7548317548306831,0.09573927331956056,0.1067890281956541,0.09999316262311982,0.014565312760051265,0.014263826397618699,0.15682690665768861,0.0603843412336826,0.1353118080660447,0.13514129552295998,0.20252830151521461,0.10298359914408968,0.19353340936593053,0.16477608560089954,14.069617797418658,10.65911765837255,0.0,0.0,-11.843254196431044,1.0,7.5,7.5,3.9898639947466563e-16,0.04160478143091662,0.005635043444626169,0.13544220762180845,0.999999999999999,0.9999999999999999
16,0.4,1.0,1,10.0,0.08677505421506085,0.24311017845777483,0.3569696349305405,1.0889887762857249,-0.08605258228108481,1.5731204168327875,0.0797380916257606,0.0004742139624690947,1.5158357509734226,1.288655088679754,0.00021803513842613784,0.06433145011393734,0.11254113256065734,-0.043331558426055294,1.0003336281336168,0.969639702777366,0.24311017845777483,0.11523977210251465,0.7119005697437133,0.08726198839327887,0.4889368721192945,0.19991238023397503,0.5002190494150625,0.251244227266778,0.7483176739030972,0.24364061569123113,0.39089846077192225,0.37267001740974115,0.8455330610464146,0.12840084358871645,0.11523977210251465,0.10814162716042808,0.014920426326518688,0.014257322322235182,0.19991238023397503,0.1519487163542687,0.13561564372964247,0.13542804037925527,0.24364061569123113,0.18288945190218112,0.23205983608248815,0.16572924145160156,14.354471253351674,11.384491430278624,0.0,0.0,-19.093779970550166,1.0,10.0,10.0,3.7206111318851087e-16,0.08677505421506085,0.0077301519199111535,0.08908265157349211,1.0,1.0
16,0.4,1.0,4,20.0,0.04179023937981592,0.24311017845777483,0.1719217540093233,0.6138545335835094,-0.04095425625604052,1.5649591321376755,0.0797380916257606,0.0011169134539540425,0.37847160698217786,1.288655088679754,0.004119259033976488,0.03626366573840581,0.11254113256065734,-0.022131622474435238,1.0003336281336168,0.969639702777366,0.24311017845777483,0.14280088840024951,0.6429977789993763,0.12995391438479104,0.5840505276164567,0.1569726517138384,0.607568370715404,0.15519382382382943,0.6296694347453625,0.20352406190995287,0.4911898452251179,0.26028974907811286,0.7573305604716515,0.06072317350970334,0.14280088840024951,0.13797541180953937,0.014818892294431611,0.014257322322235182,0.1569726517138384,0.06030386943404233,0.13533261391224075,0.13542804037925527,0.20352406190995287,0.10393747720174394,0.194640997787898,0.16572924145160156,14.064094281692483,10.822958532991983,0.0,0.0,-19.093779970550166,1.0,10.0,10.0,3.7206111318851087e-16,0.04179023937981592,0.003690915982485215,0.08832004882623079,0.9999999999999984,0.9999999999999993
16,0.4,1.25,1,12.5,0.08651271536347122,0.24364538484701254,0.35515799979392626,1.0790558525263962,-0.08581384319402051,2.446719506083932,0.079927137392067,-0.0010385015560400645,1.512717340982574,1.2946846427947982,0.0033680056800839417,0.0639826641884381,0.1128581048970787,-0.04286569462397593,0.9999697497530917,0.9694915521589191,0.24364538484701254,0.13777926258802253,0.6555518435299437,0.12317729739883884,0.5657190155412739,0.1996915006335562,0.5007712484161095,0.25066691133706454,0.7477905918307165,0.24328980662430572,0.39177548343923574,0.3716049134364927,0.8448441196850358,0.10551054403628317,0.13777926258802253,0.13175734784278204,0.01528900788145842,0.014296285740273277,0.1996915006335562,0.15158933731687824,0.1357012941463563,0.13576337491046436,0.24328980662430572,0.18176708733257474,0.231738796635729,0.16570334614836796,14.351362082352644,11.491650308766626,0.0,0.0,12.72535481393449,1.0,12.5,12.5,3.8653944519264695e-16,0.08651271536347122,0.007662862349355296,0.08857498365599599,1.0,0.9999999999999999
16,0.4,1.25,4,25.0,0.04190564055113271,0.24364538484701254,0.17203408079649343,0.6074466847468134,-0.04109303053174758,2.4533814238096374,0.079927137392067,0.0020868955455499564,0.3783038612340426,1.2946846427947982,0.0011525280585643575,0.03601959394776073,0.1128581048970787,-0.022020717895690406,0.9999697497530917,0.9694915521589191,0.24364538484701254,0.1754695147012679,0.5613262132468303,0.1957468412616209,0.6816007322447187,0.15738884629204775,0.6065278842698807,0.1560547859235229,0.6308894455367158,0.20352350254439971,0.49119124363900074,0.26037630462112915,0.7572412081008695,0.02805398784313181,0.1754695147012679,0.17203191590470113,0.01527128681352179,0.014296285740273277,0.15738884629204775,0.06061845564171395,0.13606898101890608,0.13576337491046436,0.20352350254439971,0.10332091074411336,0.19468915700229678,0.16570334614836796,14.069097787630012,10.706698401901146,0.0,0.0,12.72535481393449,1.0,12.5,12.5,3.8653944519264695e-16,0.04190564055113271,0.0033068520196693576,0.07891185950574793,0.9999999999999994,0.9999999999999989
16,0.4,1.5,1,15.0,0.08730671387066724,0.24384287479831868,0.35812075042760994,1.0823184025880854,-0.08663908220822272,3.5070207672742613,0.08026263354018193,-0.0014279640438011154,1.5118553259179783,1.2785164901618102,0.007868819383912104,0.06429402159746322,0.11265100263642802,-0.04323153179935175,0.9999836891091869,0.9695400006002485,0.24384287479831868,0.15621889886073573,0.6094527528481606,0.15787565234627635,0.6232188419574025,0.19973723086134734,0.5006569228466318,0.2508849352918565,0.7478012190148802,0.24376973794677967,0.3905756551330508,0.3732092391197396,0.8456394506141589,0.08755083908604394,0.15621889886073573,0.15087790033001458,0.015531061456938115,0.014346355723701973,0.19973723086134734,0.1518177756849438,0.1350416231224884,0.13480944941418982,0.2437697379467797,0.1826937659765579,0.2321591596447164,0.16545254926267783,14.355134921516555,11.422009979415588,0.0,0.0,-23.350000536518124,1.0,15.0,15.0,4.0592529337857286e-16,0.08730671387066724,0.011782594860114789,0.13495634342129822,0.9999999999999999,0.9999999999999998
16,0.4,1.5,4,30.0,0.0420777221256199,0.24384287479831868,0.1726081976069696,0.6102754595434187,-0.0412556971559383,3.510988219746279,0.08026263354018193,-0.002169045714846988,0.37867763252690584,1.2785164901618102,-0.004798378390675265,0.036255791134795025,0.11265100263642802,-0.022241971033712723,0.9999836891091869,0.9695400006002485,0.24384287479831868,0.19912111981912423,0.5021972004521895,0.25114415887605973,0.7444614402195613,0.15631989750401898,0.6092002562399526,0.15396523623651112,0.6276342512835837,0.2033293693333525,0.4916765766666188,0.2599269248403522,0.7567199218264105,0.004208249514228291,0.19912111981912423,0.19664367615716105,0.015934059001295367,0.014346355723701973,0.15631989750401898,0.06058186955497216,0.13501301343443017,0.13480944941418982,0.2033293693333525,0.10391953593481333,0.1945255378958199,0.16545254926267783,14.065689956623046,10.760229916406667,0.0,0.0,-23.350000536518124,1.0,15.0,15.0,4.0592529337857286e-16,0.0420777221256199,0.005816104145996101,0.13822288498965216,0.999999999999998,0.9999999999999979
16,0.4,1.75,1,17.5,0.08722435466619757,0.2445665575889266,0.35668555376591354,1.078559671098931,-0.08656812114693177,4.744061890358072,0.07988146397325152,0.0007911781770999134,1.5163375167681576,1.2794399373183338,0.006267014300192554,0.06447722829339378,0.11253308468744787,-0.04319753221701285,0.9995716645010768,0.9677911318533277,0.2445665575889266,0.1724294321629853,0.5689264195925368,0.19128805858084308,0.6708591022340835,0.20020387201360934,0.4994903199659767,0.25189206864635605,0.7491272914216907,0.24295977677388642,0.39260055806528393,0.3705462375292644,0.8442526463401677,0.0705303446109011,0.1724294321629853,0.16776353271920763,0.016421933196659882,0.014300860236113589,0.20020387201360934,0.15223679692196868,0.13526769958757534,0.13513444082844156,0.24295977677388642,0.1820558773391428,0.23133987709075782,0.1649190750341159,14.350885500189293,11.514984661572885,0.0,0.0,-10.798183353240152,1.0,17.5,17.5,4.094225064613177e-16,0.08722435466619757,0.009765894426347314,0.11196293126754348,1.0,1.0
16,0.4,1.75,4,35.0,0.04191403305655194,0.2445665575889266,0.17140923103719286,0.6041251212069453,-0.0411066415350572,4.793996523979678,0.07988146397325152,-0.0003049645716525416,0.3796289451117364,1.2794399373183338,0.0014462662143260182,0.036113945803394804,0.11253308468744787,-0.021866659294971308,0.9995716645010768,0.9677911318533277,0.2445665575889266,0.2203425532025477,0.4491436169936307,0.30638473870957406,0.7953280273031644,0.15671031853930684,0.6082242036517329,0.15470258792128827,0.6288490047752461,0.20277563459036244,0.493060913524094,0.2584047770384188,0.7554733959133932,-0.017566918612185286,0.2203425532025477,0.21847953690185434,0.01587778911933619,0.014300860236113589,0.15671031853930684,0.06070132139204007,0.13505450774321165,0.13513444082844156,0.20277563459036244,0.10298435659522083,0.1937763117154056,0.1649190750341159,14.065524561449093,10.719759336884692,0.0,0.0,-10.798183353240152,1.0,17.5,17.5,4.094225064613177e-16,0.04191403305655194,0.00451677818312745,0.10776291026523857,0.9999999999999992,0.999999999999999
16,0.4,2.0,1,20.0,0.08682746653463867,0.2427054666344753,0.3577963293408491,1.0982873367198462,-0.08613668910078301,6.257888431625457,0.07975486641032083,0.001395216521245631,1.5141344273285269,1.287611597092908,-0.0050511154636418,0.0646407013510018,0.11226292020436973,-0.04360286667120235,1.0006553305310475,0.9690485741252012,0.2427054666344753,0.1875901149927394,0.5310247125181515,0.2265583228110271,0.71139225215267,0.19982748026587105,0.5004312993353224,0.2511499873546007,0.7479874139747545,0.24405669907408964,0.3898582523147759,0.3738957722895066,0.8463877230809418,0.056466584081350246,0.1875901149927394,0.18330008698963907,0.016022611530252875,0.014238942564303119,0.19982748026587105,0.15195077592717887,0.13553210090397366,0.1353894270246352,0.24405669907408967,0.18362380254674177,0.23245031785158393,0.16591862445152897,14.352280758976956,11.466536934888534,0.0,0.0,23.972501336025758,1.0,20.0,20.0,4.2327252813834093e-16,0.08682746653463867,0.010035358427811994,0.11557815548848842,0.9999999999999999,1.0
16,0.4,2.0,4,40.0,0.04175654383177444,0.2427054666344753,0.1720959338664195,0.6136560402987127,-0.04095577890813144,6.248875130293852,0.07975486641032083,0.0028323164616016645,0.3782839372256447,1.287611597092908,0.0034307752736384995,0.03611422408361379,0.11226292020436973,-0.021904569082537614,1.0006553305310475,0.9690485741252012,0.2427054666344753,0.23782850666660427,0.40542873333348933,0.3563863137471035,0.8327562195859178,0.15690899232615482,0.607727519184613,0.1551183491930092,0.629426612437765,0.20391960264794784,0.49020099338013046,0.2614220924942626,0.7581759207454766,-0.033908904018656434,0.23782850666660427,0.23632967205508856,0.01615481836074593,0.014238942564303119,0.15690899232615482,0.06046176091179995,0.1354695480881463,0.1353894270246352,0.20391960264794784,0.10411641179567703,0.19489824172154563,0.16591862445152897,14.066783826966818,10.81304685507385,0.0,0.0,23.972501336025758,1.0,20.0,20.0,4.2327252813834093e-16,0.04175654383177444,0.0045312826211402835,0.10851670673213681,0.9999999999999991,0.9999999999999994
16,0.4,3.0,1,30.0,0.08647080198152175,0.24352807094083298,0.3551006309600642,1.082359524119329,-0.08577764438235722,14.087704308053585,0.07997728835390594,-0.003532989822090005,1.5107692675724043,1.2813608939599654,0.0005704023187802392,0.0641544496471862,0.11251840946004121,-0.04331453213445689,1.0000584225310454,0.9697499398949132,0.24352807094083298,0.22815066874809176,0.4296233281297708,0.3301751935574819,0.8105781501829767,0.19921502543467062,0.5019624364133234,0.24950813514085102,0.7465669920325022,0.24291184838896357,0.39272037902759116,0.3704874020062439,0.8440718399385738,0.014761179640871827,0.22815066874809173,0.22522919516164808,0.01825428046475937,0.0142959719107048,0.19921502543467062,0.1514768221315782,0.1348374630913996,0.13491472460954224,0.24291184838896357,0.18189507973652336,0.2314358239912584,0.16549554798119342,14.3481640727706,11.534759996187901,0.0,0.0,-13.941094295866407,1.0,30.0,30.0,4.0245584642661925e-16,0.08647080198152175,0.00861186687905022,0.09959277214626182,0.9999999999999997,1.0000000000000002
16,0.4,3.0,4,60.0,0.041629236864347136,0.24352807094083298,0.17096128706049263,0.6084346055775212,-0.04082266439576999,14.067849207893271,0.07997728835390594,-0.00034882684108491395,0.37790112925729874,1.2813608939599654,-0.00017217832448769294,0.036063448860152274,0.11251840946004121,-0.021728186180340316,1.0000584225310454,0.9697499398949132,0.24352807094083298,0.2838692380050327,0.2903269049874182,0.5063854372538338,0.9129607527713299,0.15659049657671698,0.6085237585582075,0.15447148185605425,0.6284810010275307,0.2033145606784349,0.4917135983039128,0.2598485585414698,0.7567242448507046,-0.08055467732659786,0.2838692380050327,0.2832779520292914,0.01883588922888629,0.0142959719107048,0.15659049657671698,0.0603956788528533,0.13506639416890784,0.13491472460954224,0.2033145606784349,0.10332210812541044,0.19423268631034796,0.16549554798119342,14.047741117590537,10.713088204507208,0.0,0.0,-13.941094295866407,1.0,30.0,30.0,4.0245584642661925e-16,0.041629236864347136,0.004471071390040014,0.10740219439067379,0.9999999999999987,0.9999999999999978
64,0.4,0.5,1,10.0,0.03480946112842655,0.15259316546099536,0.22827724928912294,7.941757589869775,-0.029197179467778757,1.5625623382025722,0.32023276553497904,-0.0003512781479704768,6.055790120499664,12.48713378816334,-0.002116591999804504,0.18461704764890727,0.564268935959963,-0.15168715977558078,1.0008226079418843,0.9806885319652107,0.15259316546099536,0.13219018104934407,0.6695245473766398,0.11058032389056047,0.5503705813561599,0.3129286345317278,0.21767841367068058,0.6138734518441556,0.9507697208144832,0.33918453631014245,0.15203865922464388,0.7209927096182353,0.974929971932477,0.2069943552607984,0.13219018104934407,0.10596604539745222,0.05158306094934273,0.05140878826118669,0.3129286345317278,0.25326726464077876,0.2945617103670406,0.29456672568926195,0.33918453631014245,0.2826518866166883,0.3375022466436564,0.32269903927789634,13.936060900894633,10.72078679339199,0.0,0.0,-11.542566669967488,1.0,10.0,10.0,4.735795089416683e-16,0.03480946112842655,0.004485440680814629,0.12885694105593812,1.0,1.0000000000000002
64,0.4,0.5,4,20.0,0.0156226905685627,0.15259316546099536,0.10239720335182385,3.0637151582858273,-0.01020477615528175,1.5720325627054441,0.32023276553497904,0.00011002541837880722,1.514644231127459,12.48713378816334,-0.010995712694222576,0.07123228682922025,0.564268935959963,-0.056421728556578565,1.0008226079418843,0.9806885319652107,0.15259316546099536,0.1539952261154311,0.6150119347114222,0.14965570262352118,0.6203204279536343,0.30013710016335177,0.24965724959162067,0.5648213208184056,0.9358641799983531,0.3287234818738253,0.17819129531543682,0.6773325526967391,0.9662848566723874,0.17472825575839418,0.1539952261154311,0.13585282038135593,0.051697291458558656,0.05140878826118669,0.30013710016335177,0.15192971285695775,0.2945737572676749,0.29456672568926195,0.3287234818738253,0.20298412167019123,0.32784093816071513,0.32269903927789634,13.925527098382949,10.481083518368438,0.0,0.0,-11.542566669967488,1.0,10.0,10.0,4.735795089416683e-16,0.0156226905685627,0.0019431705554704174,0.12438129955544466,0.9999999999999998,1.0000000000000002
64,0.4,0.75,1,15.0,0.03424206802363085,0.15311432293345317,0.22373681380024216,7.909388661950535,-0.028664969797600012,3.551011644911818,0.3199157519587389,0.00231577835455207,6.058367231950703,12.486320331694747,0.0012570262441111372,0.18516626457357077,0.5647231181547884,-0.1526880784871944,1.0002206152485031,0.9820256200495225,0.15311432293345317,0.16873864696376017,0.5781533825905996,0.1803442135613504,0.6633490212574507,0.3128078644137041,0.21798033896573982,0.613460141664383,0.9505791804041372,0.3386706053194636,0.15332348670134116,0.7188915579284761,0.9744614686688415,0.16993195835570335,0.1687386469637602,0.1492080030387764,0.052458223150595486,0.05142449205731028,0.3128078644137041,0.2532067893378609,0.2944332723707345,0.29439864627294526,0.3386706053194636,0.2821025424951726,0.3369717599647369,0.32245217648812274,13.947451214243195,10.621353363287094,0.0,0.0,11.96094442822581,1.0,15.0,15.0,5.0133508455729725e-16,0.03424206802363085,0.004362106549073165,0.12739027753997872,1.0,1.0000000000000002
64,0.4,0.75,4,30.0,0.015236842973468966,0.15311432293345317,0.09955556544742694,3.0472068008085618,-0.009826480623875892,3.5078008879307427,0.3199157519587389,-0.0023761824379780437,1.5122673255607761,12.486320331694747,-0.011856350702695948,0.07135963079759146,0.5647231181547884,-0.05635949931807331,1.0002206152485031,0.9820256200495225,0.15311432293345317,0.20225104262281696,0.4943723934429577,0.25758379285780464,0.7536714202562802,0.2999940836256054,0.25001479093598655,0.5643410129946783,0.9356294051333487,0.3283086069682919,0.17922848257927027,0.6756724701940803,0.9658705646473792,0.12605756434547494,0.20225104262281696,0.19231895115276307,0.052359167068892334,0.05142449205731028,0.2999940836256054,0.1517203053195506,0.2944550279432108,0.29439864627294526,0.3283086069682919,0.20239459066608695,0.3273983735849676,0.32245217648812274,13.935002180928311,10.531546384269863,0.0,0.0,11.96094442822581,1.0,15.0,15.0,5.0133508455729725e-16,0.015236842973468966,0.0017531790719070798,0.11506183235987856,1.0,0.9999999999999998
64,0.4,1.0,1,20.0,0.03443454428540588,0.15403703319102197,0.22370802586518077,7.8163196057995235,-0.028675242845041207,6.254174323368208,0.31956272002977426,0.003192332288078762,6.031698868469471,12.48755217761341,0.022330681460333797,0.18500372693970682,0.5634894712886533,-0.15244546804409473,0.999803596640533,0.9872219801219002,0.15403703319102197,0.19507232011601822,0.5123191997099545,0.24062087603550483,0.7347407245445863,0.31215559241618307,0.21961101895954246,0.6108868751982747,0.9498910868826405,0.33802474844231295,0.1549381288942177,0.7160062285460804,0.9741175136654843,0.14295242832629473,0.19507232011601822,0.17949917826149947,0.05333676709401186,0.05141613214024576,0.312155592416183,0.25201550164353326,0.29372618020679087,0.2938981625490016,0.33802474844231295,0.28097330721826635,0.33629026473100665,0.3217671481404073,13.957484650124854,10.672571652266946,0.0,0.0,-10.502971734572586,1.0,20.0,20.0,4.932846117642068e-16,0.03443454428540588,0.004437202949089561,0.12885905828497188,1.0,1.0
64,0.4,1.0,4,40.0,0.015215836852972437,0.15403703319102197,0.09881608473469537,2.9949917042678744,-0.00982722199907431,6.252873512837299,0.31956272002977426,0.0024254036163382222,1.5110483097941292,12.48755217761341,0.005505638153390783,0.07088834981089132,0.5634894712886533,-0.055734294141410345,0.999803596640533,0.9872219801219002,0.15403703319102197,0.23784930255854775,0.4053767436036307,0.35556837231493743,0.8336781404778013,0.2996468510489465,0.25088287237763374,0.5630953591943669,0.9351388960503656,0.3276379712808773,0.18090507179780668,0.6728145872781388,0.9653752691262478,0.0897886687223296,0.23784930255854775,0.2319555476013928,0.05305629617302665,0.05141613214024576,0.2996468510489465,0.1510461537069883,0.2940054018904198,0.2938981625490016,0.3276379712808773,0.20053402107202745,0.32671338557695595,0.3217671481404073,13.935178127216627,10.520349336827044,0.0,0.0,-10.502971734572586,1.0,20.0,20.0,4.932846117642068e-16,0.015215836852972437,0.0021914723660525735,0.14402575337974038,0.9999999999999999,0.9999999999999998
64,0.4,1.25,1,25.0,0.03464786488001592,0.1532371224840713,0.22614693485236112,7.908616037832733,-0.02910166226596348,9.740205650943178,0.3201306390668679,-0.006204674997461858,6.05173187125189,12.484897853655053,0.015143738120191506,0.1854459462349517,0.564556838560202,-0.15194949723776635,1.0004850121814441,0.9850896928646993,0.1532371224840713,0.21615707172671927,0.4596073206832018,0.2948105275668115,0.785974831066785,0.3125070168373628,0.21873245790659304,0.6122356396319144,0.9502994445548997,0.3387676525057366,0.15308086873565863,0.719206529170198,0.9746317333584847,0.12261058077901728,0.21615707172671927,0.20334791137505004,0.054101251523628054,0.05143390042675702,0.3125070168373628,0.2525742358443606,0.29411794261969887,0.29415047832932967,0.3387676525057366,0.28218179850686714,0.33706605413313007,0.32232147185537663,13.94751755604841,10.71612557804178,0.0,0.0,-10.683425773906444,1.0,25.0,25.0,4.3021142204224816e-16,0.03464786488001592,0.004827117534086024,0.13931933614963365,1.0,0.9999999999999999
64,0.4,1.25,4,50.0,0.01531263835299991,0.1532371224840713,0.09994515090275496,3.0378853219426905,-0.009879797258610405,9.780729245073843,0.3201306390668679,-0.0026147962665533883,1.5096538073264527,12.484897853655053,-0.001769406281623033,0.07123561567303496,0.564556838560202,-0.05588683786501821,1.0004850121814441,0.9850896928646993,0.1532371224840713,0.26317680625484363,0.3420579843628909,0.43518939217626096,0.8806946390979574,0.29986139195116834,0.25034652012207925,0.5637509072014022,0.9355560525544394,0.32821865673435124,0.17945335816412197,0.6751749522421557,0.9659183314296003,0.06504185047950756,0.26317680625484363,0.25947493330318094,0.054287290623379315,0.05143390042675702,0.29986139195116834,0.15106718917436127,0.29422946363552427,0.29415047832932967,0.32821865673435124,0.20176958358829328,0.32729449300521374,0.32232147185537663,13.942448157941314,10.5182491629945,0.0,0.0,-10.683425773906444,1.0,25.0,25.0,4.3021142204224816e-16,0.01531263835299991,0.001975131912687117,0.12898704110648362,0.9999999999999998,0.9999999999999997
64,0.4,1.5,1,30.0,0.03447214742107026,0.1533500517855437,0.22484885484905986,7.870304217981662,-0.028821990155230966,13.903096897004136,0.31964560677968784,-0.0003190830758870314,6.04508449647928,12.518162017664725,-0.012212683070843333,0.18465594903396412,0.563863593025026,-0.15121313954424578,1.0000588150690084,0.9844583887364925,0.1533500517855437,0.23207689125376868,0.4198077718655783,0.3396430869348004,0.8207413693340431,0.31268494265484326,0.21828764336289186,0.6129321880454328,0.9504925252287835,0.3384529705327183,0.15386757366820433,0.7177931325049884,0.9744717201586028,0.10637607927894961,0.23207689125376868,0.22107628075874491,0.05555614492644084,0.05139141827440248,0.31268494265484326,0.25274283261908537,0.2943302635028662,0.29428863270087047,0.3384529705327183,0.28144969745135995,0.33673871703428965,0.3221355382734061,13.950478777977935,10.719752306381443,0.0,0.0,-10.308177540937823,1.0,30.0,30.0,4.9439619065339e-16,0.03447214742107026,0.004199637109438511,0.12182696535091939,1.0,1.0000000000000002
64,0.4,1.5,4,60.0,0.015067484597914288,0.1533500517855437,0.0983099314323129,3.0456638313689233,-0.009730582598746328,14.093909241301144,0.31964560677968784,0.005034014561193751,1.51950318076989,12.518162017664725,-0.006229445169664718,0.07148715713691992,0.563863593025026,-0.05598489852814674,1.0000588150690084,0.9844583887364925,0.1533500517855437,0.2822085746308176,0.29447856342295586,0.5003173154729952,0.9107255576810931,0.29983221801384763,0.25041945496538087,0.5636764644656393,0.9354846256035989,0.32798439599280615,0.18003901001798467,0.6741439824500517,0.965777997513979,0.04577582136198849,0.2822085746308176,0.2797231256795569,0.05619355137514445,0.05139141827440248,0.29983221801384763,0.15148493706840221,0.29424664649623883,0.29428863270087047,0.32798439599280615,0.20169995844750466,0.32703385411407226,0.3221355382734061,13.940828497315259,10.530813664550882,0.0,0.0,-10.308177540937823,1.0,30.0,30.0,4.9439619065339e-16,0.015067484597914288,0.0018526053179000778,0.12295385509513142,0.9999999999999998,0.9999999999999993
64,0.4,1.75,1,35.0,0.03433709818095049,0.15267784295124862,0.225008465112856,8.04447624614387,-0.028735774196892293,19.301990275611203,0.32038209501583886,0.00345930352956011,6.059985839747846,12.466324539531666,-0.04221527422171106,0.18705252027977787,0.5641406899019421,-0.15319227447233633,1.0004110770920367,0.9817040817122916,0.15267784295124862,0.24702815291082147,0.38242961772294637,0.38381641872703454,0.8513243458270728,0.3125687666861995,0.21857808328450123,0.612453960419181,0.9503898730118167,0.3388009439689353,0.15299764007766192,0.719288513011791,0.9747162068328852,0.09177279105811377,0.24702815291082147,0.23770665403965877,0.05509646214132033,0.05146168184044664,0.3125687666861995,0.25300909159750407,0.29426770939058194,0.2943850555314997,0.3388009439689353,0.2826737848704275,0.33701419608261574,0.3224529273407653,13.955995765641681,10.71228891111796,0.0,0.0,-7.606769651927399,1.0,35.0,35.0,4.787836793695988e-16,0.03433709818095049,0.004624158238359456,0.13466945325405638,1.0,0.9999999999999996
64,0.4,1.75,4,70.0,0.015259754209275006,0.15267784295124862,0.09994785203735113,3.0884554632944736,-0.009726013222730963,18.98433973500119,0.32038209501583886,0.003816847478512828,1.5115386215456967,12.466324539531666,0.005547110550859697,0.07182216392493326,0.5641406899019421,-0.05619957035431157,1.0004110770920367,0.9817040817122916,0.15267784295124862,0.2959246583317172,0.26018835417070707,0.5492832051876866,0.9303400864708993,0.29992128113495453,0.25019679716261367,0.5640106427831356,0.9355957628916372,0.328295636720784,0.17926090819803997,0.6754294136876724,0.9660487699162477,0.032370978389066836,0.2959246583317172,0.2941414589278122,0.05637266929141728,0.05146168184044664,0.29992128113495453,0.1514245344813527,0.2942711610579922,0.2943850555314997,0.328295636720784,0.20236093432732533,0.3273510640496136,0.3224529273407653,13.933768565916901,10.638130973387788,0.0,0.0,-7.606769651927399,1.0,35.0,35.0,4.787836793695988e-16,0.015259754209275006,0.001932137394541018,0.1266165475566211,0.9999999999999993,0.9999999999999986
64,0.4,2.0,1,40.0,0.03445383105402404,0.15306484992397637,0.22517173338523555,7.921007396503611,-0.02898642339879001,25.132781967003798,0.31946051905191125,-0.00020563665663548896,6.058701053621046,12.485431713194231,-0.010983428009138863,0.18526946938447642,0.5633735893534055,-0.1518806659505388,1.000669985427062,0.9817259073178102,0.15306484992397637,0.2579113313475144,0.35522167163121393,0.4181961228758264,0.8713605338617458,0.31281360359888355,0.2179659910027911,0.613474604393565,0.9505934136008527,0.33880300689973863,0.15299248275065347,0.7193753673757632,0.9746396671229298,0.08089167555222418,0.2579113313475144,0.24962374196824677,0.05746319026734875,0.05132204282539458,0.31281360359888355,0.2531828356138981,0.29448347484691234,0.2944766648278868,0.33880300689973863,0.28222386580675574,0.3370260068310206,0.322328908397957,13.953151512023508,10.658549100153675,0.0,0.0,1.719101656713315,1.0,40.0,40.0,4.839878497975292e-16,0.03445383105402404,0.0040720631508290904,0.11818898004242386,1.0,0.9999999999999998
64,0.4,2.0,4,80.0,0.015288985556656406,0.15306484992397637,0.09990541867766081,3.045063991487613,-0.009725366401100458,25.075136352111322,0.31946051905191125,0.0005483555748917981,1.514525180147495,12.485431713194231,0.017383690974527764,0.07124384450889343,0.5633735893534055,-0.0556158548968122,1.000669985427062,0.9817259073178102,0.15306484992397637,0.30809505592127656,0.22976236019680857,0.5951514052701514,0.9453238743362316,0.3000401375631208,0.24989965609219805,0.5644981623370764,0.9357025254785275,0.3281844890817542,0.1795387772956146,0.6751057281270905,0.9658167172816804,0.020089433160477597,0.30809505592127656,0.30680392032664366,0.05710400000389263,0.05132204282539458,0.3000401375631208,0.1515920311439166,0.29435941828831236,0.2944766648278868,0.3281844890817542,0.20191926253674455,0.3272291828036995,0.322328908397957,13.930963555643952,10.52453605047799,0.0,0.0,1.719101656713315,1.0,40.0,40.0,4.839878497975292e-16,0.015288985556656406,0.0016758408420628355,0.10961098994126658,0.9999999999999999,0.9999999999999998
64,0.4,3.0,1,60.0,0.03445502109607302,0.15288027914554747,0.22534358679221195,7.9073394705632944,-0.028721705319415904,56.24069548986006,0.319856796278834,-0.007118488850784239,6.0592359030211576,12.53251992439921,0.06004428359135086,0.18437316604721388,0.5633024765007204,-0.1508880125908818,1.0001248895794443,0.9810544380792894,0.15288027914554747,0.2885365504117598,0.2786586239706006,0.5223263738608146,0.9203563781979843,0.31291855175081507,0.21770362062296233,0.6138291537978381,0.9507636049562374,0.3386960316847449,0.15325992078813794,0.7188406649463955,0.9746394934773288,0.05015948127298507,0.2885365504117598,0.2828880523449925,0.0612617400573736,0.051421083318410825,0.31291855175081507,0.25290485744750446,0.2944019164461134,0.2947564513655412,0.3386960316847449,0.2818415868630757,0.3369573000621567,0.32239191875774675,13.951304033024101,10.73073356895414,0.0,0.0,14.977266902786099,1.0,60.0,60.0,4.874572967494828e-16,0.03445502109607302,0.005098765347430759,0.14798323104239477,1.0,1.0000000000000002
64,0.4,3.0,4,120.0,0.015201611636007563,0.15288027914554747,0.09942975333845487,3.042025339320734,-0.009884067768347674,55.97056810313754,0.319856796278834,0.0036485318876545133,1.5123395763606893,12.53251992439921,0.012532796936182582,0.07094007510566208,0.5633024765007204,-0.055862840949351275,1.0001248895794443,0.9810544380792894,0.15288027914554747,0.33645124746456423,0.15887188133858945,0.709681465266002,0.9725747720568192,0.30046962742280237,0.24882593144299409,0.5661347148534781,0.9362134222605338,0.3282749994104983,0.17931250147375422,0.6753982523433497,0.965976744709142,-0.008176248054065905,0.33645124746456423,0.33597908841553686,0.06514866057556781,0.051421083318410825,0.30046962742280237,0.15201096332698244,0.2948641522446589,0.2947564513655412,0.3282749994104983,0.20166797199597458,0.32737192505532764,0.32239191875774675,13.932795446927217,10.588664832374457,0.0,0.0,14.977266902786099,1.0,60.0,60.0,4.874572967494828e-16,0.015201611636007563,0.0019389609826435481,0.12754969861555956,0.9999999999999979,0.9999999999999993
