d,sigma,omega,r,var_pw_e,var_zo_e,mse_pw,mse_zo,mse_wml,cos_pw,cos_zo,cos_wml,win_wml_vs_pw,win_zo_vs_pw,om_meas,ratio_e,mse_ratio_zo_pw,mse_ratio_wml_pw
2,0.05,0.5,0.017677669529663688,2.121158329589235e-06,0.012641322547171228,0.01905850709349586,0.02525697250657414,0.03284407644537915,0.9523537322662604,0.9368575687335647,0.9178898088865521,0.4200439453125,0.441131591796875,0.6748504770971633,5959.63175913381,1.3252335234166188,1.723328919954487
2,0.05,1.0,0.035355339059327376,4.04670145125203e-05,0.04407097250632698,0.07018312041072727,0.07563780475023663,0.08314202337073474,0.8245421989731818,0.8109054881244084,0.7921449415731632,0.46197509765625,0.49224853515625,1.4316610729827501,1089.0591519345128,1.0777207440704735,1.1846441549502085
2,0.05,2.0,0.07071067811865475,0.00044989074203581435,0.22866024834295656,0.171011858351071,0.17462758587659954,0.18078376203292246,0.5724703541223224,0.563431035308501,0.5480405949176939,0.43646240234375,0.44482421875,2.6812655558792113,508.2572877766701,1.021143139197434,1.0571416729580863
2,0.05,4.0,0.1414213562373095,0.010325662257375572,0.6814392346899861,0.2775176695368893,0.26950984921976695,0.26742161553822813,0.3062058261577768,0.3262253769505828,0.3314459611544297,0.51531982421875,0.51806640625,3.9983293631824846,65.99472437743519,0.9711448271726789,0.9636201398797091
2,0.05,8.0,0.282842712474619,0.12563980126463048,2.976569009107112,0.1745757661429595,0.18021485880847124,0.18346760449230315,0.5635605846426013,0.5494628529788218,0.541330988769242,0.486968994140625,0.45892333984375,7.99998171716495,23.691290332732017,1.032301692211357,1.0509339786718286
2,0.05,16.0,0.565685424949238,1.5308216986358976,8.273129635475934,0.1065562813637399,0.11235896793434676,0.11162587837166413,0.7336092965906502,0.7191025801641331,0.7209353040708397,0.487823486328125,0.457305908203125,16.000000223852865,5.404371810804649,1.0544565416167146,1.047576707285971
2,0.05,32.0,1.131370849898476,14.899331641366802,12.713541486659448,0.28338699519058164,0.31373785291526357,0.314979067755943,0.2915325120235459,0.21565536771184096,0.2125523306101424,0.46649169921875,0.464813232421875,31.999999790332286,0.8532960935886089,1.1071003900664904,1.1114803187920295
2,0.05,64.0,2.262741699796952,64.38893508818325,12.11118350539526,0.3339857057612753,0.31610318514319447,0.3260870084889145,0.16503573559681178,0.2097420371420137,0.1847824787777138,0.486053466796875,0.498260498046875,64.00000074498006,0.18809417314960258,0.9464572276309849,0.9763501936277279
2,0.1,0.5,0.035355339059327376,7.284707125348193e-06,0.01430693917117474,0.017068321841022586,0.023466052909154184,0.03032537619869797,0.9573291953974437,0.9413348677271146,0.9241865595032551,0.377960205078125,0.413909912109375,0.9039386325194656,1963.9690278544865,1.374830702615126,1.776705201668563
2,0.1,1.0,0.07071067811865475,0.000149465652295878,0.046552805634202304,0.06529049481231965,0.0708095481431845,0.07641414123747112,0.8367737629692009,0.8229761296420388,0.8089646469063223,0.39276123046875,0.40850830078125,1.0917493872625104,311.4615627010256,1.0845307321797701,1.170371605501335
2,0.1,2.0,0.1414213562373095,0.003207673046967917,0.12547777848608832,0.15712434701013614,0.1612047066238993,0.16103348178780166,0.6071891324746597,0.5969882334402516,0.5974162955304959,0.370635986328125,0.363433837890625,1.822184094838763,39.11800755525797,1.0259689837469932,1.0248792427911464
2,0.1,4.0,0.282842712474619,0.04299988281763584,0.5709096035720294,0.1197118927093461,0.12582410680355685,0.12913125388629781,0.7007202682266347,0.6854397329911079,0.6771718652842555,0.465301513671875,0.4521484375,3.999990534304243,13.277003707039832,1.0510577015856801,1.0786835874345535
2,0.1,8.0,0.565685424949238,0.4963365407957767,1.9086520753248903,0.2091762713294763,0.22172505918493415,0.20157333318810727,0.4770593216763092,0.4456873520376645,0.49606666702973173,0.494659423828125,0.41815185546875,7.999999952021671,3.8454796664068844,1.0599914501568493,0.9636529607634436
2,0.1,16.0,1.131370849898476,3.7307985699544566,3.143940189115649,0.4071219347139173,0.44229659509467883,0.42507394344662824,-0.017804836784793353,-0.10574148773669717,-0.0626848586165707,0.46099853515625,0.435028076171875,16.000000113406475,0.8426989906222754,1.086398342564074,1.0440949189960147
2,0.1,32.0,2.262741699796952,15.98746119151827,3.023112577072594,0.25936877831204685,0.22118122117148425,0.24390066192608967,0.35157805421988286,0.44704694707128945,0.39024834518477575,0.522674560546875,0.546905517578125,32.0000000419809,0.18909272340729294,0.8527673323324247,0.9403624580929804
2,0.1,64.0,4.525483399593904,64.03285576045823,3.0360452720351763,0.3207053539996938,0.21988349197777846,0.24327856825469024,0.19823661500076528,0.45029127005555386,0.39180357936327437,0.5687255859375,0.5943603515625,64.00000052424052,0.047413866459318596,0.6856246371801713,0.7585734544828413
2,0.2,0.5,0.07071067811865475,2.5402380746225762e-05,0.015298159371913174,0.01199105297389956,0.01897299365208141,0.022606964299982518,0.9700223675652511,0.9525675158697966,0.9434825892500437,0.367095947265625,0.371429443359375,0.7291727540224454,602.2332916250831,1.5822625163427397,1.8853193584575252
2,0.2,1.0,0.1414213562373095,0.0007774715219605569,0.032616216063395854,0.04764539182245302,0.05717717278676979,0.06479118240332928,0.8808865204438675,0.8570570680330756,0.8380220439916769,0.352630615234375,0.40380859375,0.9236783666213666,41.95165371607085,1.200056723215463,1.3598625160806477
2,0.2,2.0,0.282842712474619,0.008471914639074674,0.17622155163504666,0.32606923244469616,0.32707726293529366,0.3368432471320313,0.18482691888825958,0.18230684266176572,0.15789188216992167,0.46197509765625,0.493133544921875,2.000000676756791,20.80067601510844,1.0030914615372932,1.033042107673138
2,0.2,4.0,0.565685424949238,0.1349693361722277,0.4607042266363386,0.2708557090697902,0.27893205140520727,0.24736919230413582,0.32286072732552457,0.3026698714869819,0.38157701923966036,0.6363525390625,0.465728759765625,4.000000009147048,3.41339921868221,1.0298178774342766,0.9132877174850219
2,0.2,8.0,1.131370849898476,0.9570678675695083,0.8220273768001607,0.12687091442989124,0.15693335204299647,0.14867687599863222,0.6828227139252718,0.6076666198925088,0.6283078100034194,0.4908447265625,0.457977294921875,8.00000003085681,0.8589018654316695,1.2369529513379343,1.1718751824776272
2,0.2,16.0,2.262741699796952,3.9537522873462967,0.7519584222183728,0.18541646819224541,0.1021438800735044,0.14381126555469698,0.5364588295193864,0.7446402998162389,0.6404718361132575,0.5469970703125,0.605316162109375,16.00000000880458,0.19018855192950818,0.5508889316541103,0.7756121500792966
2,0.2,32.0,4.525483399593904,15.707120686837477,0.7535085586834163,0.28172742442001764,0.1042657620585018,0.14439218319406916,0.2956814389499559,0.7393355948537456,0.6390195420148271,0.558502197265625,0.594329833984375,31.99999993381096,0.04797241796931339,0.370094470828142,0.5125244143033795
2,0.2,64.0,9.050966799187808,63.89985966612834,0.7460352904547789,0.31870864787443015,0.10439144731652673,0.1442416727593557,0.20322838031392465,0.739021381708683,0.6393958181016107,0.68548583984375,0.73321533203125,64.00000011880132,0.011675069309271627,0.32754507294592305,0.45258160932045466
2,0.4,0.5,0.1414213562373095,0.000152164382069199,0.011089453191578853,0.006633363898305164,0.014900743340733276,0.015561273441463944,0.9834165902542371,0.9627481416481669,0.9610968163963401,0.412567138671875,0.38726806640625,0.5119620183586899,72.87811405520485,2.2463328665777618,2.3459098098688473
2,0.4,1.0,0.282842712474619,0.0011500643673244663,0.058443386014616475,0.060439701398962736,0.07121737962124049,0.07621892520473347,0.8489007465025932,0.8219565509468988,0.8094526869881663,0.45538330078125,0.464385986328125,1.0000068332692535,50.81749132927263,1.1783211692449347,1.261073821354808
2,0.4,2.0,0.565685424949238,0.02988071391036787,0.12265535817136741,0.06311293760068248,0.08173585312216265,0.08357517696930733,0.8422176559982938,0.7956603671945933,0.7910620575767316,0.51385498046875,0.453887939453125,2.000000000302371,4.10483359063282,1.295072868249422,1.3242162407031355
2,0.4,4.0,1.131370849898476,0.22795130297828337,0.18589886792079124,0.21395066122099915,0.23343919095817664,0.2632261668800822,0.46512334694750207,0.4164020226045583,0.3419345827997944,0.406707763671875,0.451904296875,4.000000007301979,0.8155200935109443,1.0910888969725918,1.230312471940361
2,0.4,8.0,2.262741699796952,1.00529755306027,0.18857547881963221,0.10873188907083949,0.03475233300417122,0.07096693989773967,0.7281702773229013,0.913119167489572,0.8225826502556508,0.485626220703125,0.549957275390625,7.999999953049383,0.18758175452191386,0.3196149105947186,0.6526782575395547
2,0.4,16.0,4.525483399593904,3.9375961789007463,0.18863156061858236,0.19188522181300746,0.0327103647645397,0.06125594918771739,0.5202869454674812,0.9182240880886507,0.8468601270307066,0.663055419921875,0.724151611328125,16.000000032530465,0.047905257941214884,0.17046838967315586,0.31923224002842404
2,0.4,32.0,9.050966799187808,15.964331758802237,0.18871360107406282,0.27910853562159826,0.032584104100065896,0.0605567507048151,0.30222866094600437,0.9185397397498353,0.8486081232379623,0.70855712890625,0.76171875,31.999999938808564,0.011820952102803301,0.11674348843362438,0.21696488274695758
2,0.4,64.0,18.101933598375616,64.1891733032152,0.18942236010080885,0.3129374171687619,0.03327430690537515,0.06078565985677244,0.21765645707809506,0.9168142327365622,0.8480358503580689,0.83477783203125,0.879730224609375,64.00000053394893,0.002951001708746431,0.10632894975109633,0.19424222391402865
2,0.8,0.5,0.282842712474619,0.0005524610344901827,0.010648126074247519,0.02107370125926144,0.03580025752290057,0.028839147335985554,0.9473157468518465,0.9104993561927486,0.9279021316600361,0.436370849609375,0.385162353515625,0.49986383912919546,19.273985692174165,1.6988120445698702,1.3684899003354414
2,0.8,1.0,0.565685424949238,0.007314787634331798,0.030331518454416236,0.06192595439648645,0.0767921563608869,0.09625673666863682,0.8451851140087839,0.8080196090977828,0.7593581583284079,0.33770751953125,0.442962646484375,1.0000000020069533,4.146602741008626,1.2400641558015928,1.5543843870753202
2,0.8,2.0,1.131370849898476,0.059434218543856845,0.05266881105450214,0.02387683513783488,0.03584052322368503,0.057876586709444414,0.9403079121554129,0.9103986919407876,0.855308533226389,0.29766845703125,0.4027099609375,1.999999996436608,0.8861698251426916,1.501058369620045,2.4239639121071797
2,0.8,4.0,2.262741699796952,0.24790148608014956,0.04738170867687706,0.03504936750879475,0.023546921530044455,0.02855965166247469,0.9123765812280131,0.9411326961748889,0.9286008708438133,0.486602783203125,0.500152587890625,4.000000000714954,0.19113120064781694,0.6718215820623854,0.8148407144667695
2,0.8,8.0,4.525483399593904,1.0012703854383398,0.04753130597931503,0.09850377967410584,0.02349213038600352,0.027822224007614173,0.7537405508147355,0.9412696740349912,0.9304444399809646,0.682159423828125,0.69537353515625,8.00000006902808,0.047470999512790546,0.2384896342427255,0.282448288783054
2,0.8,16.0,9.050966799187808,4.011484657609193,0.0472592145535557,0.18415903413441886,0.02337054768056315,0.027914048368100162,0.5396024146639528,0.9415736307985922,0.9302148790797498,0.758575439453125,0.772857666015625,15.999999948010334,0.011780978512260282,0.1269041607999792,0.15157577524937232
2,0.8,32.0,18.101933598375616,16.027616798650275,0.04732814002677473,0.28676373963692403,0.023160260830055422,0.02780650986032041,0.2830906509076897,0.9420993479248615,0.9304837253491991,0.75775146484375,0.76953125,32.00000006935478,0.0029529118783748532,0.0807642586171424,0.09696661752119239
2,0.8,64.0,36.20386719675123,64.1896563884805,0.04792549890113797,0.31190939787721783,0.023284165011321835,0.028262645562157143,0.22022650530695548,0.9417895874716955,0.9293433860946072,0.895721435546875,0.904449462890625,63.99999976221291,0.000746623390707832,0.07465041184968584,0.09061171530741323
4,0.05,0.5,0.0125,8.411722906300423e-07,0.03140748586219262,0.02996265664246008,0.04713488343836074,0.06681293734553585,0.9250933583938499,0.8821627914040981,0.8329676566361603,0.216461181640625,0.28228759765625,1.2833661263282696,37337.756143474784,1.573120968571455,2.2298736104346384
4,0.05,1.0,0.025,3.5368348068482474e-05,0.08216727990756767,0.06492239849623282,0.08041062111987735,0.09822191714189239,0.8376940037594179,0.7989734472003067,0.7544452071452691,0.276092529296875,0.326202392578125,1.5103258202143657,2323.186815184868,1.238565163678345,1.512912637502014
4,0.05,2.0,0.05,0.0007635606754399516,0.23637512706607589,0.11404818615640068,0.1270972052465914,0.13897390099799298,0.7148795346089982,0.6822569868835214,0.6525652475050175,0.352569580078125,0.371917724609375,1.8139598219763156,309.5695400105306,1.11441671744166,1.2185542416905277
4,0.05,4.0,0.1,0.011192676478122478,1.017313523005819,0.257223556810097,0.2632882697239026,0.27282264711899795,0.3569411079747575,0.34177932569024344,0.31794338220250506,0.457366943359375,0.474334716796875,3.9623219695969594,90.8909968937536,1.0235775952599981,1.0606440969184538
4,0.05,8.0,0.2,0.10735643403970208,5.455924220959943,0.3704511091718867,0.37891705803733766,0.3727925492352235,0.07387222707028307,0.052707354906655735,0.06801862691194122,0.483551025390625,0.462677001953125,8.000168743272724,50.82065429764794,1.0228530800849156,1.0063205103328503
4,0.05,16.0,0.4,1.9915189603878949,13.095890588382785,0.38617126540061786,0.4125069331175226,0.38662836705506787,0.03457183649845516,-0.031267332793806626,0.03342908236233018,0.5604248046875,0.465606689453125,15.99999967325595,6.575830232533691,1.0681968599853846,1.0011836759888797
4,0.05,32.0,0.8,14.906457738465674,23.985402814579118,0.1829567474320794,0.24937320702163962,0.25698721954942094,0.5426081314198015,0.3765669824459009,0.3575319511264477,0.33099365234375,0.32452392578125,32.00000003893397,1.6090612025609206,1.363017273326946,1.4046337353303928
4,0.05,64.0,1.6,64.47062429153303,24.204627633060603,0.29892597970203644,0.325784119041311,0.3360506115240578,0.2526850507449089,0.18553970239672232,0.1598734711898555,0.4505615234375,0.4639892578125,63.999999634064245,0.37543653251453646,1.0898487958993937,1.1241933934916812
4,0.1,0.5,0.025,9.405436203827205e-06,0.01966370203619116,0.02333094479809407,0.04098776419927627,0.058297018360660466,0.9416726380047649,0.8975305895018093,0.8542574540983489,0.1888427734375,0.243408203125,0.6365166143634383,2090.674117611868,1.7567983017397824,2.498699425383871
4,0.1,1.0,0.05,0.00020738471540442805,0.049323853802640316,0.053416465638031804,0.06974666736933902,0.08476039707093674,0.8664588359049206,0.8256333315766524,0.7880990073226581,0.279296875,0.3182373046875,0.8378650242095349,237.83745926719902,1.3057147554831918,1.5867840760057417
4,0.1,2.0,0.1,0.0033626893836253397,0.18785895967137356,0.10973610033236744,0.1245740118830839,0.13187861133904252,0.7256597491690814,0.6885649702922902,0.6703034716523937,0.327728271484375,0.322296142578125,1.8973510659659376,55.865689107699104,1.1352144964672115,1.2017796417004987
4,0.1,4.0,0.2,0.03755934497795428,1.0786634153701244,0.19957531122756647,0.2115645065928391,0.22301209077773831,0.5010617219310838,0.47108873351790226,0.4424697730556544,0.445281982421875,0.428619384765625,3.9995379648886944,28.718909129092996,1.060073539615338,1.1174332606874804
4,0.1,8.0,0.4,0.5113259000759232,3.2000436316110332,0.3167346269247513,0.34211340231191545,0.3149786167007475,0.20816343268812168,0.14471649422021124,0.2125534582481312,0.537811279296875,0.421356201171875,7.999999976336689,6.258324937453552,1.0801263052087877,0.9944558943837203
4,0.1,16.0,0.8,3.650760227460931,5.7972061199528415,0.18534167003160368,0.23633916063870553,0.24465914847532858,0.5366458249209909,0.4091520984032362,0.38835212881167863,0.36859130859375,0.34832763671875,15.999999832665072,1.587944909760547,1.2751539391999973,1.3200439406508548
4,0.1,32.0,1.6,15.940809394937894,6.010418540129278,0.2535427476048456,0.2642880264484988,0.2825994875115397,0.3661431309878861,0.33927993387875305,0.2935012812211507,0.425445556640625,0.444793701171875,32.000000366935566,0.37704600759092727,1.0423805411322595,1.1146029227070615
4,0.1,64.0,3.2,64.80343813439998,6.051615468753864,0.30565506193147957,0.26209465166033996,0.28258653413542023,0.2358623451713009,0.34476337084915004,0.29353366466144937,0.51580810546875,0.540496826171875,63.9999998970917,0.09338417286136938,0.8574850683123815,0.9245275780800557
4,0.2,0.5,0.05,4.242805436036847e-05,0.0170338315743733,0.020690622769713556,0.04001305309878871,0.05215482443303057,0.9482734430757163,0.8999673672530282,0.8696129389174236,0.177093505859375,0.20269775390625,0.557104634519941,401.47567054793814,1.9338737912402943,2.5206986282391446
4,0.2,1.0,0.1,0.0006295190414313966,0.07233230676934134,0.03699409746718658,0.05484627869435438,0.068707204517231,0.9075147563320336,0.862884303264114,0.8282319887069225,0.184967041015625,0.210662841796875,0.9693466362907839,114.90090371988205,1.4825683676430415,1.8572477562987895
4,0.2,2.0,0.2,0.010395963729545094,0.24283763183941473,0.15380261091482847,0.16831397910438228,0.18450152049578483,0.6154934727129289,0.5792150522390442,0.538746198760538,0.301910400390625,0.356231689453125,2.000008146701367,23.358837925653365,1.094350597192331,1.1995994047068326
4,0.2,4.0,0.4,0.10441948181746079,0.8981249104891896,0.23339261073352663,0.24882990386139908,0.28373644819807015,0.4165184731661834,0.3779252403465023,0.2906588795048246,0.351043701171875,0.427154541015625,4.0000000049671565,8.601123993884896,1.0661430243200707,1.21570450455273
4,0.2,8.0,0.8,0.9166772564677919,1.4508573052829783,0.17954493861792042,0.2264215089296667,0.2554140359591193,0.5511376534551988,0.43394622767583313,0.3614649101022016,0.328643798828125,0.36492919921875,7.9999999830936375,1.5827351393810383,1.2610854456415599,1.422563275385065
4,0.2,16.0,1.6,3.9940631881900117,1.505859103625197,0.17253081149880972,0.1646696293611512,0.2015284082513074,0.5686729712529758,0.588325926597122,0.4961789793717314,0.41180419921875,0.46673583984375,16.000000036558774,0.37702435656948297,0.9544360681470929,1.1680719895802365
4,0.2,32.0,3.2,15.918295451874773,1.5218962459189318,0.24191893612374027,0.16321771846698407,0.19868881710051017,0.3952026596906493,0.5919557038325398,0.5032779572487247,0.554473876953125,0.608123779296875,32.00000022500361,0.09560673443460248,0.6746793826155844,0.8213032856546703
4,0.2,64.0,6.4,63.885049713925106,1.5165575212486933,0.2994160157457319,0.1623109592504921,0.19786912373006438,0.2514599606356702,0.5942226018737697,0.505327190674839,0.663299560546875,0.7213134765625,64.00000036662699,0.02373884857317607,0.5420917743703088,0.6608501660716022
4,0.4,0.5,0.1,0.00014140206170624867,0.01984457279151914,0.021660670835566952,0.046071357677169855,0.04826366468923207,0.9458483229110827,0.8848216058070755,0.8793408382769199,0.23577880859375,0.202606201171875,0.4830327107266724,140.3414671049467,2.126958949097754,2.228170357955066
4,0.4,1.0,0.2,0.0034439361505333964,0.0378067102340915,0.01831519785282667,0.042856934942652816,0.04892674592026865,0.9542120053679333,0.892857662643368,0.8776831351993284,0.15338134765625,0.146514892578125,0.9999534837150562,10.977761660371085,2.3399657097364366,2.6713741403955162
4,0.4,2.0,0.4,0.029248949409715685,0.21120826419666516,0.07297457480273259,0.0981127832219872,0.10786330810427203,0.8175635629931686,0.7547180419450319,0.7303417297393199,0.327239990234375,0.309112548828125,1.999999995794997,7.2210547202255295,1.3444789981607854,1.4780943691121446
4,0.4,4.0,0.8,0.23422425424702664,0.3730559209624243,0.08399363896694587,0.12290999529251523,0.1353524274146535,0.7900159025826354,0.6927250117687119,0.6616189314633663,0.303741455078125,0.31884765625,4.0000000037881005,1.5927296776403763,1.4633250422795012,1.611460451998263
4,0.4,8.0,1.6,0.9996845238845843,0.38310391725297765,0.09188794802779027,0.07803012354398789,0.11964465851566658,0.7702801299305244,0.8049246911400303,0.7008883537108337,0.36822509765625,0.45965576171875,8.000000048608962,0.3832248155291117,0.8491877903333823,1.3020712844679225
4,0.4,16.0,3.2,3.970759590079261,0.37516082123463645,0.1750257845143322,0.07716964659389698,0.11689627427323043,0.5624355387141695,0.8070758835152576,0.7077593143169238,0.5357666015625,0.61737060546875,16.000000078426954,0.09448087015188643,0.44090444621076874,0.6678803045939682
4,0.4,32.0,6.4,16.148806551758952,0.38025792085012466,0.25552406535302663,0.07749975239386858,0.11712991987695996,0.36118983661743337,0.8062506190153286,0.7071752003076002,0.634735107421875,0.7047119140625,31.99999941048663,0.02354712217471615,0.3032972737295666,0.45839095317748546
4,0.4,64.0,12.8,63.88339891793623,0.37999624373751106,0.3131847311289594,0.07793993537323232,0.11717694393378926,0.21703817217760155,0.8051501615669193,0.7070576401655269,0.710601806640625,0.775177001953125,63.99999961370203,0.005948278428729962,0.24886250071092758,0.37414641356043493
4,0.8,0.5,0.2,0.0006066717368148396,0.016499763307248526,0.033058258449507175,0.07914449717035124,0.06658347777070925,0.9173543538762321,0.802138757074122,0.8335413055732269,0.285186767578125,0.18170166015625,0.4999932736551974,27.197184747514232,2.3940915487497834,2.014125392370809
4,0.8,1.0,0.4,0.006534565424076523,0.056086497708672425,0.03777187062031522,0.07430816421346235,0.06876378157717214,0.905570323449212,0.8142295894663442,0.8280905460570697,0.339569091796875,0.250396728515625,1.0000000064309307,8.5830493795383,1.9672884343063606,1.8205024121889326
4,0.8,2.0,0.8,0.057948795322679776,0.09309512396996297,0.04078722029486884,0.08827094886514093,0.11478420239957307,0.8980319492628279,0.7793226278371477,0.7130394940010674,0.2020263671875,0.220001220703125,2.000000005461283,1.6065066314420475,2.1641815310528947,2.8142197867309258
4,0.8,4.0,1.6,0.24944986391980256,0.09450418651824652,0.04416288182927923,0.0686236353225145,0.08506802534378433,0.889592795426802,0.8284409116937137,0.7873299366405393,0.280609130859375,0.313232421875,3.9999999985984696,0.37885042322023216,1.5538758450545276,1.9262335658400285
4,0.8,8.0,3.2,0.9860840122845996,0.09423315769013255,0.10179677513675481,0.06692925533867272,0.08103245878000578,0.745508062158113,0.8326768616533182,0.7974188530499856,0.45556640625,0.492034912109375,7.999999974809186,0.09556301138257918,0.65747913181689,0.7960218648493134
4,0.8,16.0,6.4,3.9861595378100145,0.09451502297933681,0.1738613176885816,0.06735791575499944,0.08058538661652728,0.5653467057785461,0.8316052106125015,0.7985365334586818,0.65667724609375,0.691986083984375,15.999999985182342,0.02371079784510158,0.3874232442874393,0.4635038298793462
4,0.8,32.0,12.8,15.87255955600019,0.09458012939918331,0.25196904558208877,0.06817482551857568,0.08098730028357486,0.37007738604477797,0.8295629362035608,0.7975317492910629,0.74151611328125,0.767669677734375,31.999999963164136,0.005958719453248475,0.270568257148734,0.3214176570637129
4,0.8,64.0,25.6,63.93722266723793,0.09438356788324304,0.29725140985169685,0.0678388424524328,0.08114886358326595,0.25687147537075794,0.8304028938689181,0.7971278410418352,0.87841796875,0.90460205078125,64.00000021729926,0.0014761912379970504,0.22822042286116861,0.27299740520575605
8,0.05,0.5,0.008838834764831844,2.136223496434143e-06,0.038252491961812206,0.02597899564131881,0.06321106796172035,0.09863241491717677,0.935052510896703,0.8419723300956992,0.7534189627070581,0.040191650390625,0.0853271484375,1.3585944825499099,17906.596395772525,2.433160574582993,3.7966215583909984
8,0.05,1.0,0.017677669529663688,3.821836447898266e-05,0.13736282653357973,0.07979096790381414,0.11187150673106075,0.142861381340104,0.8005225802404647,0.7203212331723481,0.64284654664974,0.140777587890625,0.194488525390625,1.3990644240548324,3594.157636157334,1.4020572712680819,1.7904455240136898
8,0.05,2.0,0.035355339059327376,0.0004848356457771551,0.6607517266051927,0.16072753620712465,0.1843707023739556,0.20653613060840714,0.5981811594821884,0.5390732440651111,0.48365967347898214,0.265594482421875,0.30267333984375,2.5363624672233795,1362.8365248311256,1.1471009058233974,1.2850077558723376
8,0.05,4.0,0.07071067811865475,0.008919285064835756,2.3138213237730816,0.23440690891207142,0.2513128390207917,0.2710949111495451,0.4139827277198214,0.3717179024480206,0.32226272212613727,0.333038330078125,0.374755859375,4.2111955441113755,259.41780164593155,1.0721221494160904,1.1565141676401516
8,0.05,8.0,0.1414213562373095,0.12136136403850745,9.316137119179889,0.31751396793207737,0.33618193953752146,0.33848833920536414,0.2062150801698066,0.15954515115619622,0.15377915198658954,0.483917236328125,0.4158935546875,8.002729047636102,76.7636157766315,1.0587941744012899,1.0660581057579603
8,0.05,16.0,0.282842712474619,1.4829361139961583,29.049466178573592,0.23273589181647558,0.26616427472164544,0.2865341509480894,0.4181602704588111,0.33458931319588636,0.28366462262977654,0.32098388671875,0.35595703125,16.0000000268522,19.589155530302804,1.1436322633533889,1.2311558338154243
8,0.05,32.0,0.565685424949238,14.795646150620819,45.87751050398426,0.3112455658558033,0.3693949672638761,0.36671859697489373,0.22188608536049148,0.0765125818403097,0.0832035075627656,0.387603759765625,0.369659423828125,31.999999991931443,3.1007439646060515,1.1868280476484372,1.1782291451014293
8,0.05,64.0,1.131370849898476,63.78597719679135,48.6515364955639,0.29161488846141126,0.34831146038450966,0.3550287475313732,0.27096277884647174,0.12922134903872573,0.11242813117156689,0.3809814453125,0.39215087890625,64.00000035049686,0.7627309109879286,1.1944227615477216,1.2174575495940543
8,0.1,0.5,0.017677669529663688,1.228598673055695e-05,0.025433461142875785,0.01459701605957314,0.05369938809023185,0.0864759171194108,0.9635074598510672,0.8657515297744204,0.783810207201473,0.013946533203125,0.031524658203125,0.4893550596534958,2070.11953542317,3.6787921497842193,5.924218810645031
8,0.1,1.0,0.035355339059327376,0.00013696788858208616,0.1517512861988377,0.0728705544143239,0.10625381871973219,0.13353942023699641,0.8178236139641903,0.7343654532006696,0.6661514494075089,0.137664794921875,0.1654052734375,1.287267824290661,1107.9333102801809,1.4581173366075868,1.8325566658615549
8,0.1,2.0,0.07071067811865475,0.002642798388679217,0.49192386606602756,0.11413198929527013,0.14364390598057553,0.16565702160615808,0.7146700267618247,0.6408902350485612,0.5858574459846049,0.239837646484375,0.266448974609375,1.9477218719528742,186.1374928080968,1.2585770813908737,1.4514512769736088
8,0.1,4.0,0.1414213562373095,0.0544602377537317,1.1163536508869454,0.15681064978242903,0.1900837748329835,0.2222937675393335,0.6079733755439274,0.5247905629175412,0.44426558115166614,0.2381591796875,0.24969482421875,3.999792737513448,20.498508580426666,1.2121866410012339,1.4175935617112785
8,0.1,8.0,0.282842712474619,0.49629645605067557,5.973081914398263,0.2740113544343633,0.3044581975856855,0.2836913666697676,0.3149716139140917,0.23885450603578634,0.29077158332558084,0.506256103515625,0.376953125,7.999999991714702,12.035310431046817,1.11111526095031,1.0353270478713794
8,0.1,16.0,0.565685424949238,3.6474762175998596,11.511920035596884,0.28733595164303655,0.3460352246379698,0.3328748666802306,0.2816601208924086,0.13491193840507543,0.1678128332994235,0.40618896484375,0.361663818359375,15.99999994282377,3.156132994109567,1.2042879516443408,1.158486659176461
8,0.1,32.0,1.131370849898476,15.873258123546206,12.093492082882932,0.23338316413832935,0.2983725314919219,0.3129287730748011,0.4165420896541766,0.2540686712701952,0.21767806731299713,0.346710205078125,0.371002197265625,31.99999995051543,0.7618783735989013,1.278466390639354,1.3408369632409474
8,0.1,64.0,2.262741699796952,64.03770182835538,12.162867500950881,0.2907392320784351,0.2974963263709502,0.31220802607914455,0.2731519198039123,0.25625918407262444,0.21947993480213862,0.473907470703125,0.5020751953125,64.00000002351388,0.18993291691747222,1.0232410818595412,1.0738420950183896
8,0.2,0.5,0.035355339059327376,4.676813675952358e-05,0.027041049397607424,0.018510351361487487,0.061248558620815685,0.08551425656919757,0.9537241215962813,0.8468786034479608,0.7862143585770062,0.0321044921875,0.0439453125,0.5114727785361689,578.1938574258243,3.308881469870368,4.619807312092301
8,0.2,1.0,0.07071067811865475,0.0006365447468431243,0.12786852032943402,0.06549683222435074,0.10295394471243827,0.1227765094227469,0.8362579194391232,0.7426151382189043,0.6930587264431327,0.150146484375,0.16583251953125,1.0037366931811882,200.87907560872083,1.5718919711992045,1.8745411839490527
8,0.2,2.0,0.1414213562373095,0.006968681134340446,0.6115558649026889,0.17474838600454584,0.19958110926124709,0.2250020132762387,0.5631290349886353,0.5010472268468823,0.43749496680940325,0.27459716796875,0.3192138671875,2.000056615578974,87.75776264020004,1.1421055943604266,1.287577061057294
8,0.2,4.0,0.282842712474619,0.09501854074239269,1.8061079872263117,0.20836819527417264,0.24632998903538586,0.23818866495681876,0.4790795118145684,0.38417502741153525,0.404528337607953,0.399993896484375,0.311676025390625,4.000000070094378,19.00795332274045,1.1821861235168964,1.1431143061128313
8,0.2,8.0,0.565685424949238,0.8856074324775408,2.8730048929640404,0.19700613353352564,0.2599800920109485,0.2567974059558956,0.5074846661661859,0.35004976997262877,0.3580064851102609,0.346954345703125,0.31060791015625,7.999999905637323,3.244106573187438,1.3196548114919795,1.303499547704158
8,0.2,16.0,1.131370849898476,4.010574345416327,3.017690436778928,0.16011735131662097,0.21602081126268874,0.2471165872347605,0.5997066217084476,0.4599479718432782,0.3822085319130988,0.302276611328125,0.35333251953125,15.999999953394784,0.7524334862980006,1.3491405490184667,1.543346709165233
8,0.2,32.0,2.262741699796952,16.069173282686535,3.044387290999784,0.23293466138058555,0.21701000783402716,0.24688845432924347,0.4176633465485361,0.45747498041493206,0.3827788641768912,0.471588134765625,0.536285400390625,31.999999827116753,0.18945512861448252,0.9316346762127448,1.0599043219500046
8,0.2,64.0,4.525483399593904,63.78661665586742,3.0357631255154356,0.2952412767899659,0.21718753565216461,0.24711299105199558,0.2618968080250851,0.45703116086958845,0.38221752237001094,0.59539794921875,0.658294677734375,63.99999961461236,0.047592477617892134,0.7356272741181492,0.8369865952984321
8,0.4,0.5,0.07071067811865475,0.00014119325387139235,0.03563639239084411,0.030074494713160184,0.08757525082265492,0.101185188176805,0.9248137632170996,0.7810618729433627,0.7470370295579876,0.07611083984375,0.05926513671875,0.53917840789053,252.39444104959836,2.9119442124603077,3.364485060908696
8,0.4,1.0,0.1414213562373095,0.002604875202047191,0.1118394414114595,0.07574031842537571,0.12681819064381036,0.144284314879787,0.8106492039365607,0.682954523390474,0.6392892128005326,0.149566650390625,0.146728515625,1.000068916945307,42.934663942274106,1.6743815352289535,1.9049869063059892
8,0.4,2.0,0.282842712474619,0.021355147815900033,0.4730173263639841,0.15803154498185149,0.19200212849798926,0.2074018052503584,0.6049211375453714,0.5199946787550269,0.48149548687410404,0.296478271484375,0.303558349609375,2.0000000799565774,22.150037566670353,1.2149607758377543,1.3124076289589945
8,0.4,4.0,0.565685424949238,0.22872641756495257,0.7227197072115156,0.08056868123737762,0.15148683136870789,0.18629796558640627,0.7985782969065559,0.6212829215782303,0.5342550860339843,0.158966064453125,0.1915283203125,3.9999999675170743,3.1597561615561145,1.8802198204335228,2.3122876373949937
8,0.4,8.0,1.131370849898476,0.99564561380765,0.7555865233972223,0.09027931244208581,0.13510774902583222,0.17910160104438794,0.7743017188947856,0.6622306274354195,0.5522459973890301,0.2244873046875,0.30364990234375,7.999999845319007,0.7588910280110921,1.496552702619483,1.9838609333592525
8,0.4,16.0,2.262741699796952,3.967830735650862,0.7557104228755656,0.16463349748500056,0.1349296296305643,0.1795772117477154,0.5884162562874986,0.6626759259235893,0.5510569706307115,0.4156494140625,0.510223388671875,15.999999985534213,0.19045933993240333,0.8195757952773703,1.0907695851148174
8,0.4,32.0,4.525483399593904,16.222470800442622,0.7594176884874901,0.23605316950831945,0.1355336938547248,0.17956139037181332,0.40986707622920127,0.6611657653631879,0.5510965240704666,0.601837158203125,0.699310302734375,32.00000007772019,0.04681270182756438,0.5741659564962887,0.7606819715482993
8,0.4,64.0,9.050966799187808,64.54214438276924,0.754947098895546,0.2983424924453982,0.13574346515568864,0.18040432923298405,0.2541437688865045,0.6606413371107784,0.5489891769175399,0.682373046875,0.774932861328125,63.99999993097772,0.011696963373548735,0.4549920597734901,0.6046886843180783
8,0.8,0.5,0.1414213562373095,0.0005001237359324633,0.03507925231362264,0.044918742383507085,0.13801983119969627,0.14271570393499003,0.8877031440412324,0.6549504220007594,0.643210740162525,0.09521484375,0.0496826171875,0.5000012275289797,70.14114666687153,3.072655730681661,3.1771972313141
8,0.8,1.0,0.282842712474619,0.007638356399200177,0.09435829429512295,0.04474903683144135,0.13028809801957147,0.13850471428085295,0.8881274079213967,0.6742797549510713,0.6537382142978676,0.09088134765625,0.058563232421875,1.0000000030691478,12.353219640943088,2.9115285432921114,3.0951440318719317
8,0.8,2.0,0.565685424949238,0.05663231375163928,0.17947382190123262,0.06117376486749482,0.15244932888422325,0.18057544522318245,0.847065587831263,0.6188766777894419,0.5485613869420439,0.101287841796875,0.094757080078125,1.9999999987223396,3.169106293066431,2.4920704032919256,2.9518445630135264
8,0.8,4.0,1.131370849898476,0.24938122616965433,0.1891023586357446,0.05559752211991449,0.1393882764684727,0.16373275890171254,0.8610061947002139,0.6515293088288182,0.5906681027457186,0.118682861328125,0.126617431640625,3.9999999951595693,0.7582862653305668,2.507095121394721,2.9449650390635855
8,0.8,8.0,2.262741699796952,1.0058564675329982,0.18934518502756542,0.10276782641978735,0.13886486086298352,0.16295349450960905,0.7430804339505317,0.6528378478425412,0.5926162637259774,0.2838134765625,0.318634033203125,8.000000036074537,0.1882427474885762,1.3512483984602977,1.5856469888151035
8,0.8,16.0,4.525483399593904,4.014760529759297,0.1882154301582048,0.16952879025011786,0.13758908339702594,0.1628955059623291,0.5761780243747054,0.6560272915074351,0.5927612350941773,0.489837646484375,0.552276611328125,16.000000493937478,0.04688086095373892,0.8115971522832848,0.9608722254314315
8,0.8,32.0,9.050966799187808,15.880866567517701,0.18905402318647302,0.2399280090905977,0.14037529994580797,0.16372703710929407,0.40017997727350574,0.6490617501354801,0.5906824072267648,0.65142822265625,0.705841064453125,32.0000000238088,0.011904515561711163,0.5850725827212685,0.6824006823124604
8,0.8,64.0,18.101933598375616,63.73110189061457,0.189075055707042,0.2988034167180167,0.13945448116868234,0.16272493237992178,0.2529914582049581,0.6513637970782942,0.5931876690501956,0.736358642578125,0.78411865234375,64.00000044868864,0.0029667626966745787,0.46670979435381327,0.5445885932873608
16,0.05,0.5,0.00625,1.8669557265589022e-06,0.07944842388405451,0.027471025679545232,0.09586728227902055,0.1460850168868098,0.9313224358011369,0.7603317943024486,0.6347874577829755,0.0010986328125,0.00506591796875,1.6954587754554087,42555.065850699444,3.489759843601427,5.317785312820841
16,0.05,1.0,0.0125,3.993682754350462e-05,0.25420460863098227,0.0593577895527955,0.12172346576104401,0.16801180576547825,0.8516055261180113,0.6956913355973899,0.5799704855863044,0.02178955078125,0.048065185546875,1.2165648934383815,6365.167797919553,2.0506738319960123,2.8304929653089754
16,0.05,2.0,0.025,0.0007240013015191783,0.8478529601811972,0.1293956528971304,0.1789745675660792,0.21559645525518345,0.6765108677571741,0.552563581084802,0.46100886186204126,0.110107421875,0.15679931640625,1.803848085111224,1171.0655193604484,1.3831574984081116,1.6661800487732206
16,0.05,4.0,0.05,0.00796901754290907,4.792092536664784,0.2952192312394507,0.31444990924910193,0.31961083093627995,0.26195192190137323,0.21387522687724514,0.20097292265930006,0.38580322265625,0.377197265625,4.17700363868696,601.3404426407427,1.0651403295405688,1.0826219877154457
16,0.05,8.0,0.1,0.15364210228207828,14.4646464950612,0.2803447671532808,0.31198683912297503,0.3016627723456889,0.29913808211679793,0.22003290219256239,0.24584306913577778,0.40325927734375,0.342071533203125,7.999724939924718,94.14507013516985,1.1128684237305333,1.0760421013342913
16,0.05,16.0,0.2,1.9881453575079213,46.29759033109353,0.3887083618704347,0.4072645803618251,0.3908598749206412,0.028229095323913087,-0.018161450904562948,0.022850312698396796,0.519256591796875,0.468231201171875,16.000000046600796,23.286823650120898,1.0477381510449102,1.0055350315590166
16,0.05,32.0,0.4,14.782577710524524,90.13159146497111,0.24753942095333828,0.33766848835034985,0.34339620531877274,0.38115144761665426,0.15582877912412532,0.14150948670306807,0.235260009765625,0.233154296875,31.999999579675666,6.097149849636948,1.3640998554892843,1.3872384608328856
16,0.05,64.0,0.8,63.561023667459,96.72879437227944,0.29270578058098495,0.3640086490622478,0.3684842692816779,0.26823554854753767,0.08997837734438048,0.07878932679580514,0.343719482421875,0.35205078125,64.00000019427249,1.5218256219149153,1.2435991128693646,1.2588896213470124
16,0.1,0.5,0.0125,9.762849575964742e-06,0.06409977414806954,0.021787403904248208,0.09394939811707417,0.14027348618000024,0.9455314902393795,0.7651265047073146,0.6493162845499993,0.0006103515625,0.00299072265625,0.5929407095735875,6565.682862294368,4.312096958865094,6.438283642992871
16,0.1,1.0,0.025,0.000127203554914203,0.29953555371640206,0.07120794949165599,0.13348413889510596,0.1745505440336416,0.82198012627086,0.6662896527622351,0.5636236399158959,0.02978515625,0.06195068359375,1.1265476430593016,2354.773448890124,1.874567935855917,2.451278899051785
16,0.1,2.0,0.05,0.001975983882068975,1.1946840476545255,0.20580626662779467,0.24406910355849476,0.26888735235393724,0.4854843334305132,0.389827241103763,0.3277816191151568,0.210357666015625,0.242950439453125,2.0681183483087504,604.6021217559826,1.1859167728837883,1.3065071183679073
16,0.1,4.0,0.1,0.02844025870513183,4.563616593318274,0.23727341126976323,0.26902884731474314,0.2788598884821737,0.40681647182559194,0.3274278817131422,0.30285027879456583,0.319671630859375,0.2999267578125,4.000007241697237,160.46325881328232,1.1338347852590875,1.1752681726530645
16,0.1,8.0,0.2,0.40405428968664936,13.48994538175782,0.32598163288803883,0.3492062222063533,0.34474094456479876,0.18504591777990298,0.12698444448411672,0.13814763858800297,0.457489013671875,0.3914794921875,7.999999989994657,33.386467427977294,1.0712450855361264,1.0575471431030072
16,0.1,16.0,0.4,3.6942025405565952,22.618956635850708,0.2607883712594655,0.3501396264714491,0.3493059767252409,0.34802907185133614,0.1246509338213772,0.12673505818689762,0.2939453125,0.2747802734375,16.00000003379554,6.1228252613466,1.342619783161595,1.3394231308638633
16,0.1,32.0,0.8,15.920288059893558,24.20435671364957,0.2338713662339829,0.3256899804894311,0.3360531796581855,0.41532158441504274,0.1857750487764222,0.15986705085453626,0.286529541015625,0.30316162109375,32.000000096627986,1.5203466559518646,1.3926030609646578,1.436914595701177
16,0.1,64.0,1.6,63.674871259717904,24.222038482927424,0.29331352807658,0.32558613691600935,0.3367851200936426,0.26671617980854995,0.18603465770997663,0.15803719976589353,0.408294677734375,0.42816162109375,64.00000104732464,0.38040184461669746,1.1100276862477458,1.148208615886659
16,0.2,0.5,0.025,2.92195893204619e-05,0.08051477252786791,0.02581216798115453,0.10666522497542766,0.1448229780158357,0.9354695800471138,0.7333369375614309,0.6379425549604107,0.00128173828125,0.001922607421875,0.6666459457324864,2755.5066446976043,4.132362111284258,5.610647587663733
16,0.2,1.0,0.05,0.0008193615569648161,0.16757087226659106,0.044713449717434975,0.12186740806854324,0.15452526757662752,0.8882163757064127,0.6953314798286419,0.6136868310584311,0.0167236328125,0.022186279296875,0.9483032188713976,204.51395460549617,2.7255201474876105,3.4559012680333177
16,0.2,2.0,0.1,0.012853431802061726,0.5985199412506184,0.09036618604971733,0.15928712327459227,0.20295484644613954,0.7740845348757066,0.6017821918135192,0.4926128838846511,0.083740234375,0.087249755859375,1.9999372923857273,46.564991394330505,1.7626850289659926,2.245915815618008
16,0.2,4.0,0.2,0.11643309212964707,3.0594501825488396,0.19054121406784377,0.25024540598729117,0.26344377639896566,0.5236469648303905,0.37438648503177197,0.34139055900258575,0.2646484375,0.218902587890625,3.999999915686491,26.276465965038295,1.3133400414788436,1.3826078399246702
16,0.2,8.0,0.4,0.898779342087531,5.713898004561619,0.2443188860302081,0.3259915041700092,0.32114476696915595,0.3892027849244797,0.18502123957497682,0.19713808257711016,0.318511962890625,0.281890869140625,7.99999996125204,6.35739801416703,1.3342869618753213,1.3144492109768744
16,0.2,16.0,0.8,4.001209513153078,6.062491506735703,0.16198846896914612,0.2623691340365403,0.2873271779935189,0.5950288275771347,0.34407716490864926,0.2816820550162026,0.213592529296875,0.246368408203125,15.999999805822478,1.5151647237683064,1.6196778431587844,1.7737508096841512
16,0.2,32.0,1.6,16.154467936214417,6.056815711540063,0.2344284750037756,0.26311317589455097,0.2881042939087213,0.41392881249056096,0.3422170602636225,0.2797392652281968,0.375518798828125,0.425323486328125,31.999999602438635,0.3749313029345983,1.1223601394425886,1.2289645867639638
16,0.2,64.0,3.2,64.16619339198998,6.051582401154693,0.29332619249499087,0.2645883523902205,0.28907287146993205,0.2666845187625228,0.33852911902444877,0.2773178213251699,0.519073486328125,0.575225830078125,64.00000004077162,0.0943110706939665,0.9020277055372028,0.9854996889678325
16,0.4,0.5,0.05,0.00016621275215680106,0.05697059037257442,0.0322552344698397,0.14424074697339676,0.1738453785605891,0.9193619138254009,0.6393981325665081,0.5653865535985272,0.00341796875,0.002044677734375,0.4887646899746856,342.75703658904433,4.471855478473401,5.389679579701814
16,0.4,1.0,0.1,0.0030867545531704397,0.15960353894534107,0.052232620648263214,0.15967225025990875,0.18801751094966693,0.869418448379342,0.6008193743502281,0.5299562226258328,0.017303466796875,0.014495849609375,1.0000042051819737,51.705937804938365,3.0569450331651704,3.5996185643409544
16,0.4,2.0,0.2,0.028136515052053127,0.782487391784914,0.11801653002922438,0.19653886773829943,0.23513413671700945,0.704958674926939,0.5086528306542515,0.41216465820747633,0.069122314453125,0.098541259765625,1.999999996533483,27.81038768793137,1.6653503343102072,1.9923830725982477
16,0.4,4.0,0.4,0.2285743332757909,1.4233074881410865,0.10260753808693478,0.2195830839402926,0.24894530234719053,0.743481154782663,0.45104229014926844,0.3776367441320237,0.08203125,0.0986328125,4.000000014704705,6.226891128776767,2.1400287740482544,2.426189215613675
16,0.4,8.0,0.8,1.0134384196545234,1.5132929203961862,0.0951961180170034,0.19999219956269967,0.24362775531608488,0.7620097049574915,0.5000195010932507,0.39093061170978777,0.10791015625,0.151824951171875,8.000000006715517,1.49322631848915,2.100844065164277,2.55921943447914
16,0.4,16.0,1.6,3.97975092748443,1.5099365737882022,0.162258234466261,0.1990690462009416,0.2428732150046962,0.5943544138343475,0.502327384497646,0.39281696248825954,0.2833251953125,0.3779296875,15.999999795565156,0.3794047922347295,1.2268656001081708,1.4968313676258926
16,0.4,32.0,3.2,15.852720798912799,1.519438344166388,0.23392213048640187,0.19983557150685446,0.2434304444021601,0.4151946737839953,0.5004110712328638,0.39142388899459973,0.473358154296875,0.57861328125,32.000000045908,0.0958471648772489,0.8542824532733602,1.0406473466019965
16,0.4,64.0,6.4,63.88001667903032,1.5128734392366188,0.2910772163144008,0.20049460820605908,0.24334897510556275,0.27230695921399795,0.49876347948485233,0.3916275622360931,0.640655517578125,0.7501220703125,64.00000046763641,0.023683047029216645,0.6888021355457074,0.8360289348195311
16,0.8,0.5,0.1,0.0006390369296788983,0.05250218859411076,0.058620614494296744,0.21481988648369854,0.23756915299417813,0.8534484637642581,0.4629502837907537,0.40607711751455466,0.01043701171875,0.004241943359375,0.4999848773898189,82.15830127453187,3.664579232696351,4.052655453096478
16,0.8,1.0,0.2,0.008684528282800042,0.1546885979209559,0.06146312567759153,0.2139323474130599,0.23726232783271695,0.8463421858060213,0.4651691314673503,0.40684418041820763,0.011322021484375,0.004669189453125,1.000000000131004,17.81197468460332,3.4806616984507865,3.8602385612031926
16,0.8,2.0,0.4,0.06003704246853901,0.3483559605182361,0.0639186603681062,0.21972205073756979,0.24539736272788737,0.8402033490797345,0.4506948731560756,0.3865065931802817,0.0145263671875,0.0074462890625,1.9999999957319683,5.802350452235947,3.4375259035811325,3.8392131705303147
16,0.8,4.0,0.8,0.24948854083925767,0.3789637633046049,0.07492420952755824,0.2238544713521868,0.2529735038422467,0.8126894761811044,0.44036382161953297,0.3675662403943833,0.02935791015625,0.0267333984375,4.00000001814638,1.5189626025700576,2.9877455199557335,3.376392029190502
16,0.8,8.0,1.6,1.0018969794656845,0.37836577325521104,0.11513258517367272,0.22436765708303305,0.25252778433859085,0.7121685370658182,0.43908085729241725,0.36868053915352283,0.117706298828125,0.131927490234375,8.000000032466097,0.37764938013586485,1.948776332474284,2.1933650144106744
16,0.8,16.0,3.2,4.026253452061836,0.3792559434774544,0.1774515108005153,0.22374798672171528,0.25336298856997314,0.5563712229987118,0.4406300331957117,0.3665925285750671,0.284423828125,0.330474853515625,15.999999982143194,0.09419574500041428,1.2608964877917823,1.4277871595852167
16,0.8,32.0,6.4,15.925513786217083,0.3766283228359622,0.23982036727158426,0.2237169592002432,0.25257189535997104,0.40044908182103933,0.44070760199939196,0.3685702616000723,0.477294921875,0.5509033203125,32.00000006468097,0.02364936716590704,0.932852208281773,1.0531711640402348
16,0.8,64.0,12.8,64.11376867108447,0.37802982252239486,0.2943899490367256,0.2236532508870828,0.2534552551320162,0.264025127408186,0.440866872782293,0.36636186216995936,0.61968994140625,0.69378662109375,64.0000002690835,0.005896234621018116,0.7597176860789554,0.8609507762114436
32,0.05,0.5,0.004419417382415922,2.884236218366944e-06,0.10301090204763336,0.017951761212433928,0.13329353337848543,0.19318509070640505,0.9551205969689152,0.6667661665537864,0.5170372732339874,0.0,0.0,0.8062391585224696,35715.140594815144,7.425095053412494,10.761344718232953
32,0.05,1.0,0.008838834764831844,3.639002297603888e-05,0.5303522125978941,0.0726738258752549,0.17133120574724064,0.2230963057877019,0.8183154353118628,0.5716719856318984,0.4422592355307452,0.0009765625,0.004730224609375,1.4623617694467945,14574.110407874876,2.357536619048126,3.06983020504037
32,0.05,2.0,0.017677669529663688,0.0006363432662410204,1.9560510994289892,0.12460212762475543,0.20733728565036746,0.25192943411360064,0.6884946809381115,0.48165678587408123,0.3701764147159983,0.03021240234375,0.051055908203125,2.351211824476626,3073.892980723581,1.6639947455373512,2.021871045992864
32,0.05,4.0,0.035355339059327376,0.010443308008099318,7.249532348630225,0.18360153801862206,0.24891997520932427,0.2725628888472935,0.5409961549534448,0.3777000619766893,0.3185927778817661,0.071044921875,0.08856201171875,4.118673032139169,694.1796931592789,1.355761928225662,1.4845348889160637
32,0.05,8.0,0.07071067811865475,0.1143444046218152,35.87354903646374,0.310428139671718,0.34724050612900237,0.3528646229235075,0.22392965082070487,0.13189873467749394,0.11783844269123124,0.37103271484375,0.327880859375,7.998892901817143,313.7324397736171,1.118585790889363,1.1367030814173826
32,0.05,16.0,0.1414213562373095,1.797752182456378,97.02709347401142,0.34373250461241345,0.37632877291912764,0.369536766558577,0.14066873846896635,0.05917806770218075,0.07615808360355739,0.4407958984375,0.37750244140625,15.99999986652901,53.971339554396984,1.0948303342550312,1.0750707646204711
32,0.05,32.0,0.282842712474619,14.968250928650448,178.66024443150016,0.29326698893659187,0.37420333983034604,0.37651145294747324,0.2668325276585203,0.0644916504241347,0.05872136763131669,0.25396728515625,0.249969482421875,31.999999983578466,11.935946643540692,1.2759817979760881,1.2838521454894465
32,0.05,64.0,0.565685424949238,63.76760074434696,193.8907574012961,0.2885853891227331,0.3734999407110874,0.3770323321198375,0.2785365271931671,0.06625014822228145,0.05741916970040621,0.253204345703125,0.26177978515625,64.00000028533623,3.04058417030038,1.2942441121031278,1.3064844802641362
32,0.1,0.5,0.008838834764831844,1.0771314140000817e-05,0.11113970432649048,0.020599796462611675,0.1422410214899632,0.19634252652385353,0.9485005088434708,0.6443974462750919,0.5091436836903662,0.0,0.0,0.672851675836497,10318.119301131259,6.904972180095495,9.53128478139152
32,0.1,1.0,0.017677669529663688,0.000228814068466405,0.2612523847463234,0.04133578666783097,0.15587516949277538,0.20711299859325763,0.8966605333304226,0.6103120762680615,0.4822175035168559,0.000518798828125,0.0013427734375,0.7670594947366307,1141.7671408813792,3.770949631257004,5.0105009554454805
32,0.1,2.0,0.035355339059327376,0.001869367902143662,2.4314842823755525,0.16827231714641597,0.2404657105883391,0.2732070029884807,0.57931920713396,0.3988357235291522,0.3169824925287982,0.070159912109375,0.0858154296875,2.1385314209712245,1300.6986370030716,1.4290271547108173,1.6236004092744483
32,0.1,4.0,0.07071067811865475,0.03372786879741649,7.944090477136553,0.24008478042561765,0.2920318294315793,0.3176026171369533,0.3997880489359559,0.26992042642105163,0.20599345715761658,0.140472412109375,0.176971435546875,4.0000154033979305,235.53490808601165,1.2163696045783114,1.322876929449312
32,0.1,8.0,0.1414213562373095,0.5187437946497424,21.526079011234863,0.2890670044982057,0.34874699937875275,0.3360036719127998,0.2773324887544857,0.12813250155311792,0.15999082021800043,0.32415771484375,0.272979736328125,8.000000012139818,41.49655231205097,1.2064573055791896,1.1623729678040284
32,0.1,16.0,0.282842712474619,3.591947147400287,45.64879445708635,0.2733044231805343,0.3616970394293798,0.3611347706278243,0.31673894204866415,0.0957574014265504,0.09716307343043921,0.2509765625,0.234466552734375,15.999999920168186,12.70864870328763,1.323421828378009,1.3213645297986
32,0.1,32.0,0.565685424949238,15.94884968116227,48.39686819791977,0.2303046706339759,0.34670466753934603,0.35420361590267535,0.42423832341506024,0.1332383311516348,0.11449096024331147,0.21246337890625,0.22576904296875,31.99999998562276,3.0345052568325954,1.5054174393638986,1.5379784306051376
32,0.1,64.0,1.131370849898476,64.69509944844441,48.53374841746406,0.28755267407336266,0.3468427225652049,0.35471914273090693,0.2811183148165932,0.1328931935869877,0.11320214317273261,0.32550048828125,0.3497314453125,64.00000029913842,0.7501920366648582,1.2061884789731279,1.23357970456713
32,0.2,0.5,0.017677669529663688,5.452764990669996e-05,0.07511200405510342,0.0201213483875006,0.16499813308223243,0.21119398653870622,0.9496966290312485,0.5875046672944189,0.47201503365323444,0.0,0.0,0.3977018877892082,1377.5030499870159,8.20015288760317,10.49601559853216
32,0.2,1.0,0.035355339059327376,0.0005247900333971418,0.5540093240925368,0.07120544031631734,0.1905063206100436,0.23290830299407267,0.8219863992092067,0.523734198474891,0.41772924251481824,0.00152587890625,0.00244140625,1.0015936760802833,1055.6780594826632,2.6754461423699314,3.2709341022177445
32,0.2,2.0,0.07071067811865475,0.008948560429422797,1.9117124403702668,0.1476086936165696,0.2352975836771008,0.2765505422439715,0.6309782659585761,0.41175604080724804,0.3086236443900712,0.030487060546875,0.041473388671875,2.0000006473533425,213.63351741857508,1.5940631809147576,1.8735383090805144
32,0.2,4.0,0.1414213562373095,0.1283041698970262,5.360635998709262,0.16791817663805653,0.2684683540388403,0.297790915665497,0.5802045584048587,0.32882911490289923,0.2555227108362575,0.0618896484375,0.08319091796875,3.999999954301477,41.78068415867994,1.5988046048017612,1.7734287116955654
32,0.2,8.0,0.282842712474619,0.9403566084588053,11.220742735097149,0.16079583634788963,0.30350729424101164,0.32954796358012955,0.5980104091302759,0.24123176439747096,0.17613009104967603,0.068267822265625,0.088409423828125,8.00000011350269,11.932433540811026,1.8875320476853568,2.0494807021441557
32,0.2,16.0,0.565685424949238,4.085923373393513,12.129781821702235,0.15914242980687987,0.30115199652363145,0.32105269472575937,0.6021439254828004,0.24712000869092127,0.1973682631856016,0.10797119140625,0.13275146484375,16.00000010723392,2.9686757957058787,1.8923425819819446,2.0173921883394543
32,0.2,32.0,1.131370849898476,16.014281459214292,12.114995767703743,0.23014523522228802,0.30147181808238244,0.32087398743702855,0.42463691194427977,0.24632045479404385,0.19781503140742843,0.2734375,0.320159912109375,32.00000001730577,0.7565119795451716,1.3099198764258706,1.3942239000825252
32,0.2,64.0,2.262741699796952,64.51968931912302,12.128258667771364,0.2903650171795194,0.30137709890027115,0.3211905254457273,0.2740874570512014,0.24655725274932208,0.19702368638568163,0.434661865234375,0.489501953125,64.00000000551351,0.18797763590868166,1.0379249602025697,1.10616123307702
32,0.4,0.5,0.035355339059327376,0.00018259202106315952,0.09981036297661383,0.039738660032143255,0.2213821357242825,0.2572720790876981,0.9006533499196419,0.44654466068929366,0.35681980228075466,0.0,0.0,0.4948674973073728,546.6304737493919,5.570951198284341,6.474100507656762
32,0.4,1.0,0.07071067811865475,0.0018299578654245813,0.5547609162260463,0.09160272335505432,0.23831352647938137,0.27108487403938003,0.7709931916123642,0.40421618380154656,0.3222878149015499,0.00274658203125,0.001434326171875,1.0000001024558496,303.15502160337024,2.6015987052663547,2.9593538719220023
32,0.4,2.0,0.1414213562373095,0.0313015525832055,1.3763576447919657,0.1140313597940884,0.2519919110819884,0.2853411422291683,0.714921600514779,0.3700202222950292,0.28664714442707917,0.0262451171875,0.027008056640625,2.0000000019775563,43.97090659108184,2.209847462461393,2.502304127078917
32,0.4,4.0,0.282842712474619,0.23414977983906154,2.7930435866651826,0.0941226204293123,0.26177393392393977,0.29716671424844865,0.7646934489267192,0.3455651651901505,0.25708321437887827,0.010040283203125,0.016937255859375,4.000000028654776,11.928448485345273,2.781201083543318,3.1572295043743064
32,0.4,8.0,0.565685424949238,0.9946661976868667,3.0354195893002682,0.1013423771297756,0.26195202839018134,0.29778428398983614,0.746644057175561,0.34511992902454663,0.2555392900254095,0.03143310546875,0.05035400390625,8.000000042653076,3.0516967364119236,2.5848222215543104,2.9383984511089936
32,0.4,16.0,1.131370849898476,3.9940657872412957,3.022500951028005,0.16642028638526407,0.2615040379193536,0.29809714961052636,0.5839492840368399,0.34623990520161596,0.25475712597368394,0.149688720703125,0.213104248046875,15.999999808067804,0.7567479135379112,1.5713471211915238,1.7912308414157483
32,0.4,32.0,2.262741699796952,16.152712743130557,3.025884956951212,0.2346000036653652,0.2617174342229704,0.29817973201477854,0.41349999083658695,0.3457064144425739,0.2545506699630536,0.339080810546875,0.441864013671875,32.00000011209402,0.18732983153173843,1.1155900687720604,1.2710133305884506
32,0.4,64.0,4.525483399593904,64.02307663383779,3.0223050460513794,0.291014991960728,0.26152043635868394,0.29781330557819874,0.2724625200981799,0.3461989091032901,0.2554667360545031,0.52423095703125,0.64117431640625,64.00000013337913,0.04720649498518501,0.8986493602844203,1.0233606989511665
32,0.8,0.5,0.07071067811865475,0.0005435831867743001,0.12343137609607147,0.09626981395680981,0.29300403182723916,0.31607026138196426,0.7593254651079755,0.26748992043190206,0.20982434654508925,0.001953125,0.000274658203125,0.5000261716326799,227.0698930710694,3.0435711858619734,3.2831710002448435
32,0.8,1.0,0.1414213562373095,0.008344177821500872,0.3171424193007863,0.10648212138262901,0.2961408409761297,0.31864413388018875,0.7337946965434275,0.25964789755967577,0.20338966529952815,0.004913330078125,0.001190185546875,1.000000001366089,38.007629521459755,2.781132054197041,2.992466056674288
32,0.8,2.0,0.282842712474619,0.05778926221428611,0.7010222635899364,0.11065714059090254,0.30049722264069995,0.3244915270209781,0.7233571485227437,0.24875694339825008,0.1887711824475546,0.006439208984375,0.002532958984375,2.0000000118896706,12.13066643748631,2.7155701027160353,2.932404771063238
32,0.8,4.0,0.565685424949238,0.2540879910753401,0.7592801046828477,0.10638348632829825,0.295879951422182,0.31956186457105684,0.7340412841792544,0.260300121444545,0.20109533857235787,0.006011962890625,0.003387451171875,4.000000039966395,2.988256554233262,2.7812582726335906,3.0038671940576616
32,0.8,8.0,1.131370849898476,1.0168464644543218,0.7557293570128191,0.13911954297373413,0.2955492150999883,0.31938250991130246,0.6522011425656647,0.2611269622500292,0.20154372522174385,0.0501708984375,0.0518798828125,8.000000027244978,0.7432089144533457,2.1244262939807688,2.2957415118277242
32,0.8,16.0,2.262741699796952,4.004721156243951,0.7571838857934469,0.18826118705719813,0.29568050620408776,0.3198931211923729,0.5293470323570046,0.2607987344897805,0.2002671970190677,0.130035400390625,0.1514892578125,16.000000048503175,0.18907281087795225,1.5705866452135624,1.6991984709794798
32,0.8,32.0,4.525483399593904,15.960871739290027,0.7566636391931774,0.2470279627792919,0.2958284685145013,0.3197643465109705,0.38243009305177017,0.26042882871374673,0.2005891337225736,0.29681396484375,0.347015380859375,32.00000026992015,0.047407413050663066,1.1975505330900955,1.2944459522449498
32,0.8,64.0,9.050966799187808,64.0193333166109,0.7573304967295421,0.29613169675393625,0.2960823702445979,0.31954048065362695,0.2596707581151593,0.2597940743885053,0.20114879836593258,0.465484619140625,0.55712890625,63.99999970673825,0.011829715454613145,0.9998334304977176,1.0790485589900958
64,0.05,0.5,0.003125,1.9170398484683408e-06,0.298477132898913,0.026880866768914533,0.19136941083791703,0.24792779449507157,0.9327978330777137,0.5215764729052074,0.380180513762321,0.0,0.0,0.9690287851197794,155696.8850373077,7.119168160872688,9.223206849184614
64,0.05,1.0,0.00625,3.877270636289366e-05,0.9879024030355799,0.07700849350843694,0.21888880875094535,0.26844728030338294,0.8074787662289077,0.45277797812263665,0.32888179924154265,0.0,0.0,1.1487638947374836,25479.325425191993,2.8423982703539603,3.4859437975367253
64,0.05,2.0,0.0125,0.0005190162942235052,4.59341111503441,0.16420153383085942,0.2673281504472559,0.3023518400943095,0.5894961654228514,0.33167962388186034,0.24412039976422623,0.0091552734375,0.01751708984375,2.4385586286037393,8850.225255271733,1.6280490456479233,1.8413460157184391
64,0.05,4.0,0.025,0.008536655256365714,17.380906164101624,0.2509857503466186,0.31790902567643403,0.33863338755309325,0.37253562413345354,0.20522743580891487,0.15341653111726686,0.090972900390625,0.114776611328125,4.188615225213635,2036.0323384431888,1.2666417325979362,1.3492135991203913
64,0.05,8.0,0.05,0.16765170640549285,50.46750148641329,0.2810370845638709,0.3486337041357032,0.34024257104211175,0.29740728859032267,0.1284157396607419,0.14939357239472043,0.27911376953125,0.22430419921875,7.999913337164893,301.025874227307,1.2405256220072614,1.210667878832145
64,0.05,16.0,0.1,1.7813373649293465,194.57507443289836,0.31294295696295166,0.367366324833131,0.36992413645590205,0.21764260759262083,0.08158418791717245,0.0751896588602447,0.242279052734375,0.231048583984375,16.00000004904956,109.22977211597188,1.1739082687731563,1.1820816804632424
64,0.05,32.0,0.2,14.686356206800834,360.75782507977584,0.31433027240554,0.38525176597723687,0.38237398673442957,0.21417431898614986,0.03687058505690773,0.04406503316392602,0.269927978515625,0.252349853515625,32.000000127752216,24.564147838979906,1.2256273092277792,1.2164720369061415
64,0.05,64.0,0.4,64.7251565811867,387.28241710953307,0.28886964119501435,0.3807321992824031,0.38345118638031933,0.2778258970124641,0.048169501793992237,0.0413720340492016,0.210723876953125,0.217681884765625,63.99999991401541,5.9834913898393305,1.3180069657280906,1.3274194712675034
64,0.1,0.5,0.00625,1.0706810641147477e-05,0.22400377960908668,0.023045972054068515,0.20207774687819097,0.253857885432328,0.9423850698648287,0.49480563280452255,0.3653552864191799,0.0,0.0,0.6477644951510627,20921.61588701447,8.768462723294691,11.015282186264397
64,0.1,1.0,0.0125,0.0002020963369593927,0.6915735012304249,0.05554234153115211,0.21730849536571456,0.2661912143459263,0.8611441461721198,0.4567287615857135,0.3345219641351841,3.0517578125e-05,3.0517578125e-05,0.9336735827234431,3421.9991892746825,3.9124835103293663,4.792581785494716
64,0.1,2.0,0.025,0.0027359229273279544,3.399567120948012,0.12855368791779026,0.2563462307761822,0.29567647307326506,0.6786157802055244,0.35913442305954457,0.2608088173168373,0.002960205078125,0.007781982421875,1.9373296765776673,1242.566845356352,1.9940791658977135,2.300023265472939
64,0.1,4.0,0.05,0.034607210143415515,15.13176320279372,0.2247849056677707,0.3111586930921124,0.32474257785653715,0.43803773583057315,0.22210326726971896,0.188143555358657,0.079071044921875,0.089263916015625,3.9999507635852822,437.2430814297448,1.3842508337815222,1.4446814250797722
64,0.1,8.0,0.1,0.47951766904175874,45.38267058004325,0.22387926951819762,0.33564939058009036,0.3463984712678958,0.440301826204506,0.16087652354977416,0.13400382183026044,0.07818603515625,0.081756591796875,7.999999889283906,94.64233230598873,1.4992428343295434,1.5472556794265377
64,0.1,16.0,0.2,3.5182786895892226,93.3983606697919,0.3019576982333688,0.37491794863413697,0.3748569218414378,0.24510575441657806,0.06270512841465754,0.0628576953964054,0.24151611328125,0.222320556640625,16.000000084695827,26.54660671031056,1.2416240779010728,1.241421974119463
64,0.1,32.0,0.4,16.042782600719285,96.67927505574735,0.23014270364340053,0.3626944055708018,0.3684530594660341,0.42464324089149863,0.09326398607299553,0.0788673513349146,0.14532470703125,0.158203125,32.00000002935572,6.026340782764999,1.575954396246193,1.6009764968996867
64,0.1,64.0,0.8,64.13355127253983,96.93368293282656,0.28806126469155846,0.3619464864364265,0.3675641027428688,0.2798468382711038,0.09513378390893364,0.0810897431428279,0.268341064453125,0.28564453125,64.00000035885014,1.5114348263812862,1.2564913468111745,1.2759928105447915
64,0.2,0.5,0.0125,2.3019434542063076e-05,0.34480987612797087,0.03940931251778502,0.23992012074926064,0.2805762128378293,0.9014767187055375,0.4001996981268484,0.2985594679054266,0.0,0.0,0.7807312023844695,14979.076723101292,6.087904239410093,7.119540913361737
64,0.2,1.0,0.025,0.0004691147920523639,1.2058714670860142,0.09022548091641171,0.25687599779455084,0.2938397622519696,0.7744362977089707,0.3578100055136229,0.265400594370076,0.0,3.0517578125e-05,1.0531835846011472,2570.525354381517,2.8470449277242476,3.256727027303893
64,0.2,2.0,0.05,0.009048128887391791,3.7263546386922553,0.13643764855413948,0.27515310534514775,0.30873491700020655,0.6589058786146513,0.31211723663713054,0.2281627074994836,0.005401611328125,0.00738525390625,1.9999931839454093,411.83704222922626,2.016694865830709,2.262827894440721
64,0.2,4.0,0.1,0.11411574243883185,11.814550157134807,0.1925221925430592,0.309418807021242,0.32948553130168934,0.5186945186423519,0.22645298244689493,0.17628617174577665,0.021270751953125,0.0294189453125,3.9999999921026745,103.53129116666462,1.6071851402379906,1.711415847437937
64,0.2,8.0,0.2,0.932456380791298,22.167894745871422,0.16535831712787305,0.33310599085146086,0.3526077793698501,0.5866042071803174,0.16723502287134773,0.11848055157537453,0.0283203125,0.037628173828125,8.000000028270176,23.77365333385287,2.0144495701045813,2.1323861145561573
64,0.2,16.0,0.4,3.99308484091162,24.240286105881843,0.1599828589279086,0.3305999989375188,0.34621132499128304,0.6000428526802286,0.1735000026562029,0.13447168752179234,0.0382080078125,0.04937744140625,15.999999911128025,6.070566259330416,2.0664713779523947,2.1640526198328076
64,0.2,32.0,0.8,15.801099056964935,24.20344525117121,0.23139443622285955,0.3300652106627121,0.3457861414356983,0.42151390944285105,0.17483697334321968,0.13553464641075413,0.194580078125,0.230682373046875,32.00000008913308,1.5317570736006887,1.4264180939286768,1.4943580627092794
64,0.2,64.0,1.6,63.99863347575261,24.204405646797856,0.28995288107207495,0.33067931149024876,0.3463571542162913,0.27511779731981245,0.1733017212743781,0.13410711445927165,0.347137451171875,0.40472412109375,64.00000019589048,0.37820191357629945,1.1404587885714101,1.1945291005064913
64,0.4,0.5,0.025,0.00013448733634235872,0.2726880767596422,0.06825587120783162,0.29612657458460573,0.3233900102842765,0.829360321980421,0.25968356353848554,0.1915249742893088,0.0,0.0,0.503294851453978,2027.611551956622,4.338477692020557,4.737907590390129
64,0.4,1.0,0.05,0.0017948029789313423,1.106621956962265,0.10742658432233335,0.30178850762697496,0.32749254181506104,0.7314335391941666,0.24552873093256256,0.1812686454623474,0.000152587890625,6.103515625e-05,1.0000371373107484,616.570158369788,2.8092534965224147,3.0485241979994453
64,0.4,2.0,0.1,0.02840754674731831,2.9212818311340243,0.14754206561666722,0.3125792409830122,0.3368065113788732,0.6311448359583318,0.21855189754246945,0.15798372155281692,0.0010986328125,0.0008544921875,2.0000000147140367,102.83470998458517,2.1185770964812995,2.282782947162599
64,0.4,4.0,0.2,0.22908660585872864,5.609304162597576,0.11989676714178739,0.3160775044292653,0.33923926970158724,0.7002580821455315,0.20980623892683678,0.1519018257460319,0.003997802734375,0.004425048828125,3.9999999510626756,24.48551778735016,2.6362470979344983,2.829427997006875
64,0.4,8.0,0.4,1.0072756921782062,6.0561441344862725,0.11553915995879961,0.3129635210489957,0.3384542507727632,0.711152100103001,0.21759119737751054,0.15386437306809192,0.008575439453125,0.011962890625,7.9999999199368785,6.012399764547109,2.708722489938443,2.9293466465694697
64,0.4,16.0,0.8,4.03658250723996,6.053299688834201,0.17491284897128143,0.31274551081950863,0.33840334188202725,0.5627178775717964,0.21813622295122836,0.15399164529493164,0.059234619140625,0.089080810546875,16.000000218470568,1.4996100483458679,1.7880076429997298,1.9346968725984732
64,0.4,32.0,1.6,16.04641291665537,6.04156469616824,0.23890293256043205,0.31286328893523807,0.33901339163432737,0.40274266859891983,0.21784177766190482,0.1524665209141815,0.189117431640625,0.271575927734375,32.00000011520105,0.37650562325349357,1.3095832921854036,1.4190424035442584
64,0.4,64.0,3.2,64.03039127710574,6.067890564815623,0.2918607544007119,0.31311087486169464,0.33868825869760366,0.2703481139982201,0.21722281284576328,0.15327935325599082,0.379364013671875,0.49713134765625,64.00000010899893,0.09476578924147877,1.0728091055086058,1.1604446764109972
64,0.8,0.5,0.05,0.0006823815428441732,0.18681473402629828,0.13857331101559073,0.34271458948567546,0.3582180887175215,0.6535667224610231,0.14321352628581135,0.10445477820619613,0.00030517578125,0.0,0.4999244031111184,273.76873830387115,2.473164471383072,2.5850438738323773
64,0.8,1.0,0.1,0.010007027700451674,0.4766008947662183,0.1405170068050388,0.34291170911659097,0.35864013350546403,0.648707482987403,0.1427207272085226,0.10339966623633978,0.000640869140625,0.0,0.999999996730817,47.62661891549542,2.440357341174837,2.552289873374982
64,0.8,2.0,0.2,0.055383224980395385,1.4347835539385414,0.1448663149645869,0.3423039883958713,0.35791051379959743,0.6378342125885327,0.14424002901032157,0.10522371550100627,0.000762939453125,3.0517578125e-05,2.000000006341973,25.90646453770844,2.362895670256738,2.4706262038010007
64,0.8,4.0,0.4,0.24969929021993664,1.51556288021774,0.1467651786623893,0.3433275850718916,0.3590707489337941,0.6330870533440267,0.14168103732027099,0.1023231276655148,0.0013427734375,0.000152587890625,4.0000000009122365,6.069552215718447,2.3392986551780366,2.4465663599932044
64,0.8,8.0,0.8,1.0038384677614869,1.5170183967329738,0.16944246239403377,0.3436405986475082,0.3591796147974147,0.5763938440149154,0.1408985033812294,0.10205096300646316,0.006683349609375,0.00384521484375,8.000000000132165,1.511217636554469,2.0280666002621084,2.119773342069076
64,0.8,16.0,1.6,3.9864867289544756,1.5138882319683729,0.20958421484026496,0.34412842616795913,0.359666870546528,0.4760394628993375,0.1396789345801021,0.10083282363367979,0.0576171875,0.063140869140625,15.999999973490926,0.3797549910232401,1.641957751590392,1.7160971346083906
64,0.8,32.0,3.2,16.080425911119228,1.512563922015206,0.2592138977284894,0.3435724798738734,0.3590478407683802,0.35196525567877646,0.14106880031531654,0.10238039807904945,0.181396484375,0.209228515625,32.000000077250654,0.09406242909084295,1.3254400434723004,1.3851411668693039
64,0.8,64.0,6.4,63.712595787216436,1.5117803077017031,0.30336921788912574,0.34315640973448847,0.3593155083810274,0.24157695527718565,0.14210897566377878,0.1017112290474314,0.309295654296875,0.363128662109375,63.99999978656598,0.02372812297195766,1.1311510512576264,1.1844165036953376
