checkpoint,env,mode,seed,action_dim,action_pad,actor_out_dim,critic_action_dim,M,eps_e,min_std,with_eta,alpha_entropy,alpha_kl,eta_final,ess_final,final_return,obs_dim,critic_obs_dim,max_episode_steps,path
G1JoystickFlatTerrain_pathwise_fa_s101_final,G1JoystickFlatTerrain,pathwise,101,29,0,29,29,32,0.5,0.1,False,0.00020752238924615085,0.004297551233321428,0.0,0.0,29.791976928710938,103,103,1000,exports/G1JoystickFlatTerrain_pathwise_fa_s101_final
G1JoystickFlatTerrain_pathwise_fa_s102_final,G1JoystickFlatTerrain,pathwise,102,29,0,29,29,32,0.5,0.1,False,0.00020752238924615085,0.004399615805596113,0.0,0.0,28.134492874145508,103,103,1000,exports/G1JoystickFlatTerrain_pathwise_fa_s102_final
G1JoystickFlatTerrain_pathwise_fa_s103_final,G1JoystickFlatTerrain,pathwise,103,29,0,29,29,32,0.5,0.1,False,0.00020752238924615085,0.0045029898174107075,0.0,0.0,33.471954345703125,103,103,1000,exports/G1JoystickFlatTerrain_pathwise_fa_s103_final
G1JoystickFlatTerrain_pathwise_fa_s104_final,G1JoystickFlatTerrain,pathwise,104,29,0,29,29,32,0.5,0.1,False,0.00020752238924615085,0.004470768850296736,0.0,0.0,29.318801879882812,103,103,1000,exports/G1JoystickFlatTerrain_pathwise_fa_s104_final
G1JoystickFlatTerrain_pathwise_fa_s105_final,G1JoystickFlatTerrain,pathwise,105,29,0,29,29,32,0.5,0.1,False,0.00020752238924615085,0.004524787422269583,0.0,0.0,30.039525985717773,103,103,1000,exports/G1JoystickFlatTerrain_pathwise_fa_s105_final
G1JoystickFlatTerrain_pathwise_fa_s106_final,G1JoystickFlatTerrain,pathwise,106,29,0,29,29,32,0.5,0.1,False,0.00020752238924615085,0.00441582640632987,0.0,0.0,28.9632568359375,103,103,1000,exports/G1JoystickFlatTerrain_pathwise_fa_s106_final
G1JoystickFlatTerrain_pathwise_fa_s107_final,G1JoystickFlatTerrain,pathwise,107,29,0,29,29,32,0.5,0.1,False,0.00020752238924615085,0.004208617378026247,0.0,0.0,32.16105270385742,103,103,1000,exports/G1JoystickFlatTerrain_pathwise_fa_s107_final
G1JoystickFlatTerrain_pathwise_fa_s108_final,G1JoystickFlatTerrain,pathwise,108,29,0,29,29,32,0.5,0.1,False,0.00020752238924615085,0.0041904267854988575,0.0,0.0,29.26029396057129,103,103,1000,exports/G1JoystickFlatTerrain_pathwise_fa_s108_final
G1JoystickFlatTerrain_pathwise_fa_s201_final,G1JoystickFlatTerrain,pathwise,201,29,0,29,29,32,0.5,0.1,False,0.00020752238924615085,0.012507792562246323,0.0,0.0,-2.203486919403076,103,103,1000,exports/G1JoystickFlatTerrain_pathwise_fa_s201_final
G1JoystickFlatTerrain_weighted_mle_s101_final,G1JoystickFlatTerrain,weighted_mle,101,29,0,29,29,32,0.5,0.1,True,0.00020752238924615085,0.5056033134460449,0.003707466647028923,18.947811126708984,9.402726173400879,103,103,1000,exports/G1JoystickFlatTerrain_weighted_mle_s101_final
G1JoystickFlatTerrain_weighted_mle_s102_final,G1JoystickFlatTerrain,weighted_mle,102,29,0,29,29,32,0.5,0.1,True,0.00020752238924615085,0.5706496238708496,0.0034427326172590256,18.336584091186523,18.405454635620117,103,103,1000,exports/G1JoystickFlatTerrain_weighted_mle_s102_final
G1JoystickFlatTerrain_weighted_mle_s103_final,G1JoystickFlatTerrain,weighted_mle,103,29,0,29,29,32,0.5,0.1,True,0.00020752238924615085,0.49293452501296997,0.0040075527504086494,18.846445083618164,14.692596435546875,103,103,1000,exports/G1JoystickFlatTerrain_weighted_mle_s103_final
G1JoystickFlatTerrain_weighted_mle_s104_final,G1JoystickFlatTerrain,weighted_mle,104,29,0,29,29,32,0.5,0.1,True,0.00020752238924615085,0.550157368183136,0.004036708734929562,19.628013610839844,10.967278480529785,103,103,1000,exports/G1JoystickFlatTerrain_weighted_mle_s104_final
G1JoystickFlatTerrain_weighted_mle_s105_final,G1JoystickFlatTerrain,weighted_mle,105,29,0,29,29,32,0.5,0.1,True,0.00020752238924615085,0.4959206283092499,0.004094380419701338,20.28453826904297,15.973441123962402,103,103,1000,exports/G1JoystickFlatTerrain_weighted_mle_s105_final
G1JoystickFlatTerrain_weighted_mle_s106_final,G1JoystickFlatTerrain,weighted_mle,106,29,0,29,29,32,0.5,0.1,True,0.00020752238924615085,0.561675488948822,0.003729667514562607,19.2889347076416,27.019664764404297,103,103,1000,exports/G1JoystickFlatTerrain_weighted_mle_s106_final
G1JoystickFlatTerrain_weighted_mle_s107_final,G1JoystickFlatTerrain,weighted_mle,107,29,0,29,29,32,0.5,0.1,True,0.00020752238924615085,0.5359904766082764,0.0037779794074594975,19.189918518066406,24.73347282409668,103,103,1000,exports/G1JoystickFlatTerrain_weighted_mle_s107_final
G1JoystickFlatTerrain_weighted_mle_s108_final,G1JoystickFlatTerrain,weighted_mle,108,29,0,29,29,32,0.5,0.1,True,0.00020752238924615085,0.5169694423675537,0.0038230731151998043,18.985403060913086,23.13818359375,103,103,1000,exports/G1JoystickFlatTerrain_weighted_mle_s108_final
HopperHop_pathwise_fa_s101_final,HopperHop,pathwise,101,4,0,4,4,32,0.5,0.1,False,0.00037288450403138995,0.009221709333360195,0.0,0.0,126.91902160644531,15,15,1000,exports/HopperHop_pathwise_fa_s101_final
HopperHop_pathwise_fa_s102_final,HopperHop,pathwise,102,4,0,4,4,32,0.5,0.1,False,0.00037288450403138995,0.0007764124893583357,0.0,0.0,1.340828776359558,15,15,1000,exports/HopperHop_pathwise_fa_s102_final
HopperHop_pathwise_fa_s103_final,HopperHop,pathwise,103,4,0,4,4,32,0.5,0.1,False,0.00037288450403138995,0.009629900567233562,0.0,0.0,639.6490478515625,15,15,1000,exports/HopperHop_pathwise_fa_s103_final
HopperHop_pathwise_fa_s104_final,HopperHop,pathwise,104,4,0,4,4,32,0.5,0.1,False,0.00037288450403138995,0.004263737704604864,0.0,0.0,1.1000750064849854,15,15,1000,exports/HopperHop_pathwise_fa_s104_final
HopperHop_pathwise_fa_s105_final,HopperHop,pathwise,105,4,0,4,4,32,0.5,0.1,False,0.00037288450403138995,0.01973598636686802,0.0,0.0,1.2786495685577393,15,15,1000,exports/HopperHop_pathwise_fa_s105_final
HopperHop_pathwise_fa_s106_final,HopperHop,pathwise,106,4,0,4,4,32,0.5,0.1,False,0.00037288450403138995,0.005262445658445358,0.0,0.0,218.9886016845703,15,15,1000,exports/HopperHop_pathwise_fa_s106_final
HopperHop_pathwise_fa_s107_final,HopperHop,pathwise,107,4,0,4,4,32,0.5,0.1,False,0.00037288450403138995,0.005428521893918514,0.0,0.0,107.36611938476562,15,15,1000,exports/HopperHop_pathwise_fa_s107_final
HopperHop_pathwise_fa_s108_final,HopperHop,pathwise,108,4,0,4,4,32,0.5,0.1,False,0.00037288450403138995,0.0011936782393604517,0.0,0.0,1.2595608234405518,15,15,1000,exports/HopperHop_pathwise_fa_s108_final
HopperHop_weighted_mle_s101_final,HopperHop,weighted_mle,101,4,0,4,4,32,0.5,0.1,True,0.00037288450403138995,0.41552257537841797,0.0010462014470249414,19.42098045349121,2.477243661880493,15,15,1000,exports/HopperHop_weighted_mle_s101_final
HopperHop_weighted_mle_s102_final,HopperHop,weighted_mle,102,4,0,4,4,32,0.5,0.1,True,0.00037288450403138995,0.6111050844192505,0.001232414273545146,17.531280517578125,0.6393567323684692,15,15,1000,exports/HopperHop_weighted_mle_s102_final
HopperHop_weighted_mle_s103_final,HopperHop,weighted_mle,103,4,0,4,4,32,0.5,0.1,True,0.00037288450403138995,0.4015600383281708,0.019274339079856873,22.562271118164062,208.39944458007812,15,15,1000,exports/HopperHop_weighted_mle_s103_final
HopperHop_weighted_mle_s104_final,HopperHop,weighted_mle,104,4,0,4,4,32,0.5,0.1,True,0.00037288450403138995,0.24157635867595673,0.006712878122925758,22.908164978027344,110.01028442382812,15,15,1000,exports/HopperHop_weighted_mle_s104_final
HopperHop_weighted_mle_s105_final,HopperHop,weighted_mle,105,4,0,4,4,32,0.5,0.1,True,0.00037288450403138995,0.49911603331565857,0.0068815043196082115,21.458560943603516,165.3518524169922,15,15,1000,exports/HopperHop_weighted_mle_s105_final
HopperHop_weighted_mle_s106_final,HopperHop,weighted_mle,106,4,0,4,4,32,0.5,0.1,True,0.00037288450403138995,0.37546175718307495,0.009910373017191887,22.339378356933594,227.1861572265625,15,15,1000,exports/HopperHop_weighted_mle_s106_final
HopperHop_weighted_mle_s107_final,HopperHop,weighted_mle,107,4,0,4,4,32,0.5,0.1,True,0.00037288450403138995,0.3535274267196655,0.002867842558771372,19.305587768554688,0.966966986656189,15,15,1000,exports/HopperHop_weighted_mle_s107_final
HopperHop_weighted_mle_s108_final,HopperHop,weighted_mle,108,4,0,4,4,32,0.5,0.1,True,0.00037288450403138995,0.5368783473968506,0.001675711595453322,17.76850128173828,1.00851309299469,15,15,1000,exports/HopperHop_weighted_mle_s108_final
HopperHop_weighted_mle_s234_final,HopperHop,weighted_mle,234,4,0,4,4,32,0.5,0.1,True,0.00037288450403138995,0.0009246604167856276,0.009333902969956398,30.016159057617188,1.0039265155792236,15,15,1000,exports/HopperHop_weighted_mle_s234_final
LeapCubeRotateZAxis_pathwise_fa_s101_final,LeapCubeRotateZAxis,pathwise,101,16,0,16,16,32,0.5,0.1,False,0.000782382907345891,0.014788543805480003,0.0,0.0,35.172019958496094,32,32,500,exports/LeapCubeRotateZAxis_pathwise_fa_s101_final
LeapCubeRotateZAxis_pathwise_fa_s102_final,LeapCubeRotateZAxis,pathwise,102,16,0,16,16,32,0.5,0.1,False,0.000782382907345891,0.011343940161168575,0.0,0.0,19.95796012878418,32,32,500,exports/LeapCubeRotateZAxis_pathwise_fa_s102_final
LeapCubeRotateZAxis_pathwise_fa_s103_final,LeapCubeRotateZAxis,pathwise,103,16,0,16,16,32,0.5,0.1,False,0.000782382907345891,0.022419191896915436,0.0,0.0,25.717702865600586,32,32,500,exports/LeapCubeRotateZAxis_pathwise_fa_s103_final
LeapCubeRotateZAxis_pathwise_fa_s104_final,LeapCubeRotateZAxis,pathwise,104,16,0,16,16,32,0.5,0.1,False,0.000782382907345891,0.010185281746089458,0.0,0.0,31.354408264160156,32,32,500,exports/LeapCubeRotateZAxis_pathwise_fa_s104_final
LeapCubeRotateZAxis_pathwise_fa_s105_final,LeapCubeRotateZAxis,pathwise,105,16,0,16,16,32,0.5,0.1,False,0.000782382907345891,0.010592173784971237,0.0,0.0,18.149362564086914,32,32,500,exports/LeapCubeRotateZAxis_pathwise_fa_s105_final
LeapCubeRotateZAxis_pathwise_fa_s106_final,LeapCubeRotateZAxis,pathwise,106,16,0,16,16,32,0.5,0.1,False,0.000782382907345891,0.016850057989358902,0.0,0.0,30.601478576660156,32,32,500,exports/LeapCubeRotateZAxis_pathwise_fa_s106_final
LeapCubeRotateZAxis_pathwise_fa_s107_final,LeapCubeRotateZAxis,pathwise,107,16,0,16,16,32,0.5,0.1,False,0.000782382907345891,0.008947850205004215,0.0,0.0,22.801921844482422,32,32,500,exports/LeapCubeRotateZAxis_pathwise_fa_s107_final
LeapCubeRotateZAxis_pathwise_fa_s108_final,LeapCubeRotateZAxis,pathwise,108,16,0,16,16,32,0.5,0.1,False,0.000782382907345891,0.007039744406938553,0.0,0.0,31.642131805419922,32,32,500,exports/LeapCubeRotateZAxis_pathwise_fa_s108_final
LeapCubeRotateZAxis_weighted_mle_s101_final,LeapCubeRotateZAxis,weighted_mle,101,16,0,16,16,32,0.5,0.1,True,0.000782382907345891,0.48884737491607666,0.009667955338954926,20.378908157348633,30.90998077392578,32,32,500,exports/LeapCubeRotateZAxis_weighted_mle_s101_final
LeapCubeRotateZAxis_weighted_mle_s102_final,LeapCubeRotateZAxis,weighted_mle,102,16,0,16,16,32,0.5,0.1,True,0.000782382907345891,0.5656040906906128,0.011358397081494331,19.67160415649414,23.850811004638672,32,32,500,exports/LeapCubeRotateZAxis_weighted_mle_s102_final
LeapCubeRotateZAxis_weighted_mle_s103_final,LeapCubeRotateZAxis,weighted_mle,103,16,0,16,16,32,0.5,0.1,True,0.000782382907345891,0.5227668285369873,0.007968088611960411,20.377761840820312,27.564002990722656,32,32,500,exports/LeapCubeRotateZAxis_weighted_mle_s103_final
LeapCubeRotateZAxis_weighted_mle_s104_final,LeapCubeRotateZAxis,weighted_mle,104,16,0,16,16,32,0.5,0.1,True,0.000782382907345891,0.4980354309082031,0.006602143868803978,20.220518112182617,37.772865295410156,32,32,500,exports/LeapCubeRotateZAxis_weighted_mle_s104_final
LeapCubeRotateZAxis_weighted_mle_s105_final,LeapCubeRotateZAxis,weighted_mle,105,16,0,16,16,32,0.5,0.1,True,0.000782382907345891,0.5182294845581055,0.006576273124665022,19.61565589904785,36.17533874511719,32,32,500,exports/LeapCubeRotateZAxis_weighted_mle_s105_final
LeapCubeRotateZAxis_weighted_mle_s106_final,LeapCubeRotateZAxis,weighted_mle,106,16,0,16,16,32,0.5,0.1,True,0.000782382907345891,0.31876885890960693,0.008913315832614899,22.928600311279297,27.818260192871094,32,32,500,exports/LeapCubeRotateZAxis_weighted_mle_s106_final
LeapCubeRotateZAxis_weighted_mle_s107_final,LeapCubeRotateZAxis,weighted_mle,107,16,0,16,16,32,0.5,0.1,True,0.000782382907345891,0.4985778033733368,0.008131725713610649,21.077009201049805,40.208927154541016,32,32,500,exports/LeapCubeRotateZAxis_weighted_mle_s107_final
LeapCubeRotateZAxis_weighted_mle_s108_final,LeapCubeRotateZAxis,weighted_mle,108,16,0,16,16,32,0.5,0.1,True,0.000782382907345891,0.5495988130569458,0.010525661520659924,20.270401000976562,23.94176483154297,32,32,500,exports/LeapCubeRotateZAxis_weighted_mle_s108_final
WalkerRun_pathwise_fa_pad16_s0_final,WalkerRun,pathwise,0,22,16,22,22,32,0.5,0.1,False,0.015279999934136868,0.02360256016254425,0.0,0.0,903.568603515625,24,24,1000,exports/WalkerRun_pathwise_fa_pad16_s0_final
WalkerRun_pathwise_fa_pad16_s1_final,WalkerRun,pathwise,1,22,16,22,22,32,0.5,0.1,False,0.015279999934136868,0.01822563447058201,0.0,0.0,910.3348999023438,24,24,1000,exports/WalkerRun_pathwise_fa_pad16_s1_final
WalkerRun_pathwise_fa_pad16_s2_final,WalkerRun,pathwise,2,22,16,22,22,32,0.5,0.1,False,0.015279999934136868,0.018835142254829407,0.0,0.0,909.5820922851562,24,24,1000,exports/WalkerRun_pathwise_fa_pad16_s2_final
WalkerRun_pathwise_fa_pad16_s3_final,WalkerRun,pathwise,3,22,16,22,22,32,0.5,0.1,False,0.015279999934136868,0.018937135115265846,0.0,0.0,907.1201782226562,24,24,1000,exports/WalkerRun_pathwise_fa_pad16_s3_final
WalkerRun_pathwise_fa_pad16_s4_final,WalkerRun,pathwise,4,22,16,22,22,32,0.5,0.1,False,0.015279999934136868,0.018067296594381332,0.0,0.0,902.1347045898438,24,24,1000,exports/WalkerRun_pathwise_fa_pad16_s4_final
WalkerRun_pathwise_fa_s101_final,WalkerRun,pathwise,101,6,0,6,6,32,0.5,0.1,False,0.014509915374219418,0.009246044792234898,0.0,0.0,911.6944580078125,24,24,1000,exports/WalkerRun_pathwise_fa_s101_final
WalkerRun_pathwise_fa_s102_final,WalkerRun,pathwise,102,6,0,6,6,32,0.5,0.1,False,0.014509915374219418,0.015087048523128033,0.0,0.0,910.4627685546875,24,24,1000,exports/WalkerRun_pathwise_fa_s102_final
WalkerRun_pathwise_fa_s103_final,WalkerRun,pathwise,103,6,0,6,6,32,0.5,0.1,False,0.014509915374219418,0.011381862685084343,0.0,0.0,910.5733642578125,24,24,1000,exports/WalkerRun_pathwise_fa_s103_final
WalkerRun_pathwise_fa_s104_final,WalkerRun,pathwise,104,6,0,6,6,32,0.5,0.1,False,0.014509915374219418,0.010600500740110874,0.0,0.0,909.600830078125,24,24,1000,exports/WalkerRun_pathwise_fa_s104_final
WalkerRun_pathwise_fa_s105_final,WalkerRun,pathwise,105,6,0,6,6,32,0.5,0.1,False,0.014509915374219418,0.015285158529877663,0.0,0.0,907.2993774414062,24,24,1000,exports/WalkerRun_pathwise_fa_s105_final
WalkerRun_pathwise_fa_s106_final,WalkerRun,pathwise,106,6,0,6,6,32,0.5,0.1,False,0.014509915374219418,0.014694049954414368,0.0,0.0,897.6251220703125,24,24,1000,exports/WalkerRun_pathwise_fa_s106_final
WalkerRun_pathwise_fa_s107_final,WalkerRun,pathwise,107,6,0,6,6,32,0.5,0.1,False,0.014509915374219418,0.011504112742841244,0.0,0.0,903.2528076171875,24,24,1000,exports/WalkerRun_pathwise_fa_s107_final
WalkerRun_pathwise_fa_s108_final,WalkerRun,pathwise,108,6,0,6,6,32,0.5,0.1,False,0.014509915374219418,0.019291825592517853,0.0,0.0,889.9786376953125,24,24,1000,exports/WalkerRun_pathwise_fa_s108_final
WalkerRun_weighted_mle_pad16_s0_final,WalkerRun,weighted_mle,0,22,16,22,22,32,0.5,0.1,True,0.015279999934136868,0.7982089519500732,0.04083407670259476,16.634798049926758,571.4214477539062,24,24,1000,exports/WalkerRun_weighted_mle_pad16_s0_final
WalkerRun_weighted_mle_pad16_s1_final,WalkerRun,weighted_mle,1,22,16,22,22,32,0.5,0.1,True,0.015279999934136868,0.6022927761077881,0.05219809710979462,17.693626403808594,630.1123657226562,24,24,1000,exports/WalkerRun_weighted_mle_pad16_s1_final
WalkerRun_weighted_mle_pad16_s2_final,WalkerRun,weighted_mle,2,22,16,22,22,32,0.5,0.1,True,0.015279999934136868,0.4994654059410095,0.055114395916461945,18.285005569458008,651.53515625,24,24,1000,exports/WalkerRun_weighted_mle_pad16_s2_final
WalkerRun_weighted_mle_pad16_s3_final,WalkerRun,weighted_mle,3,22,16,22,22,32,0.5,0.1,True,0.015279999934136868,0.7472954392433167,0.050074703991413116,16.95200538635254,733.09326171875,24,24,1000,exports/WalkerRun_weighted_mle_pad16_s3_final
WalkerRun_weighted_mle_pad16_s4_final,WalkerRun,weighted_mle,4,22,16,22,22,32,0.5,0.1,True,0.015279999934136868,0.8771686553955078,0.05492682382464409,17.471954345703125,456.61376953125,24,24,1000,exports/WalkerRun_weighted_mle_pad16_s4_final
WalkerRun_weighted_mle_s101_final,WalkerRun,weighted_mle,101,6,0,6,6,32,0.5,0.1,True,0.014509915374219418,0.4814116060733795,0.018778257071971893,21.018461227416992,909.2294311523438,24,24,1000,exports/WalkerRun_weighted_mle_s101_final
WalkerRun_weighted_mle_s102_final,WalkerRun,weighted_mle,102,6,0,6,6,32,0.5,0.1,True,0.014509915374219418,0.5815193057060242,0.017814110964536667,20.74217987060547,879.208984375,24,24,1000,exports/WalkerRun_weighted_mle_s102_final
WalkerRun_weighted_mle_s103_final,WalkerRun,weighted_mle,103,6,0,6,6,32,0.5,0.1,True,0.014509915374219418,0.5948183536529541,0.024313069880008698,21.412899017333984,907.6688232421875,24,24,1000,exports/WalkerRun_weighted_mle_s103_final
WalkerRun_weighted_mle_s104_final,WalkerRun,weighted_mle,104,6,0,6,6,32,0.5,0.1,True,0.014509915374219418,0.6038638949394226,0.023032480850815773,20.13007354736328,890.2717895507812,24,24,1000,exports/WalkerRun_weighted_mle_s104_final
WalkerRun_weighted_mle_s105_final,WalkerRun,weighted_mle,105,6,0,6,6,32,0.5,0.1,True,0.014509915374219418,0.5798273086547852,0.018932949751615524,21.03313446044922,909.4074096679688,24,24,1000,exports/WalkerRun_weighted_mle_s105_final
WalkerRun_weighted_mle_s106_final,WalkerRun,weighted_mle,106,6,0,6,6,32,0.5,0.1,True,0.014509915374219418,0.5527227520942688,0.018590401858091354,20.810819625854492,918.0025634765625,24,24,1000,exports/WalkerRun_weighted_mle_s106_final
WalkerRun_weighted_mle_s107_final,WalkerRun,weighted_mle,107,6,0,6,6,32,0.5,0.1,True,0.014509915374219418,0.6470824480056763,0.018269291147589684,20.729137420654297,889.6519775390625,24,24,1000,exports/WalkerRun_weighted_mle_s107_final
WalkerRun_weighted_mle_s108_final,WalkerRun,weighted_mle,108,6,0,6,6,32,0.5,0.1,True,0.014509915374219418,0.5610502362251282,0.015995895490050316,20.46947479248047,890.8977661132812,24,24,1000,exports/WalkerRun_weighted_mle_s108_final
