condition,task,arm,d,pad,seed,checkpoint,n_states,eta,eta_src,eta_measured,clip_rate,R2_exact,R2_linear,R_exact_med,R_exact_q25,R_exact_q75,R_linear_med,frac_R_gt_05,frac_R_gt_1,frac_R_gt_3,norm_ratio_med,cosine_linear_med,residual_linear_med,cos_v_c_med,cos_ubar_c_med,cross_fraction_med,direction_change_med,frac_cosvc_lt_09,frac_cosvc_lt_05,ubar_raw_rms,ubar_raw_rms_exp,ubar_raw_mean,ubar_raw_mean_exp,ubar_raw_med,ubar_raw_med_exp,ubar_fit_rms,ubar_fit_meanvec_norm,ubar_raw_meanvec_norm,ubar_fit_minus_raw_rms,logit_spread_med,q_sd_med,ess_med,w_max_med,sigma_med,cloud_between_state_sd,cloud_within_state_sd
hopper,hopper,A,4,0,101,HopperHop_pathwise_fa_s101_final,2048,0.0586534335067177,recomputed_counterfactual,,0.13599777221679688,5.345665811146173,1.9111331596279764,6.66390945887766,3.441291528010641,14.0208373687583,5.681630405658476,0.916015625,0.88525390625,0.77734375,0.9916472848210408,0.9995409313938677,0.07113224941867821,0.16207642126617522,-0.0013083944553656046,-0.00010197525343845508,0.8379235787338248,0.89404296875,0.763671875,0.35478594167952293,0.3535533905932738,0.33348808313771844,0.33233509704478426,0.32437373442988093,0.3238775800762401,5.347740521528383,3.2221852751857445,0.008217847654791053,5.343800306824114,0.17714346172820233,0.010390072253624908,31.01505571082305,0.04490819991019793,0.5388358211112104,37.181432268552165,6.084589385032846
hopper,hopper,A,4,0,102,HopperHop_pathwise_fa_s102_final,2048,0.0020241614042282963,recomputed_counterfactual,,0.0001068115234375,0.3655297761632034,0.010855705252822603,0.487073041076979,0.2966704646906957,0.8073494976317437,0.4383446480952135,0.4853515625,0.18017578125,0.01318359375,0.9045256583347432,0.9865492805653651,0.25836435483649567,0.9239159949815205,-0.05774594172447069,-0.03552359891265951,0.0760840050184794,0.42529296875,0.083984375,0.3585261586765578,0.3535533905932738,0.33712472796305,0.33233509704478426,0.3280567390994483,0.3238775800762401,0.35848362989615173,0.005051165738784253,0.00502549025082368,0.002429986271303318,0.804020966728231,0.0016274682090416076,19.95385973426076,0.10390845618169593,0.6709838068079241,0.6002763246393371,0.331738602201069
hopper,hopper,A,4,0,103,HopperHop_pathwise_fa_s103_final,2048,0.5198335519842604,recomputed_counterfactual,,0.08106231689453125,0.9043340324565408,0.38120985350103664,1.382823062155814,0.4388431041050076,6.097698919605609,1.3182373314497784,0.72900390625,0.5703125,0.35546875,0.982815312772106,0.9978302774978268,0.1415229410569126,0.6697818369710793,-0.01614678145011097,-0.002098741468874844,0.33021816302892065,0.6865234375,0.4111328125,0.3520896581064393,0.3535533905932738,0.3299895419069415,0.33233509704478426,0.31720777844365167,0.3238775800762401,0.9287746779144815,0.19810573150672264,0.004637793369375684,0.8664267838748185,0.33805566342007987,0.17573267628405612,28.731510392389346,0.05648070047364455,0.708436579525884,127.9274164568068,8.433070163292683
hopper,hopper,A,4,0,104,HopperHop_pathwise_fa_s104_final,2048,0.1187778567048727,recomputed_counterfactual,,0.11916351318359375,0.5151827769810412,0.27840304754174144,3.297157359394876,0.35138936063771825,10.770853916659764,3.2516427939998414,0.6494140625,0.56396484375,0.51025390625,0.9842889655390749,0.9996738235229892,0.03792763957037779,0.6903177930069941,-0.10267862436243706,-0.021918154647682944,0.30968220699300586,0.62890625,0.4296875,0.3540261261299026,0.3535533905932738,0.33274532564474446,0.33233509704478426,0.3241127853564889,0.3238775800762401,0.34708962918932285,0.07433907609492409,0.004363165875635445,0.15692381976588593,0.08464258774406998,0.01005366515819476,31.773916454854344,0.03648057106216067,0.7438837605299183,13.99456806872603,3.478386369983244
hopper,hopper,A,4,0,105,HopperHop_pathwise_fa_s105_final,2048,0.05729506859518352,recomputed_counterfactual,,0.000377655029296875,0.37754531405900377,0.20450646643305292,1.2182703238423311,0.29392700497738533,10.470662658006967,1.1225360126399475,0.611328125,0.517578125,0.439453125,0.9796651186922797,0.9982523000393393,0.10025368378515975,0.8064868038654254,-0.03171428656570895,-0.00749016202335414,0.19351319613457457,0.5732421875,0.37744140625,0.3553888773986673,0.3535533905932738,0.3343723003424416,0.33233509704478426,0.3272063618251674,0.3238775800762401,0.35521403564769805,0.006796064262094069,0.006686414076953327,0.00608716100076909,0.3573365490866667,0.020473622091486753,28.733712527262973,0.05390488105226143,0.3094861677286703,9.03488851437131,2.6775659355171157
hopper,hopper,A,4,0,106,HopperHop_pathwise_fa_s106_final,2048,0.07237343574621324,recomputed_counterfactual,,0.014278411865234375,0.8402814180010275,0.10227962041340179,9.596643255106965,0.3458211249651819,23.106407889562345,9.526398478334466,0.68896484375,0.62841796875,0.60595703125,0.9972497263488774,0.999972119309505,0.011007744675617125,0.5239626124081395,0.0036677093560591534,0.0005303853036459673,0.47603738759186054,0.6708984375,0.4892578125,0.35763081744569614,0.3535533905932738,0.3363453731005474,0.33233509704478426,0.3269997754795701,0.3238775800762401,0.8671479594218793,0.09394713360833151,0.006138262987752181,0.7871602159586926,0.029335870260380155,0.002123137721348877,31.97271395093775,0.03313381263423843,0.5716779464808505,14.920355101861128,6.058578086187914
hopper,hopper,A,4,0,107,HopperHop_pathwise_fa_s107_final,2048,0.04178140211244355,recomputed_counterfactual,,0.013675689697265625,0.7959500787125126,0.08053521651998831,1.62152419468256,0.3753891909816701,4.134671768752634,1.5125215268545549,0.70458984375,0.59130859375,0.3466796875,0.97471321695827,0.9989054051336893,0.07860201701100211,0.7032029942649431,-0.01406997184322898,-0.006219928182172284,0.2967970057350569,0.66162109375,0.37939453125,0.3546565036425802,0.3535533905932738,0.3335234943614154,0.33233509704478426,0.3268302814320754,0.3238775800762401,0.8362526007109828,0.12319456159780616,0.0018549343218269173,0.7629494567094912,0.24742195336268202,0.010337636124892483,30.372600739659987,0.04617653005737319,0.2820788771609754,3.6757646540175553,1.4032415458857508
hopper,hopper,A,4,0,108,HopperHop_pathwise_fa_s108_final,2048,0.002246270872985731,recomputed_counterfactual,,0.00034332275390625,0.3620815732261359,0.07329888224757451,0.4469549064662497,0.2734089933313959,0.7254199487237057,0.3855062453976835,0.43701171875,0.1376953125,0.00634765625,0.870742187983562,0.9865253429511411,0.280361237890944,0.9369645742981425,-0.003925270610431408,-0.003433690849235696,0.0630354257018575,0.3671875,0.05712890625,0.3531925132544999,0.3535533905932738,0.33103108367659595,0.33233509704478426,0.32057809033786067,0.3238775800762401,0.3530877293746416,0.00556009802215964,0.0054618726998325,0.003989533580748324,0.8564171334003766,0.0019237448618832035,19.473154031803357,0.10237912566675597,0.6821539592155572,0.3958223527359752,0.27097292455151134
hopper,hopper,B,4,0,101,HopperHop_weighted_mle_s101_final,2048,0.0010394130367785692,measured,0.0010394130367785692,0.041042327880859375,0.2600859296069144,0.004535300455796484,0.2626661949837501,0.16389350207589165,0.4423167285539602,0.15847809654336636,0.20263671875,0.0556640625,0.00341796875,0.6071803673668786,0.92586997383399,0.8971144483181439,0.9766680373186939,-0.023886915537439816,-0.011423930179722899,0.023331962681306107,0.181640625,0.02734375,0.35260160554922304,0.3535533905932738,0.3313028712190622,0.33233509704478426,0.3238040199402417,0.3238775800762401,0.4019531288865572,0.04270339041280987,0.0027378906787863346,0.21363752548570428,2.3011753977302387,0.002391871708314916,6.161641389290313,0.28730341170546525,0.6455465648845753,0.35546476668668564,0.17119414219817783
hopper,hopper,B,4,0,102,HopperHop_weighted_mle_s102_final,2048,0.0012306231074035168,measured,0.0012306231074035168,0.00395965576171875,0.29678023181166696,0.09364168061323347,0.3327119286940132,0.21554378026774318,0.5645030584226105,0.2618852726422895,0.30517578125,0.107421875,0.02197265625,0.8179172340006362,0.9692112074251882,0.44159496679845334,0.9614452642931162,-0.058963260916312474,-0.026931912033840738,0.03855473570688378,0.26953125,0.0546875,0.3584459503941737,0.3535533905932738,0.33748343878448595,0.33233509704478426,0.32898324762380715,0.3238775800762401,0.35734009605570904,0.006328536893978308,0.006240378570646913,0.015564919624020413,1.4532787353336298,0.0017884383931997222,11.235306546477556,0.18226974131976598,0.6291378564792779,0.6578383014900601,0.2457084959319976
hopper,hopper,B,4,0,103,HopperHop_weighted_mle_s103_final,2048,0.01947476901113987,measured,0.01947476901113987,0.04582977294921875,0.3016781074150236,0.010696485534199785,0.3551653735037057,0.1700715709094463,1.7517665824452844,0.106971392060025,0.44775390625,0.3662109375,0.1259765625,0.44878560159394865,0.9549329857908805,1.4597471764453653,0.9573325360932159,-0.040794621861063175,-0.01710691086428509,0.04266746390678411,0.4150390625,0.22216796875,0.35414309507569525,0.3535533905932738,0.33379668405887547,0.33233509704478426,0.32346942288771724,0.3238775800762401,0.45812954601316924,0.034273731978957486,0.008872190394566038,0.3102122755985629,4.936036096507788,0.0961281628101376,7.236294566080325,0.23121702592734528,0.7947117269574036,1.8085979419388345,0.6541380300120974
hopper,hopper,B,4,0,104,HopperHop_weighted_mle_s104_final,2048,0.006777022033929825,measured,0.006777022033929825,0.01470184326171875,0.23915508105889108,0.0032095703321719186,0.4600823465478525,0.17198959787024,1.1169381448055398,0.40990320845634487,0.47998046875,0.279296875,0.09228515625,0.8696085104696167,0.9878010591445374,0.26108463438935614,0.9375469877601965,-0.033326721400709684,-0.014697038288014164,0.06245301223980354,0.43310546875,0.1669921875,0.35429786939362606,0.3535533905932738,0.3335019372517279,0.33233509704478426,0.32331500423736137,0.3238775800762401,0.3683254118537915,0.028382921722935057,0.01515596888230294,0.11488126616630326,0.7439662625330552,0.005041875753686938,20.83231441792388,0.10209742139642161,0.41457699693618366,1.4864920443346366,0.48432226005198703
hopper,hopper,B,4,0,105,HopperHop_weighted_mle_s105_final,2048,0.006922432221472263,measured,0.006922432221472263,0.04784393310546875,0.2559639209946916,0.007810774180562467,0.24729529009197326,0.1417701032256669,0.5568323823830564,0.07524453932488015,0.2783203125,0.10205078125,0.00537109375,0.4119513406777864,0.9374443459878463,1.7400929757943744,0.979948422181047,0.03237907538770568,0.01192152435229215,0.020051577818952893,0.25048828125,0.04248046875,0.35086751294354823,0.3535533905932738,0.3287092859400488,0.33233509704478426,0.31981837520424516,0.3238775800762401,0.4516874284293098,0.06658106418477022,0.005857848190749984,0.30932943665876345,5.272644217721453,0.03649952222511478,3.2431458136419993,0.43804908723649516,0.7999152722694534,0.46415044670449135,0.20070741357887847
hopper,hopper,B,4,0,106,HopperHop_weighted_mle_s106_final,2048,0.009927462786436081,measured,0.009927462786436081,0.08751296997070312,0.7903788267697714,0.013316671181361558,0.24479780222867573,0.1462580806551339,0.4699806227372192,0.02814113082555534,0.23046875,0.08056640625,0.0126953125,0.12941894848717117,0.9005574394384943,7.117687510463581,0.9797631394350389,-0.010808284612387205,-0.003510597667715049,0.0202368605649611,0.21044921875,0.041015625,0.35666888747669256,0.3535533905932738,0.33568742730388773,0.33233509704478426,0.3257064683219454,0.3238775800762401,1.3885076136204157,0.18379552345893022,0.008685443386079817,1.351543036987825,19.2218263208101,0.19082396548717964,2.2487683001643273,0.5561666133473477,1.3980853404994957,0.9159101792590865,0.19253916215586245
hopper,hopper,B,4,0,107,HopperHop_weighted_mle_s107_final,2048,0.0028643838595598936,measured,0.0028643838595598936,0.018840789794921875,0.37323005312508145,0.1827179828680094,0.5746388842172403,0.2892102486215904,1.3955341559271466,0.5057900408270619,0.5517578125,0.32958984375,0.09130859375,0.957050673073901,0.9942813821155133,0.17645035065615722,0.9062228470068867,0.019251609370936475,0.008637309370148427,0.09377715299311334,0.48583984375,0.16064453125,0.3534232287299401,0.3535533905932738,0.3320499546382063,0.33233509704478426,0.3220720697113141,0.3238775800762401,0.35125045718153763,0.007182176060878393,0.007352236722360433,0.053577339196136664,0.6309554465365836,0.0018072985971608008,23.050057001679704,0.08707737669049012,0.2515529176717842,1.1126347626367452,0.46034879865762257
hopper,hopper,B,4,0,108,HopperHop_weighted_mle_s108_final,2048,0.0016809909138828516,measured,0.0016809909138828516,0.059093475341796875,0.31801619223883476,0.02399446893718419,0.3742027798911115,0.22152573965323574,0.605425431271384,0.2968123228159901,0.33349609375,0.10009765625,0.01025390625,0.830087877381497,0.9623536712677561,0.48045265794296416,0.9532958160382283,-0.036809119208348104,-0.01933710387778647,0.04670418396177173,0.2890625,0.0517578125,0.3576587205203815,0.3535533905932738,0.3359068981788562,0.33233509704478426,0.3265607048718577,0.3238775800762401,0.3660772166090908,0.052090192271623,0.00846313352385205,0.14361806209375275,1.3499169072246715,0.002269198055541509,12.3678645312154,0.16150079491419428,1.1732108690659064,0.49056158333042643,0.225478767491278
walker,walker,A,6,0,101,WalkerRun_pathwise_fa_s101_final,2048,0.2268934063589468,recomputed_counterfactual,,0.016934712727864582,0.5830984169124284,0.24284332645298537,0.6435087316079593,0.36394131985479616,1.15198070937928,0.5783036653366762,0.61328125,0.30126953125,0.05322265625,0.9106700878665885,0.982369970883197,0.28199420820494453,0.8682086360455775,-0.018002703189048216,-0.010713628528278635,0.13179136395442248,0.58203125,0.16015625,0.4376705602099741,0.4330127018922193,0.41988929828691673,0.4154188713059804,0.416369579242999,0.4088138569174514,0.6274908302459554,0.07312994621555445,0.010885999409818551,0.4594590830663658,0.7454286829132806,0.1691328530638579,21.266552664234517,0.09806007044053922,0.5561917168710164,1.126480564247112,0.3689027621546701
walker,walker,A,6,0,102,WalkerRun_pathwise_fa_s102_final,2048,0.19432258699268673,recomputed_counterfactual,,0.018229166666666668,0.5661272482982201,0.2252574213309723,0.7225154517490175,0.3671968495045932,1.3494221108354183,0.6515594887757847,0.6357421875,0.361328125,0.09326171875,0.9360287241500309,0.9866955384099564,0.24248308315388695,0.8517240063200587,0.0020161321026274997,0.0004308793744788992,0.14827599367994126,0.59716796875,0.1953125,0.4376340840301606,0.4330127018922193,0.42048847481476265,0.4154188713059804,0.41751899598271425,0.4088138569174514,0.6220299119229543,0.06415191418476365,0.0046301952461485826,0.4529988736385485,0.6499711247826095,0.1263040704383029,23.27715068015832,0.08597494291161098,0.47354163543131106,8.770685543787563,0.7127791011185111
walker,walker,A,6,0,103,WalkerRun_pathwise_fa_s103_final,2048,0.16904298903335582,recomputed_counterfactual,,0.012560526529947916,0.7808514621992823,0.38293640854780114,0.6533842880231591,0.3397107013636789,1.2251777202989897,0.5974953830485568,0.61572265625,0.33154296875,0.06396484375,0.9391021866263612,0.9851651670104726,0.25856435919154874,0.8671299279999836,-0.011353393466931126,-0.0037963515587879433,0.1328700720000165,0.5849609375,0.17138671875,0.43113526652258166,0.4330127018922193,0.4134692743155289,0.4154188713059804,0.40762430300768526,0.4088138569174514,0.8605149795042428,0.08778825526516845,0.007675501953080059,0.7513020991333994,0.6820694148901443,0.115299052621262,22.312083360634517,0.09054536432782637,0.44599049933414525,4.760834368562185,0.5976530060450576
walker,walker,A,6,0,104,WalkerRun_pathwise_fa_s104_final,2048,0.16947816272286165,recomputed_counterfactual,,0.00843048095703125,0.603945569266615,0.24735583961153265,0.6990973657313181,0.357244848028091,1.3109237343916182,0.6466292002875422,0.6416015625,0.357421875,0.0654296875,0.9345244384739291,0.9861862545436317,0.24625866003523833,0.8543554286249119,-0.00019016154658257976,-0.00011954739996399876,0.14564457137508813,0.58740234375,0.16796875,0.4359505197773508,0.4330127018922193,0.41891144639942046,0.4154188713059804,0.4118061716886383,0.4088138569174514,0.6474935283737171,0.03677967568586526,0.013231274471186726,0.4749428058152177,0.6868954652144131,0.11641378142720424,22.7927729603202,0.08675121679531164,0.44605658840718015,1.9155730284521884,0.43380308602949125
walker,walker,A,6,0,105,WalkerRun_pathwise_fa_s105_final,2048,0.19150641973749194,recomputed_counterfactual,,0.0417633056640625,0.8851190425483286,0.45057979411743476,0.7763053345110013,0.36880125709378103,1.7932802396211367,0.7154416179905154,0.64306640625,0.4091796875,0.15673828125,0.9393828861622514,0.9826600071158758,0.27841063691715234,0.8208508914346258,-0.01194143725649531,-0.003754929664327475,0.1791491085653742,0.6103515625,0.26708984375,0.4278909721480794,0.4330127018922193,0.41084328842465956,0.4154188713059804,0.4070178049701346,0.4088138569174514,0.9877111832966626,0.264276649930926,0.010990273104668881,0.8909085608548408,0.7187550522906845,0.1376462067324228,22.326447264534664,0.09069163895670473,0.48921732491404757,4.3570852019890145,0.5926752002225485
walker,walker,A,6,0,106,WalkerRun_pathwise_fa_s106_final,2048,0.295911076703408,recomputed_counterfactual,,0.023534138997395832,2.2760443002617894,0.784830577899263,0.7650919212739881,0.3685821244530076,1.7235140491329575,0.6783827981325921,0.640625,0.40673828125,0.1416015625,0.9294470919233202,0.9884413046052613,0.2481120553911475,0.8349042942341263,-0.0053097070321551885,-0.0007508318965229568,0.16509570576587373,0.60595703125,0.23876953125,0.4368544836521601,0.4330127018922193,0.4187125974547624,0.4154188713059804,0.4152671608208347,0.4088138569174514,2.3937075652796116,0.49227866792947556,0.008232529964509848,2.3512581180356915,0.6793670582187296,0.2010322376743311,22.843725320519255,0.0837249730843863,0.46801394421893916,14.900749729908068,1.187958716552908
walker,walker,A,6,0,107,WalkerRun_pathwise_fa_s107_final,2048,0.1636901111354445,recomputed_counterfactual,,0.006121317545572917,0.6623884970196585,0.28892064175743926,0.6071374802456719,0.3431445835445105,1.0575674554336003,0.5572959234207332,0.58642578125,0.2734375,0.03662109375,0.9407870039410604,0.9821981092129324,0.28145390558907313,0.8768786866277367,-0.028055618686740134,-0.01856193344260428,0.12312131337226334,0.5546875,0.12548828125,0.42633166983125304,0.4330127018922193,0.40850789262454645,0.4154188713059804,0.40089470695931273,0.4088138569174514,0.7183062425856037,0.040738119488469934,0.006031501169140625,0.5899008166484385,0.7523865342745573,0.12315823541221449,20.892303946026026,0.09927213325986864,0.4770072867468093,0.9252395743344816,0.37877214438353796
walker,walker,A,6,0,108,WalkerRun_pathwise_fa_s108_final,2048,0.4649478241615765,recomputed_counterfactual,,0.028063456217447918,0.7607293417391038,0.3322056227463606,0.9223359422266044,0.3841805207132636,2.5063877671576096,0.9296925412109369,0.666015625,0.48095703125,0.21240234375,0.979792801274162,0.9910623350746226,0.20846387214837875,0.789214918069298,0.02268006953516618,0.006353547271352382,0.21078508193070195,0.64453125,0.2900390625,0.43421839470601337,0.4330127018922193,0.41642954197353843,0.4154188713059804,0.4094952988670221,0.4088138569174514,0.816699626874963,0.0938729136118241,0.014760278646467439,0.7025121118978616,0.5087929558149835,0.23656217775491345,25.711176225943937,0.07141087844012728,0.5364715048003548,9.738000693515518,1.3009904434084163
walker,walker,B,6,0,101,WalkerRun_weighted_mle_s101_final,2048,0.018737584352493286,measured,0.018737584352493286,0.1483790079752604,1.3763555172432096,0.11080513222081768,0.2200487369345719,0.15490235604547442,0.32168616182441545,0.0388763865089376,0.12109375,0.0615234375,0.03173828125,0.17441498762548724,0.7432782163827203,5.064618552621033,0.9816934385190118,0.025727564748387076,0.009960274122025502,0.018306561480988193,0.12353515625,0.0458984375,0.4325307040516149,0.4330127018922193,0.41546003277782373,0.4154188713059804,0.4107552326412989,0.4088138569174514,2.9939469446141325,0.4536181323921345,0.013694314179047687,2.9728587063542373,15.249567064284895,0.2857400492060417,1.3742703068175326,0.8439632716464285,2.3306899853826475,0.7354684101528396,0.11804351249231891
walker,walker,B,6,0,102,WalkerRun_weighted_mle_s102_final,2048,0.017867879942059517,measured,0.017867879942059517,0.24089813232421875,0.6918925928464261,0.04042085147071289,0.22727723361463703,0.16313631459623698,0.3258572782227772,0.0390353884590933,0.10302734375,0.04248046875,0.0107421875,0.16645225684013204,0.7248639286281551,5.407573011991575,0.9802378381674353,0.01851518240432417,0.007407142736620596,0.019762161832564795,0.10986328125,0.021484375,0.42571068086524877,0.4330127018922193,0.40938044725026884,0.4154188713059804,0.40257967533121897,0.4088138569174514,1.382985918568412,0.16876060767408252,0.007289505919197193,1.3505450217152966,15.539252866700185,0.27765350461150307,1.3331636487514493,0.8568948180333541,3.841573105565388,0.6669567776307181,0.1371841988617307
walker,walker,B,6,0,103,WalkerRun_weighted_mle_s103_final,2048,0.02447543293237686,measured,0.02447543293237686,0.1484196980794271,1.110058625289396,0.06571170253199357,0.2207897777728989,0.1568872920914864,0.3298827351149399,0.040410112137525975,0.12890625,0.0712890625,0.03271484375,0.1758761260464204,0.7520712056954025,4.9931288791694755,0.9810135155097095,0.020584148250688442,0.007551752921714887,0.018986484490290445,0.1279296875,0.05126953125,0.4327259701258729,0.4330127018922193,0.4150992984000006,0.4154188713059804,0.40796821190489935,0.4088138569174514,2.438304678687638,0.21079221453128258,0.006852520199141188,2.413484899805763,14.950940751309373,0.36593074763461286,1.3471566776991366,0.8546171674319732,2.1123011930993023,1.5308638508736503,0.14496398391465423
walker,walker,B,6,0,104,WalkerRun_weighted_mle_s104_final,2048,0.023263106122612953,measured,0.023263106122612953,0.1950200398763021,1.6934325661705882,0.13063088636080147,0.2600734326627747,0.16985311234464134,0.4523563668022622,0.0664648588652278,0.220703125,0.09716796875,0.0439453125,0.25309543228277187,0.7977018993291779,3.3117429393116504,0.9746131708351887,0.007920923108533868,0.0029757214126501035,0.025386829164811275,0.20751953125,0.0712890625,0.4308320013567395,0.4330127018922193,0.4137207841467816,0.4154188713059804,0.40851560474014514,0.4088138569174514,3.2552777847961245,0.5625034297909214,0.01221665390170521,3.237679086914433,10.313603559430996,0.23992645410960203,1.9312733099856056,0.6669372088754976,2.13493322138659,2.8646497083023528,0.2764583066793626
walker,walker,B,6,0,105,WalkerRun_weighted_mle_s105_final,2048,0.01912478730082512,measured,0.01912478730082512,0.2418390909830729,0.3245537705011437,0.012575142749085806,0.2149362026688796,0.15224191950467791,0.31254831954730833,0.03004298617562668,0.0712890625,0.01806640625,0.00341796875,0.13801997917039657,0.7314436264662434,6.629830928769626,0.9824005248190276,0.001405752691718761,0.000495226470232064,0.01759947518097238,0.07373046875,0.00732421875,0.43088995058694923,0.4330127018922193,0.41358566249691553,0.4154188713059804,0.40911004591797373,0.4088138569174514,0.6496715530331398,0.08242838346254186,0.006580019423226311,0.5781640336462506,20.103586339008533,0.38447681271731193,1.368552106714465,0.846325370321227,3.4641476689135313,0.11242495328388566,0.10125535250501232
walker,walker,B,6,0,106,WalkerRun_weighted_mle_s106_final,2048,0.018786540254950523,measured,0.018786540254950523,0.30017344156901044,0.5590872492978285,0.03610149636879633,0.26746836574325,0.18558824053192044,0.4082399321493335,0.04809031442490224,0.16259765625,0.02978515625,0.00390625,0.1755899234891474,0.7379862866042682,4.996584483139487,0.9738133301629963,0.04264686996357068,0.01995241913479558,0.02618666983700363,0.1494140625,0.01220703125,0.43678181067992133,0.4330127018922193,0.4194427220533278,0.4154188713059804,0.4160140853840056,0.4088138569174514,1.0817985829530117,0.17371349194498026,0.013003033713724637,1.0420149379378607,14.880374891174945,0.2795507619018126,1.3510230906032072,0.8495656548332009,4.385723053825182,0.576008749108755,0.12404791486807684
walker,walker,B,6,0,107,WalkerRun_weighted_mle_s107_final,2048,0.018452631309628487,measured,0.018452631309628487,0.30614980061848956,0.6319178332278316,0.0372076887758833,0.24587693594005824,0.17119651140981254,0.36356456950012217,0.043853292155005406,0.13916015625,0.0361328125,0.01318359375,0.17290901775904838,0.7838564034547346,5.081897819947884,0.9766316656236972,0.0003630883494192006,0.00015814116568054268,0.023368334376302813,0.13623046875,0.0244140625,0.43492133339318545,0.4330127018922193,0.4170023814252992,0.4154188713059804,0.4096737475489578,0.4088138569174514,1.1999986062582133,0.1465861228465779,0.010955227758203215,1.171478832289191,14.34122436387111,0.2646333257151753,1.4148329033262874,0.8308739486160153,4.5980689546885625,0.23315744299587654,0.1126032323042798
walker,walker,B,6,0,108,WalkerRun_weighted_mle_s108_final,2048,0.01613873802125454,measured,0.01613873802125454,0.20137786865234375,0.5060552920343251,0.0207177938039344,0.2134567813718327,0.15347486484642367,0.29794431391770937,0.030317944777137756,0.072265625,0.0244140625,0.0107421875,0.13705023300607164,0.7315687726199223,6.686511707987458,0.9826866414556442,0.004118101123430595,0.001837049909043957,0.017313358544355784,0.07421875,0.01513671875,0.4378072557163565,0.4330127018922193,0.4194750432552763,0.4154188713059804,0.4129232306802032,0.4088138569174514,1.0657038697437626,0.09484484472372524,0.007652696788658751,1.0104654874863872,18.012867525067033,0.29070494999861946,1.3127412200735975,0.866288418566517,3.313245830604072,1.3036040731047533,0.13624142865571284
leap,leap,A,16,0,101,LeapCubeRotateZAxis_pathwise_fa_s101_final,2048,0.388958366279427,recomputed_counterfactual,,0.04986858367919922,0.6293569149490221,0.7284370531604253,0.8456253027521566,0.5484209727344114,1.315289495551065,0.891136956137544,0.7939453125,0.3955078125,0.04296875,1.0388812819197715,0.9403207117385075,0.41742883008701737,0.7849508831956438,0.03003327481776276,0.024936471848223486,0.2150491168043563,0.77392578125,0.1513671875,0.7136181668664622,0.7071067811865476,0.7025117341540449,0.696151155430724,0.700207258686246,0.692335244051825,0.7377274152609424,0.20713170758646082,0.01144838880180072,0.2922528250260614,0.8678839356513153,0.337570717731095,16.867711566499494,0.12916739102747465,1.0261220830761917,0.9195337447065574,0.36937474200473996
leap,leap,A,16,0,102,LeapCubeRotateZAxis_pathwise_fa_s102_final,2048,0.05632680643844944,recomputed_counterfactual,,2.86102294921875e-06,0.530855136497802,0.4945371006526923,0.7160959227771525,0.4839282829452242,1.0328579179803814,0.6772631237979163,0.73193359375,0.2763671875,0.013671875,0.9468785869767835,0.9542029240408971,0.35620014374027337,0.8211722956815632,-0.004600204684494588,-0.003728416706387954,0.1788277043184368,0.72119140625,0.0810546875,0.7078151276008351,0.7071067811865476,0.6972962964245877,0.696151155430724,0.69123528386536,0.692335244051825,0.7078123452040831,0.015159172195606443,0.015160608375494107,0.00043741593168211793,0.9025179310197996,0.05083595280778212,17.516815654429223,0.1252888284276329,0.262865126873842,0.534183353218164,0.2562204731118026
leap,leap,A,16,0,103,LeapCubeRotateZAxis_pathwise_fa_s103_final,2048,0.18002475741291749,recomputed_counterfactual,,0.023795127868652344,0.5933348685843689,0.643873444920763,0.7953454682325617,0.5238847355129185,1.1979828464998317,0.8225922336040619,0.76904296875,0.35205078125,0.01953125,1.028615891855173,0.9437305888905323,0.37514430526118403,0.799347360667805,0.009203086420116061,0.007225588129505389,0.20065263933219496,0.7548828125,0.138671875,0.7088509234241488,0.7071067811865476,0.6966728060115072,0.696151155430724,0.6906961098113715,0.692335244051825,0.7116828421665367,0.12940727044000694,0.016594803069854013,0.16403059403101458,0.8341457916379036,0.15016689378661963,17.02459451746502,0.1335716416125512,1.0114482856142177,0.5736575791600285,0.310469738008231
leap,leap,A,16,0,104,LeapCubeRotateZAxis_pathwise_fa_s104_final,2048,0.05806220314021295,recomputed_counterfactual,,0.0032453536987304688,0.5596543904510268,0.3908962745467613,0.823210641940453,0.5018908661505428,1.318872713908771,0.6547971867984255,0.751953125,0.39208984375,0.0263671875,0.8250401443243158,0.950584197304176,0.4650282087760008,0.783031735535002,-0.018762482436103692,-0.015622173101542198,0.2169682644649979,0.75439453125,0.15966796875,0.7035570343988061,0.7071067811865476,0.6923123658237862,0.696151155430724,0.687592494625981,0.692335244051825,0.7039636944628637,0.03247899678635871,0.020789503718904725,0.07553881472806717,0.9411435110844882,0.05464486572468083,20.126810011773586,0.09833800051286662,0.36244301123729245,0.5897936711790526,0.2870156303358584
leap,leap,A,16,0,105,LeapCubeRotateZAxis_pathwise_fa_s105_final,2048,0.022399271122263205,recomputed_counterfactual,,1.1444091796875e-05,0.5508810268163604,0.3264754761215054,0.787279392080579,0.5054126413357476,1.1613601312967377,0.6784876156989122,0.75537109375,0.3359375,0.0068359375,0.8859475775808312,0.9514112343859429,0.4013584122437998,0.7914051096674446,-0.021337950546271137,-0.016113246910074874,0.20859489033255546,0.7578125,0.10595703125,0.7102052843038932,0.7071067811865476,0.6992933856657251,0.696151155430724,0.7003691290935212,0.692335244051825,0.7101953700585372,0.014417633244781123,0.014409569834684404,0.001039947361585828,0.9155161747397924,0.020506895014813876,19.332690161347003,0.10831363151097703,0.33778536350052685,0.45215649162108257,0.2504313239148143
leap,leap,A,16,0,106,LeapCubeRotateZAxis_pathwise_fa_s106_final,2048,0.299301088125384,recomputed_counterfactual,,0.04581260681152344,0.7751163000492738,0.8842814520941582,0.9792928812101557,0.6223267896880734,1.5140501216816897,0.9969540692109613,0.82958984375,0.48486328125,0.04833984375,1.0128427910184228,0.9469141728896567,0.37565181181980534,0.7215253027034936,-0.023855172161170245,-0.019593830562784822,0.2784746972965065,0.82568359375,0.2041015625,0.7082833350883834,0.7071067811865476,0.6973884489996933,0.696151155430724,0.6948912661286696,0.692335244051825,0.9321621999763885,0.3327408340237309,0.021095253368638163,0.6421167380384178,0.8417630774556137,0.2519406050262371,17.54620182791733,0.12830139865833173,0.773014301535667,1.2413644563508508,0.37408404556836705
leap,leap,A,16,0,107,LeapCubeRotateZAxis_pathwise_fa_s107_final,2048,0.046858796898848074,recomputed_counterfactual,,0.026831626892089844,0.8007338058225065,0.5944782612275636,0.8156069521092666,0.5794238638801195,1.2047626651626167,0.7466883386941856,0.8203125,0.35400390625,0.03125,0.918948401563847,0.9496418695851885,0.3860521479949232,0.7881902078804361,-0.002450784465437557,-0.0014513307957363445,0.2118097921195639,0.814453125,0.1337890625,0.7086013252053913,0.7071067811865476,0.6977322758136955,0.696151155430724,0.693736148281629,0.692335244051825,1.0362558207519905,0.4930691541065935,0.015883388366424164,0.7788394684210515,0.967126126867359,0.04531836675444718,16.569392236755668,0.13229383432856195,0.3562757758428463,0.762125407277747,0.2835366099031701
leap,leap,A,16,0,108,LeapCubeRotateZAxis_pathwise_fa_s108_final,2048,0.03117535372714679,recomputed_counterfactual,,0.0012960433959960938,0.5438364153545485,0.4814210204522519,0.6769196071356625,0.47732001714663974,0.9491370652209679,0.6378492064817164,0.72216796875,0.21875,0.00048828125,0.9264346119353621,0.9489226362602159,0.3792975730178647,0.842396428908817,-0.005219710090567153,-0.004190063738944667,0.157603571091183,0.71533203125,0.0419921875,0.705592860640454,0.7071067811865476,0.6946442870517527,0.696151155430724,0.6923529708365492,0.692335244051825,0.7049474769911744,0.022246228659034133,0.019971012339832953,0.018577301493780222,0.9427742388816731,0.02939132038197776,16.9326687494693,0.13114084052885283,0.4171941474889266,0.2706894939130011,0.2177353662990103
leap,leap,B,16,0,101,LeapCubeRotateZAxis_weighted_mle_s101_final,2048,0.009808957576751709,measured,0.009808957576751709,0.05552387237548828,0.18665699972477956,0.02212784036833259,0.18743866236835766,0.15741042192263477,0.22716055864276508,0.02536746776603284,0.00048828125,0.0,0.0,0.13779655699612736,0.5593557518525547,6.761590884387068,0.9839063099952359,-0.008790980259481294,-0.003097727256152904,0.016093690004764183,0.0009765625,0.0,0.7058050053368257,0.7071067811865476,0.6951904168655205,0.696151155430724,0.6917651596352019,0.692335244051825,0.6842979382859763,0.08263626898287742,0.016304621179330125,0.16182239069944562,27.005692644142563,0.26489769347719005,1.0076721020366977,0.99617875118416,1.4530664257869397,0.024513872820088052,0.0527662059799229
leap,leap,B,16,0,102,LeapCubeRotateZAxis_weighted_mle_s102_final,2048,0.011488337069749832,measured,0.011488337069749832,0.15861988067626953,0.20155016449766425,0.03715214584071355,0.20320767226665715,0.1694396522710766,0.24569430562989578,0.03954113954216111,0.00341796875,0.0,0.0,0.19615478591737598,0.5578288807524896,4.640811556199708,0.981042801508975,-0.05037274831813192,-0.019001355235779588,0.01895719849102495,0.00341796875,0.0,0.7077255021723634,0.7071067811865476,0.6973334183784055,0.696151155430724,0.6915685808665035,0.692335244051825,0.6476083811674583,0.13503824737851222,0.018058206813000247,0.28233914198608195,19.380469302152854,0.22264936391307127,1.0101935235517399,0.9949307828863971,3.313418026576292,0.018728818426652912,0.05880419513102167
leap,leap,B,16,0,103,LeapCubeRotateZAxis_weighted_mle_s103_final,2048,0.008059607818722725,measured,0.008059607818722725,0.011837959289550781,0.202986472067019,0.023977052010687894,0.20795522452704612,0.16279345211259327,0.2771068981645418,0.07337286072859132,0.0302734375,0.00048828125,0.0,0.3615184122312193,0.6485003656997457,2.3069175456873054,0.9801026073834129,0.0013399500435495176,0.0004899475397609357,0.019897392616587073,0.03125,0.0,0.7058041719742996,0.7071067811865476,0.6939811394393369,0.696151155430724,0.6890554282962178,0.692335244051825,0.7016382967196406,0.03629080681699437,0.01756630819450898,0.07588591777987036,8.900807800629543,0.07173702014290208,1.4737627959148458,0.8072374468036652,0.7033135784149543,0.06542169716422404,0.07310047354424865
leap,leap,B,16,0,104,LeapCubeRotateZAxis_weighted_mle_s104_final,2048,0.006677080877125263,measured,0.006677080877125263,0.050807952880859375,0.23149511874956344,0.014008202536315462,0.24179941334842364,0.18493867698752864,0.3354886525123205,0.04236602025217101,0.076171875,0.00146484375,0.0,0.16912707738218946,0.5193824447227189,5.449036983510652,0.97287968141082,-0.0377755693175488,-0.01596178859135778,0.027120318589179904,0.08544921875,0.0,0.7044815762683113,0.7071067811865476,0.6936124340576284,0.696151155430724,0.6945183863927142,0.692335244051825,0.6944675454744679,0.11064886202111857,0.014609019191009454,0.18167297336211424,16.877221284681426,0.11269057149895784,1.839415204633061,0.6964233261979851,1.0535580808332465,0.09338261412225292,0.08096224492457026
leap,leap,B,16,0,105,LeapCubeRotateZAxis_weighted_mle_s105_final,2048,0.006636664271354675,measured,0.006636664271354675,0.05330657958984375,0.20091186581265671,0.02683359689124279,0.20171864211954016,0.16725175163021158,0.24906754955037425,0.0358881477590617,0.0048828125,0.0,0.0,0.17475481778782886,0.5262446975286059,5.278579744882604,0.9811367780413782,-0.013542842810562304,-0.004856267660002257,0.01886322195862178,0.00537109375,0.0,0.710963767266263,0.7071067811865476,0.7005085009189929,0.696151155430724,0.6978967309432358,0.692335244051825,0.7023159078671918,0.132905479145778,0.019641074425766274,0.21166606250101921,19.962534011417848,0.13248463623927934,1.1077639392072598,0.9491067784188241,1.2924238495486802,0.027249614566140615,0.061171773091712886
leap,leap,B,16,0,106,LeapCubeRotateZAxis_weighted_mle_s106_final,2048,0.008894072845578194,measured,0.008894072845578194,0.43255043029785156,0.2722526508508852,0.018133598612434985,0.27922345864848186,0.23225909662159472,0.34219549973216307,0.02133296093601553,0.02001953125,0.0,0.0,0.07891322700628181,0.5416186817035966,12.196985724092134,0.9667716694104825,0.03865448053542485,0.019007671471104805,0.03322833058951746,0.03076171875,0.0,0.7080044523169791,0.7071067811865476,0.6973148238757113,0.696151155430724,0.6919712379158445,0.692335244051825,0.7134900274366837,0.5014608357836569,0.011598711130339528,0.6601423199953668,57.074794127996554,0.50762737662078,1.0000000118944525,0.9999999940527738,11.08130507394384,0.028294948843186944,0.07520454703886856
leap,leap,B,16,0,107,LeapCubeRotateZAxis_weighted_mle_s107_final,2048,0.008218902163207531,measured,0.008218902163207531,0.0021352767944335938,0.18676460882375265,0.016059302040650703,0.1879120932711819,0.15344854880306813,0.2324834907410852,0.023913823895335737,0.01416015625,0.00048828125,0.0,0.12841791602106323,0.5791994502322309,7.28389997988616,0.9838046810794554,-0.0235494692487619,-0.008929325946823967,0.0161953189205446,0.0185546875,0.0,0.7084079284877378,0.7071067811865476,0.6979613680176981,0.696151155430724,0.6956229748801216,0.692335244051825,0.7076453399019814,0.018663641769551306,0.012861119051410632,0.031797133367455974,27.8379878815412,0.228797698818944,1.0260301916996906,0.9871504931389781,0.4774290540838797,0.07777906145856556,0.05842095124845752
leap,leap,B,16,0,108,LeapCubeRotateZAxis_weighted_mle_s108_final,2048,0.010598749853670597,measured,0.010598749853670597,0.02344226837158203,0.1931305228530253,0.06301711565699578,0.19594965423718175,0.1594035139485784,0.24901907847336227,0.07999251315383077,0.00732421875,0.0,0.0,0.41382249949696187,0.6304317162181851,2.0023503926023833,0.9823110384691743,-0.008355540192931716,-0.0028900994885464014,0.017688961530825664,0.01025390625,0.0,0.7085441611465455,0.7071067811865476,0.6975036967299102,0.696151155430724,0.6942509385048503,0.692335244051825,0.6981403721782342,0.031348477310554436,0.013771528602248187,0.09533031793443873,8.320119768623643,0.08818286818022168,1.2655324134874615,0.8837868258665276,0.8533453806200129,0.05249505621673609,0.06578029753770753
walker-pad16,walker,A,22,16,0,WalkerRun_pathwise_fa_pad16_s0_final,2048,0.18572350980577992,recomputed_counterfactual,,0.0009183016690340909,0.6870491742282038,0.17287320271049142,0.9346737066450619,0.5722948804842342,1.4459453661252355,0.8077643637874439,0.8095703125,0.46142578125,0.0341796875,0.9074352108355688,0.9531545869269122,0.3875138718872573,0.7457064215883455,-0.007887951674532151,-0.005943954743733364,0.2542935784116545,0.806640625,0.16943359375,0.8290670263915252,0.82915619758885,0.819715504720817,0.8197905012650363,0.8113843356442905,0.8165676029820004,1.0279314430839117,0.038442428067397165,0.01498522576030276,0.6136577711343728,0.8311518370136015,0.1543644363516878,20.576574708509007,0.09667756307521848,0.7665402162279551,2.104230731816878,0.35996465415341333
walker-pad16,walker,A,22,16,1,WalkerRun_pathwise_fa_pad16_s1_final,2048,0.22960982208207845,recomputed_counterfactual,,0.004267605868252841,0.8070243215635793,0.3537428501002382,1.254043395828477,0.6161438652986047,2.244633952225765,1.2038940576007604,0.80810546875,0.59130859375,0.14208984375,0.9573727857615086,0.9726400146537149,0.27041371084659804,0.6472178300398382,-0.003135493766829141,-0.001655838266113145,0.35278216996016176,0.810546875,0.33740234375,0.8301655719979755,0.82915619758885,0.8210089417713402,0.8197905012650363,0.8159999913267151,0.8165676029820004,1.2505812223106318,0.15831794262060342,0.02020514475205771,0.9386470378514375,0.5765987366107046,0.13239273332593482,24.09002011061871,0.08343831544709823,0.7308271941016039,3.1465234311673713,0.47003155287337106
walker-pad16,walker,A,22,16,2,WalkerRun_pathwise_fa_pad16_s2_final,2048,0.19512273044038092,recomputed_counterfactual,,0.004247492009943182,0.64558698562209,0.4951125421959385,1.053021049594137,0.5742088833293295,1.7545114082283653,0.9999638558306729,0.78857421875,0.52734375,0.08544921875,0.9636892226265483,0.9638895325012662,0.32733570316029925,0.7076407180732489,0.0034734041593115442,0.002864390985265383,0.2923592819267511,0.79150390625,0.25732421875,0.8289359348368631,0.82915619758885,0.819565831780181,0.8197905012650363,0.8169989052237673,0.8165676029820004,0.9835384402837576,0.10734008219798877,0.016895934523538093,0.5346786040609315,0.6893104094191667,0.13450012920684445,21.777395692437143,0.09743647889295157,0.7609761524447096,1.1832017683100322,0.3990586232468185
walker-pad16,walker,A,22,16,3,WalkerRun_pathwise_fa_pad16_s3_final,2048,0.25193577032044445,recomputed_counterfactual,,0.009305780584161932,1.2659496497599447,0.4160687325244706,1.1864625654641379,0.5933797093563431,2.5001580532698435,1.1178966725282766,0.8115234375,0.5634765625,0.20166015625,0.9506812631094846,0.9648104416075878,0.31982969741126677,0.6595490544967056,0.0019277722265407292,0.0006267885202707298,0.34045094550329436,0.80712890625,0.34228515625,0.8256059467030483,0.82915619758885,0.8158412180341044,0.8197905012650363,0.8095713122826624,0.8165676029820004,1.9045546482033227,0.6498253928816716,0.021493838201876718,1.7242699889994737,0.6948670728387507,0.17506187126594286,21.891693086438373,0.09363352493636112,0.7583152954439087,3.6424169742297625,0.6146579720831638
walker-pad16,walker,A,22,16,4,WalkerRun_pathwise_fa_pad16_s4_final,2048,0.1593903512571028,recomputed_counterfactual,,0.0038382790305397725,0.6009267615474393,0.2573269818443296,1.0162236828077225,0.5954445307334868,1.6809630065572008,0.9691027787400515,0.80615234375,0.509765625,0.07958984375,0.9589918855100279,0.9632037319171844,0.3151396235950942,0.7169852853800966,-0.004049713734513939,-0.002030244517888199,0.2830147146199033,0.806640625,0.23779296875,0.8299576050612847,0.82915619758885,0.8205997453222443,0.8197905012650363,0.8143640682131064,0.8165676029820004,0.926943783118083,0.08254038227768233,0.01512246156060365,0.4164894635447805,0.699038436365635,0.1114199819145336,21.568463787214384,0.09668105134338685,0.7344794788702649,0.8576233259324524,0.3233704012771095
walker-pad16,walker,B,22,16,0,WalkerRun_weighted_mle_pad16_s0_final,2048,0.04109194502234459,measured,0.04109194502234459,0.05008350719105114,0.395878805348906,0.14408216106504454,0.3363199336441409,0.23451133830008933,0.49717447058371644,0.21907726684623546,0.24658203125,0.046875,0.005859375,0.6300813599898972,0.7028105197821325,1.1760752137841015,0.9492040989840322,-0.0035833074788449385,-0.001569596820195087,0.05079590101596776,0.2607421875,0.01513671875,0.8288461941730297,0.82915619758885,0.8196098324453266,0.8197905012650363,0.8140331663137097,0.8165676029820004,1.1601322965569947,0.0984630773534658,0.02362221434166089,0.8519699653127726,3.614343798571155,0.14852041666273824,3.5200493445091556,0.44595447833627694,1.2892945327390475,0.4604665687219159,0.13981107808696205
walker-pad16,walker,B,22,16,1,WalkerRun_weighted_mle_pad16_s1_final,2048,0.05256585031747818,measured,0.05256585031747818,0.04932680996981534,0.2753962420153905,0.05272369306798556,0.26985959786384595,0.20195821083946924,0.3836373906269309,0.10412783350704494,0.146484375,0.02685546875,0.00146484375,0.382112040914916,0.6070123197387497,2.189538399718128,0.9666409868589825,-0.014668388786087989,-0.006717924414309867,0.03335901314101758,0.15283203125,0.00634765625,0.8309666798172567,0.82915619758885,0.8213746697986679,0.8197905012650363,0.8172451409404512,0.8165676029820004,0.9370463860607454,0.09919647458628672,0.024480870300678713,0.5068553713764385,7.427798384976831,0.39044853809309865,2.1707376306269843,0.6083768092976116,1.2731324231415038,0.24000445360302125,0.09819043615121295
walker-pad16,walker,B,22,16,2,WalkerRun_weighted_mle_pad16_s2_final,2048,0.05555357411503792,measured,0.05555357411503792,0.016198591752485794,0.28956324387324556,0.06748825927238784,0.2822917482451941,0.21146336041394342,0.4050058306194601,0.17134752910620354,0.1435546875,0.00927734375,0.001953125,0.5872712301008535,0.679857206394095,1.298489287877962,0.9640420259704773,-0.012568573400434623,-0.0065355353785031605,0.03595797402952272,0.1455078125,0.00244140625,0.8291021258553211,0.82915619758885,0.820196649626286,0.8197905012650363,0.8153435340794781,0.8165676029820004,0.9330874704417628,0.03435404509624075,0.01728220171049129,0.4590675438896755,4.186414027608902,0.23257026195900582,2.9401409350151706,0.4984297527315288,1.1299713058233674,0.2961952663381131,0.09951643346390952
walker-pad16,walker,B,22,16,3,WalkerRun_weighted_mle_pad16_s3_final,2048,0.0505363903939724,measured,0.0505363903939724,0.03689505837180398,0.6311494856939261,0.16656208820510734,0.4012726002102411,0.24737516636277268,0.6863389034728373,0.26933805661813226,0.396484375,0.1337890625,0.01904296875,0.6312588166857036,0.7501343898481692,1.0784775781180165,0.9315993380540433,0.004424214305352926,0.0028516376930847478,0.06840066194595673,0.40771484375,0.05517578125,0.8291846576553455,0.82915619758885,0.8195872993099658,0.8197905012650363,0.8115080015104887,0.8165676029820004,1.912594157243933,0.36300898970528983,0.015379473168332079,1.7363120709636048,3.427038911335756,0.1731901763185973,3.819886425705598,0.4191328502115721,0.8687336049690142,0.5847455738236396,0.16107659940653152
walker-pad16,walker,B,22,16,4,WalkerRun_weighted_mle_pad16_s4_final,2048,0.05522558093070984,measured,0.05522558093070984,0.050790960138494316,0.3019328571445642,0.04788648790331834,0.3038379780682815,0.22769770778014292,0.4069893387924486,0.07414839008868954,0.14990234375,0.0302734375,0.0009765625,0.260178408619097,0.5410494103823953,3.343712600573696,0.9586576213635343,-0.005046457539938295,-0.002672814299730376,0.04134237863646567,0.1611328125,0.009765625,0.8241893613408469,0.82915619758885,0.8149955460729043,0.8197905012650363,0.8115577406020655,0.8165676029820004,1.0184350736720307,0.2971299741775186,0.022162419102660456,0.6596577966372064,10.34385758506832,0.5712455441999273,2.044703747335091,0.6279843261840937,1.2755335703977964,0.1738494263239112,0.10015087089330577
g1,g1,A,29,0,101,G1JoystickFlatTerrain_pathwise_fa_s101_final,2048,0.009918792172553094,recomputed_counterfactual,,0.0013101511988146551,0.6341454626550868,0.44606978897421157,0.8589843036101283,0.5965455093315213,1.2052768308413029,0.7775074443921125,0.8330078125,0.38525390625,0.009765625,0.915764931800783,0.9369918896493182,0.4190796703769737,0.7634428580480064,-0.015199159342273519,-0.012082513201044384,0.23655714195199362,0.84033203125,0.109375,0.9537956555445831,0.9519716382329886,0.9457743330505824,0.9438018683667836,0.9444407139380585,0.9410122021423335,1.0125163673734001,0.03071307166308292,0.02276205304158192,0.3490525834850157,0.916346311651465,0.00908904862335645,18.102909056966094,0.11895804899001408,0.2693255109852461,0.5385398284812216,0.240470998585646
g1,g1,A,29,0,102,G1JoystickFlatTerrain_pathwise_fa_s102_final,2048,0.01237324382278821,recomputed_counterfactual,,0.0005971974339978449,0.5937809896726011,0.3396682409502885,0.9435337342677562,0.6044671829962419,1.389721084452762,0.8448503165389224,0.822265625,0.4599609375,0.015625,0.910067115382549,0.94541660531683,0.39346802692808247,0.730894653860033,-0.011090198217187803,-0.00781474210817885,0.26910534613996695,0.81982421875,0.1513671875,0.9534114881411414,0.9519716382329886,0.9452277263288738,0.9438018683667836,0.9440961274632207,0.9410122021423335,0.9606600081960668,0.016451417392578722,0.015994751463025904,0.11452050197349341,0.843653018783767,0.01043872450324287,19.864212389988605,0.10623209085144675,0.27165296127046423,0.5354523784113243,0.2519116388242063
g1,g1,A,29,0,103,G1JoystickFlatTerrain_pathwise_fa_s103_final,2048,0.010905005395243668,recomputed_counterfactual,,0.0012201769598599139,0.6172141184152393,0.441155729128912,0.8437990112755195,0.5879121880540177,1.179866010696001,0.7569968725779281,0.833984375,0.3681640625,0.00439453125,0.9040301027211165,0.934944526307181,0.4273537030304655,0.7695254337264462,-0.010071440296953225,-0.008827414744899956,0.23047456627355378,0.83544921875,0.0869140625,0.9517920330663003,0.9519716382329886,0.9433569613651079,0.9438018683667836,0.9410279502456853,0.9410122021423335,0.9789179675965339,0.025625899115352693,0.020006293575786125,0.2306096871617149,0.9400483955269547,0.010251232825011596,17.86500703359365,0.11945763835933622,0.284222866652597,0.3825715333040614,0.23687218707114413
g1,g1,A,29,0,104,G1JoystickFlatTerrain_pathwise_fa_s104_final,2048,0.011705600567940668,recomputed_counterfactual,,0.0005245866446659483,0.5985467984528653,0.35624750479501743,0.9238333234714273,0.6088277164023627,1.2989303801060705,0.8128845643645704,0.833984375,0.44091796875,0.0107421875,0.8945002533953876,0.94060712351884,0.41870789743870396,0.7446791563023687,-0.013869036635792842,-0.012163859315931374,0.25532084369763125,0.83642578125,0.13720703125,0.9538724020644643,0.9519716382329886,0.9459387033594795,0.9438018683667836,0.941955832773955,0.9410122021423335,0.9658198904568887,0.017477085766802673,0.018033698057947824,0.15689533741028044,0.8741035094038279,0.010231906536116386,19.662339977806216,0.10777652208956173,0.25456762938525307,0.5577330883636131,0.2634475517147602
g1,g1,A,29,0,105,G1JoystickFlatTerrain_pathwise_fa_s105_final,2048,0.011291814087615627,recomputed_counterfactual,,0.0009171058391702587,0.6225657275882237,0.37031098003159807,0.8983316365036211,0.6092544335172881,1.2733179914514794,0.8027609697866065,0.83056640625,0.41748046875,0.00830078125,0.9044910147586692,0.93948024548486,0.412005708108387,0.7505117692414188,-0.015035933442654087,-0.012069482437185176,0.24948823075858118,0.83203125,0.126953125,0.9524726239801927,0.9519716382329886,0.9443284789383277,0.9438018683667836,0.9394717032050285,0.9410122021423335,1.0009091968058679,0.024895190095985332,0.021884714892829192,0.3036992979988702,0.8879621626370664,0.010026703657334865,19.038437122000897,0.11263444146449945,0.25241423277652614,0.5932770105742803,0.2579590516084056
g1,g1,A,29,0,106,G1JoystickFlatTerrain_pathwise_fa_s106_final,2048,0.011161395287932275,recomputed_counterfactual,,0.0005635228650323276,0.6006027124434912,0.32751926661859837,0.920030169517611,0.6201978990515105,1.2808069413022336,0.820853009498965,0.83056640625,0.4248046875,0.009765625,0.9103705709072767,0.9438180651784873,0.40100383701044995,0.746825560583003,-0.01377784781899807,-0.012070965021209367,0.25317443941699697,0.83349609375,0.12353515625,0.9515827398024581,0.9519716382329886,0.9434821784277774,0.9438018683667836,0.9433843939356289,0.9410122021423335,0.9690100720081445,0.02090259755677299,0.01538058033533129,0.18879170644341925,0.8630886944807303,0.009633274087644843,19.44766314844714,0.10840259635167337,0.24888834960719594,0.5319711318524409,0.2641640412602907
g1,g1,A,29,0,107,G1JoystickFlatTerrain_pathwise_fa_s107_final,2048,0.010208144877730713,recomputed_counterfactual,,0.0012201769598599139,0.6209667180460174,0.40610324333410563,0.9218909392340782,0.6035905812386284,1.3384985178890436,0.8009017379873774,0.833984375,0.4423828125,0.00927734375,0.8868595883034067,0.9391386661047383,0.43388101798056167,0.747898139321749,-0.01823812510298805,-0.015992153976171437,0.252101860678251,0.8369140625,0.14990234375,0.949278778949631,0.9519716382329886,0.9407719187018477,0.9438018683667836,0.9396809530376563,0.9410122021423335,0.9835556201932311,0.036028426541670176,0.024040715690406802,0.26490030227992467,0.8803999620969882,0.008987250363434686,19.374533682803488,0.10853122786747163,0.265254935566849,0.5415855202189127,0.2537643483128882
g1,g1,A,29,0,108,G1JoystickFlatTerrain_pathwise_fa_s108_final,2048,0.01086878734737842,recomputed_counterfactual,,0.0010423331425107759,0.6118266698131162,0.3275857797591204,0.9286130250654093,0.5979135716894343,1.3180576399968342,0.810419193182562,0.82275390625,0.43701171875,0.0107421875,0.8935794879442365,0.9418513286529331,0.4169992609466554,0.7387267041919692,-0.010302699405479647,-0.008205769069359416,0.2612732958080308,0.8291015625,0.13330078125,0.9564604391562965,0.9519716382329886,0.9481721608580277,0.9438018683667836,0.9416351558133065,0.9410122021423335,0.9777753733643442,0.02373483523619314,0.01960519032031321,0.20749583064077504,0.8779246946453956,0.009541976813112942,19.435040498727567,0.10935120272360999,0.2662122717438654,0.5038099800334518,0.26135897783767514
g1,g1,B,29,0,101,G1JoystickFlatTerrain_weighted_mle_s101_final,2048,0.0037071635015308857,measured,0.0037071635015308857,0.014797868399784482,0.4145227795607294,0.11299097405593261,0.35643179771208233,0.24468137864122858,0.5425249820388784,0.24944080713892675,0.298828125,0.0615234375,0.005859375,0.6804958717850236,0.7116226334052295,1.0405064343553077,0.9425189701101362,-0.009135751695929614,-0.005866757308565054,0.057481029889863866,0.3134765625,0.0234375,0.947905161988817,0.9519716382329886,0.9397969615858959,0.9438018683667836,0.936880835511542,0.9410122021423335,1.4372843227928207,0.19600613837409733,0.021845136261684207,1.0939142934374118,3.210612382573218,0.011902265042238548,3.601766400119977,0.44715003066920156,0.41175173219159883,0.61186546933894,0.13519903132570815
g1,g1,B,29,0,102,G1JoystickFlatTerrain_weighted_mle_s102_final,2048,0.0034495701547712088,measured,0.0034495701547712088,0.008967958647629311,0.308159176180856,0.07525015577039237,0.3020582071373361,0.2239502198576871,0.4166883184227729,0.16425315746727676,0.146484375,0.02001953125,0.00048828125,0.5455207179909541,0.6632557377010206,1.4209410900037456,0.9587907048608955,-0.0187768237603553,-0.008832470209290864,0.041209295139104596,0.162109375,0.00537109375,0.9503408237997695,0.9519716382329886,0.9421767466917059,0.9438018683667836,0.9398914479664028,0.9410122021423335,1.1220452537494305,0.08041720160155613,0.020942766095123373,0.613649401749738,4.544161284079296,0.015675403144026736,2.9046719180541483,0.5117016629354103,0.4505420648876396,0.18251172966322562,0.09833392015534145
g1,g1,B,29,0,103,G1JoystickFlatTerrain_weighted_mle_s103_final,2048,0.0040155439637601376,measured,0.0040155439637601376,0.009753523201778018,0.45252480943290535,0.12059987046797634,0.37765621351167744,0.2572746412785553,0.5776107381589232,0.2799529163925847,0.3349609375,0.083984375,0.009765625,0.7091747797839867,0.7434317683190246,0.9436213088728203,0.9361246285415646,-0.008638699366506446,-0.005652148395075753,0.06387537145843536,0.34423828125,0.0302734375,0.954731850842714,0.9519716382329886,0.9462999674416597,0.9438018683667836,0.942129666003527,0.9410122021423335,1.4743535663167529,0.16735485552127172,0.026055021047768405,1.1278141628547202,2.7832154517951535,0.011176124007299981,4.393477192472678,0.3835716746454414,0.36311726921466353,0.6961104788541125,0.15203589447562846
g1,g1,B,29,0,104,G1JoystickFlatTerrain_weighted_mle_s104_final,2048,0.00404524989426136,measured,0.00404524989426136,0.013044686153017241,0.3937003822955884,0.10540186494407348,0.3566207859148096,0.24781551445268094,0.5225610240968831,0.22280730824966763,0.2734375,0.0576171875,0.005859375,0.6279401196779468,0.6988249131760331,1.1393107075985545,0.9434666220554668,-0.010046369294541425,-0.0060547868048283545,0.05653337794453317,0.29052734375,0.021484375,0.9529873170275558,0.9519716382329886,0.9451718863830543,0.9438018683667836,0.9456681399444051,0.9410122021423335,1.3283184833694481,0.2337085860464189,0.019451890742630058,0.9358883265133329,3.601978821600485,0.014570904447211028,3.7074070205040544,0.42946056572659463,0.4401160411409317,0.6539761543555505,0.14152247733775758
g1,g1,B,29,0,105,G1JoystickFlatTerrain_weighted_mle_s105_final,2048,0.004092094022780657,measured,0.004092094022780657,0.01190185546875,0.3530635376920998,0.07664554298984524,0.31105140688874805,0.2229551802599924,0.44329979786292434,0.17070415106163894,0.19189453125,0.0302734375,0.00244140625,0.5258840884144778,0.6497528120887819,1.474322463721009,0.9556210937154976,-0.015502268959601238,-0.008376023404752301,0.04437890628450242,0.19677734375,0.00927734375,0.955512771556949,0.9519716382329886,0.9477756660191239,0.9438018683667836,0.9455165194497055,0.9410122021423335,1.2876860740710367,0.13712186753607508,0.021645430235805525,0.879692697380062,4.615602216810435,0.01888747824294313,2.9746358404352202,0.5012900267019611,0.5175477762704196,0.38821459212961523,0.10634067855419313
g1,g1,B,29,0,106,G1JoystickFlatTerrain_weighted_mle_s106_final,2048,0.003737387480214238,measured,0.003737387480214238,0.005849377862338362,0.3895509293239812,0.0933612835514826,0.33233330887777424,0.2328688289127158,0.4926095559948669,0.2340046233597308,0.23974609375,0.044921875,0.00439453125,0.6618800757465835,0.7164683913183532,1.0651549563339773,0.9504303465871395,-0.0069383962389823455,-0.0037645757068986863,0.049569653412860404,0.25244140625,0.01513671875,0.9478687762131167,0.9519716382329886,0.9396052548192709,0.9438018683667836,0.9350016195589845,0.9410122021423335,1.3340329042197903,0.213654888112357,0.024204437704261644,0.9550009592548223,3.1840160207100343,0.01189990161260324,3.690138243122277,0.4381947060238208,0.3309080529933884,0.27711163809256045,0.10955522214435676
g1,g1,B,29,0,107,G1JoystickFlatTerrain_weighted_mle_s107_final,2048,0.003777224337682128,measured,0.003777224337682128,0.009114758721713362,0.6142657750078369,0.14880735645385637,0.389336364291219,0.26315690250933643,0.5946723925795632,0.25172351745401256,0.3388671875,0.0927734375,0.025390625,0.6480334194407803,0.7159081988221296,1.0940215835849523,0.9317618011415544,-0.01572334329929431,-0.009250217338625716,0.06823819885844562,0.35107421875,0.04931640625,0.9552873606437012,0.9519716382329886,0.9469332043332565,0.9438018683667836,0.946859213602685,0.9410122021423335,1.9832316787414104,0.4651294198635238,0.024637267364519377,1.7364835090621489,3.1212862546679077,0.011789798406004307,4.691523961813703,0.3655651910022307,0.32057401459071544,0.660005668947342,0.14657277529600699
g1,g1,B,29,0,108,G1JoystickFlatTerrain_weighted_mle_s108_final,2048,0.003820492886006832,measured,0.003820492886006832,0.0073263234105603444,0.6150348422172872,0.1572729124083869,0.379285707577231,0.25283949109416376,0.5953311108322172,0.29282790329320774,0.341796875,0.09033203125,0.025390625,0.7234351834453334,0.7507480384595996,0.9238950337876848,0.9361206501604578,-0.003952876722757462,-0.0024653889029097853,0.0638793498395423,0.3505859375,0.04833984375,0.9505402880621451,0.9519716382329886,0.9425984440905291,0.9438018683667836,0.9389468675142693,0.9410122021423335,2.0155159382411982,0.45424303190005266,0.01995842684030086,1.784049667150845,2.710525665438264,0.010355544022145821,4.602185114850972,0.37373748114758826,0.29869919388700755,0.6437604611659421,0.1527580343027109
