tag,env,mode,seed,d,B,epoch,minibatch,eta,eta_src,n_mean_v,n_mean_ubar,n_mean_c,n_mean_ubar_raw,R_batch_action,cos_meanv_meanc,clip_rate
G1JoystickFlatTerrain_pathwise_fa_s107_final,G1JoystickFlatTerrain,pathwise,107,29,8192,0,0,0.011146484083311755,recomputed_counterfactual,0.14008132850821275,0.02428754914582826,0.13887442519996288,0.011243184456697666,0.17488856649222598,0.984876193086156,0.001784094448747306
G1JoystickFlatTerrain_pathwise_fa_s107_final,G1JoystickFlatTerrain,pathwise,107,29,8192,0,1,0.01123393453176125,recomputed_counterfactual,0.13939870985819278,0.02395695632040918,0.13885514502965776,0.011243184456697666,0.17253200315422043,0.9851820227780682,0.0018021156047952585
G1JoystickFlatTerrain_pathwise_fa_s107_final,G1JoystickFlatTerrain,pathwise,107,29,8192,0,2,0.01120876115083164,recomputed_counterfactual,0.14064235973905725,0.023131913926532598,0.13942293777844214,0.011243184456697666,0.16591182408683536,0.986393883309208,0.0016537370352909483
G1JoystickFlatTerrain_pathwise_fa_s107_final,G1JoystickFlatTerrain,pathwise,107,29,8192,0,3,0.011054234050868042,recomputed_counterfactual,0.13799293512339714,0.022779908877000567,0.13703286028097786,0.011243184456697666,0.1662368342171758,0.9863031629508162,0.001628875732421875
G1JoystickFlatTerrain_pathwise_fa_s107_final,G1JoystickFlatTerrain,pathwise,107,29,8192,0,4,0.011033856936160385,recomputed_counterfactual,0.14030508890153207,0.020539876179517268,0.14063850773158165,0.011243184456697666,0.14604731314820973,0.9893125641449756,0.0017401596595501077
G1JoystickFlatTerrain_pathwise_fa_s107_final,G1JoystickFlatTerrain,pathwise,107,29,8192,0,5,0.011200057380858114,recomputed_counterfactual,0.13486401464979084,0.02514840484255079,0.13342631435966298,0.011243184456697666,0.1884815972250605,0.9824841342521234,0.001729241732893319
G1JoystickFlatTerrain_pathwise_fa_s107_final,G1JoystickFlatTerrain,pathwise,107,29,8192,0,6,0.011128747361042978,recomputed_counterfactual,0.13830881458240477,0.021242208679085463,0.13657033328746962,0.011243184456697666,0.1555404323003062,0.9881356361282536,0.0016791245033001077
G1JoystickFlatTerrain_pathwise_fa_s107_final,G1JoystickFlatTerrain,pathwise,107,29,8192,0,7,0.011055725920568358,recomputed_counterfactual,0.13948360144034333,0.023071281578540936,0.13852099038633017,0.011243184456697666,0.16655440820939402,0.986249515259273,0.0016374259159482759
G1JoystickFlatTerrain_pathwise_fa_s107_final,G1JoystickFlatTerrain,pathwise,107,29,8192,0,8,0.010914280925345039,recomputed_counterfactual,0.13265588619585447,0.019755828170916628,0.13314104776696414,0.011243184456697666,0.1483827001673198,0.9889576885754147,0.001628875732421875
G1JoystickFlatTerrain_pathwise_fa_s107_final,G1JoystickFlatTerrain,pathwise,107,29,8192,0,9,0.011187275874524843,recomputed_counterfactual,0.13436678780871236,0.025070091951703396,0.13317251943551645,0.011243184456697666,0.18825274206556067,0.9824777996255698,0.0015840201542295259
G1JoystickFlatTerrain_pathwise_fa_s107_final,G1JoystickFlatTerrain,pathwise,107,29,8192,0,10,0.010933077834804848,recomputed_counterfactual,0.14246729047661771,0.024538559122594825,0.14091697845521647,0.011243184456697666,0.17413486573031411,0.9850633686743716,0.0016713635674838361
G1JoystickFlatTerrain_pathwise_fa_s107_final,G1JoystickFlatTerrain,pathwise,107,29,8192,0,11,0.011160591400733777,recomputed_counterfactual,0.1407470175696445,0.0222484834552774,0.14016168524493386,0.011243184456697666,0.15873441744253594,0.9874627693648309,0.0017099051639951509
G1JoystickFlatTerrain_pathwise_fa_s107_final,G1JoystickFlatTerrain,pathwise,107,29,8192,0,12,0.011169819173588218,recomputed_counterfactual,0.13690418167996837,0.021750107037481228,0.13509274549033828,0.011243184456697666,0.16100129550535913,0.9872994888807503,0.0016826761179956897
G1JoystickFlatTerrain_pathwise_fa_s107_final,G1JoystickFlatTerrain,pathwise,107,29,8192,0,13,0.011371638664295022,recomputed_counterfactual,0.13689990770065572,0.026504300960122053,0.13528821355124582,0.011243184456697666,0.19590990422744092,0.9811057035399291,0.0016199309250404094
G1JoystickFlatTerrain_pathwise_fa_s107_final,G1JoystickFlatTerrain,pathwise,107,29,8192,0,14,0.010992741102358494,recomputed_counterfactual,0.14306843066006567,0.019429631483841203,0.14308110133681737,0.011243184456697666,0.13579453402422065,0.9907791096212037,0.0016791245033001077
G1JoystickFlatTerrain_pathwise_fa_s107_final,G1JoystickFlatTerrain,pathwise,107,29,8192,0,15,0.011134464436469052,recomputed_counterfactual,0.13850008149624973,0.02413636610194296,0.1366371378481977,0.011243184456697666,0.17664572371664827,0.9846996984052147,0.0016661019160829741
G1JoystickFlatTerrain_pathwise_fa_s107_final,G1JoystickFlatTerrain,pathwise,107,29,8192,1,0,0.011005261817120382,recomputed_counterfactual,0.1388078667976698,0.024583860441185663,0.1353960074608538,0.01172165935468536,0.1815700544058647,0.9842310196506286,0.001657946356411638
G1JoystickFlatTerrain_pathwise_fa_s107_final,G1JoystickFlatTerrain,pathwise,107,29,8192,1,1,0.011078345741744537,recomputed_counterfactual,0.14493502513088294,0.025092520799340785,0.14041433863877592,0.01172165935468536,0.17870340766062398,0.9850326932379648,0.0017313463934536639
G1JoystickFlatTerrain_pathwise_fa_s107_final,G1JoystickFlatTerrain,pathwise,107,29,8192,1,2,0.011073115478622539,recomputed_counterfactual,0.1414413523936783,0.025795507082946013,0.13682470033326197,0.01172165935468536,0.18852960773842542,0.9833590226158323,0.0017134567786907327
G1JoystickFlatTerrain_pathwise_fa_s107_final,G1JoystickFlatTerrain,pathwise,107,29,8192,1,3,0.01126664745487326,recomputed_counterfactual,0.13817445430741015,0.029897285370601323,0.1319197639236483,0.01172165935468536,0.22663234439745097,0.9765544966837136,0.0016599194756869611
G1JoystickFlatTerrain_pathwise_fa_s107_final,G1JoystickFlatTerrain,pathwise,107,29,8192,1,4,0.011246691762137984,recomputed_counterfactual,0.14496954155818167,0.023215632445674237,0.13948457164221265,0.01172165935468536,0.16643871198212132,0.9874170334714419,0.0016020413102774784
G1JoystickFlatTerrain_pathwise_fa_s107_final,G1JoystickFlatTerrain,pathwise,107,29,8192,1,5,0.011351742047397292,recomputed_counterfactual,0.14563748709167493,0.025493708439875477,0.1409189041702539,0.01172165935468536,0.1809104930939134,0.984708330925843,0.0017264793659078665
G1JoystickFlatTerrain_pathwise_fa_s107_final,G1JoystickFlatTerrain,pathwise,107,29,8192,1,6,0.011077457443470547,recomputed_counterfactual,0.1449987372292413,0.023756536350677048,0.14053341763928917,0.01172165935468536,0.16904546085604016,0.9866410794235437,0.0017360818797144397
G1JoystickFlatTerrain_pathwise_fa_s107_final,G1JoystickFlatTerrain,pathwise,107,29,8192,1,7,0.011111381361334821,recomputed_counterfactual,0.14384148872584515,0.026488854828826982,0.1382886831450905,0.01172165935468536,0.19154752381902218,0.9831380056861803,0.0016117753653690733
G1JoystickFlatTerrain_pathwise_fa_s107_final,G1JoystickFlatTerrain,pathwise,107,29,8192,1,8,0.01108512286243447,recomputed_counterfactual,0.14224851372170932,0.021900942550585032,0.1383146199989842,0.01172165935468536,0.15834148660920686,0.9882039490236721,0.0016759675124595906
G1JoystickFlatTerrain_pathwise_fa_s107_final,G1JoystickFlatTerrain,pathwise,107,29,8192,1,9,0.011230964662264125,recomputed_counterfactual,0.1419019490982827,0.024650428572107908,0.137116490601019,0.01172165935468536,0.17977727160226006,0.9849735289994381,0.0016813607051454741
G1JoystickFlatTerrain_pathwise_fa_s107_final,G1JoystickFlatTerrain,pathwise,107,29,8192,1,10,0.011141595923338205,recomputed_counterfactual,0.13793847628984598,0.02572764193253085,0.13289488136185743,0.01172165935468536,0.193593926784011,0.9826397172043825,0.001668206576643319
G1JoystickFlatTerrain_pathwise_fa_s107_final,G1JoystickFlatTerrain,pathwise,107,29,8192,1,11,0.01104692728932536,recomputed_counterfactual,0.13879855533369642,0.022643384337461374,0.1346433357076503,0.01172165935468536,0.16817307903347364,0.9867441931222444,0.0016666280812230603
G1JoystickFlatTerrain_pathwise_fa_s107_final,G1JoystickFlatTerrain,pathwise,107,29,8192,1,12,0.011233636372328775,recomputed_counterfactual,0.14063186782685977,0.022409024573095022,0.13604318291797723,0.01172165935468536,0.1647199373925343,0.9874266104135119,0.001687543145541487
G1JoystickFlatTerrain_pathwise_fa_s107_final,G1JoystickFlatTerrain,pathwise,107,29,8192,1,13,0.010734245342425331,recomputed_counterfactual,0.1458014585483951,0.027174700131607606,0.1403245924867666,0.01172165935468536,0.19365600604880914,0.9826861062653122,0.0016854384849811423
G1JoystickFlatTerrain_pathwise_fa_s107_final,G1JoystickFlatTerrain,pathwise,107,29,8192,1,14,0.011115847377685574,recomputed_counterfactual,0.14254857866350223,0.026617347134809625,0.13703237771251858,0.01172165935468536,0.19424129960334008,0.9826440397277524,0.001620062466325431
G1JoystickFlatTerrain_pathwise_fa_s107_final,G1JoystickFlatTerrain,pathwise,107,29,8192,1,15,0.011196918859882356,recomputed_counterfactual,0.14296246154954567,0.02513209216102755,0.13842445314329466,0.01172165935468536,0.1815581827499053,0.9845617999746348,0.001612169989224138
G1JoystickFlatTerrain_pathwise_fa_s107_final,G1JoystickFlatTerrain,pathwise,107,29,8192,2,0,0.01125879414966234,recomputed_counterfactual,0.1421705974088996,0.02672576827359397,0.1380118687154532,0.011915922027593048,0.1936483327278347,0.9822393481017332,0.0017783066322063577
G1JoystickFlatTerrain_pathwise_fa_s107_final,G1JoystickFlatTerrain,pathwise,107,29,8192,2,1,0.011157705737192882,recomputed_counterfactual,0.14467257852783685,0.023842223360622885,0.14123127971318955,0.011915922027593048,0.16881687547455854,0.9863791825465651,0.0017298994393184267
G1JoystickFlatTerrain_pathwise_fa_s107_final,G1JoystickFlatTerrain,pathwise,107,29,8192,2,2,0.011125755455596227,recomputed_counterfactual,0.13793705108881088,0.024129870882756914,0.13373943634290847,0.011915922027593048,0.18042449962707632,0.984696383781274,0.0015846778606546335
G1JoystickFlatTerrain_pathwise_fa_s107_final,G1JoystickFlatTerrain,pathwise,107,29,8192,2,3,0.010919934692328078,recomputed_counterfactual,0.13920416712586103,0.022988432792093758,0.13544157325642045,0.011915922027593048,0.1697295168626099,0.986360717272719,0.0016824130354256466
G1JoystickFlatTerrain_pathwise_fa_s107_final,G1JoystickFlatTerrain,pathwise,107,29,8192,2,4,0.011227407584598165,recomputed_counterfactual,0.14192917337494274,0.026684021375062063,0.13774432743215795,0.011915922027593048,0.19372138128890132,0.9822371804358689,0.0017053012190193966
G1JoystickFlatTerrain_pathwise_fa_s107_final,G1JoystickFlatTerrain,pathwise,107,29,8192,2,5,0.011187044548567004,recomputed_counterfactual,0.1412921665116745,0.025188738353309606,0.13762562971393594,0.011915922027593048,0.18302360109438232,0.9840314855765089,0.0016647865032327585
G1JoystickFlatTerrain_pathwise_fa_s107_final,G1JoystickFlatTerrain,pathwise,107,29,8192,2,6,0.011210919968444368,recomputed_counterfactual,0.1407320630965438,0.022564373661770065,0.13819986541397083,0.011915922027593048,0.1632734850646658,0.9870755565844785,0.0016816237877155173
G1JoystickFlatTerrain_pathwise_fa_s107_final,G1JoystickFlatTerrain,pathwise,107,29,8192,2,7,0.011070315310149719,recomputed_counterfactual,0.14022317780677104,0.027117160924850333,0.13697622003040857,0.011915922027593048,0.19796984409872298,0.9811321759529869,0.0016956987052128233
G1JoystickFlatTerrain_pathwise_fa_s107_final,G1JoystickFlatTerrain,pathwise,107,29,8192,2,8,0.011242617265879929,recomputed_counterfactual,0.14476079071194603,0.02514349113902469,0.14131699671957695,0.011915922027593048,0.17792262588724816,0.9848381832094194,0.0015369283741918103
G1JoystickFlatTerrain_pathwise_fa_s107_final,G1JoystickFlatTerrain,pathwise,107,29,8192,2,9,0.011061595521046866,recomputed_counterfactual,0.1422568387326709,0.02572618860902392,0.13808350644502115,0.011915922027593048,0.18630891748885778,0.983596968944074,0.0017300309806034483
G1JoystickFlatTerrain_pathwise_fa_s107_final,G1JoystickFlatTerrain,pathwise,107,29,8192,2,10,0.011002106108816459,recomputed_counterfactual,0.13777128328063376,0.02841285892026601,0.1339933472671194,0.011915922027593048,0.2120467881395048,0.9785211525583419,0.0016854384849811423
G1JoystickFlatTerrain_pathwise_fa_s107_final,G1JoystickFlatTerrain,pathwise,107,29,8192,2,11,0.010982968508813596,recomputed_counterfactual,0.1455860151517503,0.026820088938939335,0.14183196307226645,0.011915922027593048,0.18909763608845223,0.9829233185402817,0.0016893847235317889
G1JoystickFlatTerrain_pathwise_fa_s107_final,G1JoystickFlatTerrain,pathwise,107,29,8192,2,12,0.011012718518908116,recomputed_counterfactual,0.1443567062314491,0.025837803157847332,0.14045373507282016,0.011915922027593048,0.18395953047647617,0.9839125825611793,0.0017064850905845906
G1JoystickFlatTerrain_pathwise_fa_s107_final,G1JoystickFlatTerrain,pathwise,107,29,8192,2,13,0.01102146496199557,recomputed_counterfactual,0.14115503810320118,0.024123585625964537,0.1374027885246671,0.011915922027593048,0.1755683846362274,0.9853605259042112,0.0016284811085668103
G1JoystickFlatTerrain_pathwise_fa_s107_final,G1JoystickFlatTerrain,pathwise,107,29,8192,2,14,0.011084497036277147,recomputed_counterfactual,0.14006054782298533,0.023232484421372792,0.13663778377148764,0.011915922027593048,0.1700297222330293,0.9862042773465656,0.0015944119157462284
G1JoystickFlatTerrain_pathwise_fa_s107_final,G1JoystickFlatTerrain,pathwise,107,29,8192,2,15,0.01120328546600997,recomputed_counterfactual,0.13695428506090912,0.02650972296068749,0.1330798722136489,0.011915922027593048,0.19920159615068678,0.9811324573018526,0.001726610907192888
G1JoystickFlatTerrain_pathwise_fa_s107_final,G1JoystickFlatTerrain,pathwise,107,29,8192,3,0,0.011131192548206756,recomputed_counterfactual,0.14098770444078132,0.023777994109966113,0.13833703469769357,0.010415361448508685,0.17188451495838422,0.9856857034598956,0.001660840264682112
G1JoystickFlatTerrain_pathwise_fa_s107_final,G1JoystickFlatTerrain,pathwise,107,29,8192,3,1,0.010951326258756127,recomputed_counterfactual,0.13740961729197612,0.02194496311445187,0.1358726554018087,0.010415361448508685,0.16151125514838677,0.9871662084935424,0.001673468228044181
G1JoystickFlatTerrain_pathwise_fa_s107_final,G1JoystickFlatTerrain,pathwise,107,29,8192,3,2,0.011211958376321747,recomputed_counterfactual,0.13713031044138602,0.0196899951305739,0.13550794738768782,0.010415361448508685,0.14530509471961509,0.9896389320249959,0.0016751782647494611
G1JoystickFlatTerrain_pathwise_fa_s107_final,G1JoystickFlatTerrain,pathwise,107,29,8192,3,3,0.011030916276819965,recomputed_counterfactual,0.13857114871274012,0.025009236551922543,0.13539067380362538,0.010415361448508685,0.18471904931954145,0.9836005921489726,0.001620062466325431
G1JoystickFlatTerrain_pathwise_fa_s107_final,G1JoystickFlatTerrain,pathwise,107,29,8192,3,4,0.011104711892787309,recomputed_counterfactual,0.1324026522018193,0.020909807181053286,0.1309374942544073,0.010415361448508685,0.159693045143101,0.9874520790393182,0.0017855414028825432
G1JoystickFlatTerrain_pathwise_fa_s107_final,G1JoystickFlatTerrain,pathwise,107,29,8192,3,5,0.011098190932606103,recomputed_counterfactual,0.14137582523492892,0.021955371856225644,0.13891456228996168,0.010415361448508685,0.15804946215962085,0.9878818514460059,0.0016592617692618534
G1JoystickFlatTerrain_pathwise_fa_s107_final,G1JoystickFlatTerrain,pathwise,107,29,8192,3,6,0.011085915125671105,recomputed_counterfactual,0.1376340243600075,0.023438081189715847,0.1352954489997347,0.010415361448508685,0.17323628668092575,0.9853964017698953,0.0017060904667295259
G1JoystickFlatTerrain_pathwise_fa_s107_final,G1JoystickFlatTerrain,pathwise,107,29,8192,3,7,0.011136638011012808,recomputed_counterfactual,0.13582393749666455,0.022370454211979203,0.13350700892940284,0.010415361448508685,0.1675601482738701,0.9863492846590209,0.0016451868517645474
G1JoystickFlatTerrain_pathwise_fa_s107_final,G1JoystickFlatTerrain,pathwise,107,29,8192,3,8,0.011171684328277203,recomputed_counterfactual,0.13416519697157045,0.021743034416812353,0.1318527432838019,0.010415361448508685,0.1649039214136592,0.9867888411062287,0.0016553155307112068
G1JoystickFlatTerrain_pathwise_fa_s107_final,G1JoystickFlatTerrain,pathwise,107,29,8192,3,9,0.010779672128893844,recomputed_counterfactual,0.13735343475760903,0.024357860750082564,0.13412409372611986,0.010415361448508685,0.1816068990530477,0.9841802213613756,0.0017534453293372844
G1JoystickFlatTerrain_pathwise_fa_s107_final,G1JoystickFlatTerrain,pathwise,107,29,8192,3,10,0.011003953977115283,recomputed_counterfactual,0.1452549149578197,0.027712215455199116,0.14222077620463927,0.010415361448508685,0.1948534960541179,0.98163541751736,0.0016672857876481682
G1JoystickFlatTerrain_pathwise_fa_s107_final,G1JoystickFlatTerrain,pathwise,107,29,8192,3,11,0.011173489866465727,recomputed_counterfactual,0.14081530778048623,0.020973964275689146,0.13918712899302993,0.010415361448508685,0.15068896403911577,0.9888453217913457,0.0016678119527882543
G1JoystickFlatTerrain_pathwise_fa_s107_final,G1JoystickFlatTerrain,pathwise,107,29,8192,3,12,0.01114559328967577,recomputed_counterfactual,0.13688136260962014,0.02185008384958805,0.13474057790482755,0.010415361448508685,0.16216409480490307,0.9871812867905622,0.0016904370538119611
G1JoystickFlatTerrain_pathwise_fa_s107_final,G1JoystickFlatTerrain,pathwise,107,29,8192,3,13,0.011182098581667091,recomputed_counterfactual,0.13779694387541458,0.021349535377941067,0.13619173926006237,0.010415361448508685,0.1567608688586956,0.9879247967860749,0.0016233509984509699
G1JoystickFlatTerrain_pathwise_fa_s107_final,G1JoystickFlatTerrain,pathwise,107,29,8192,3,14,0.010924409959491854,recomputed_counterfactual,0.1424549151612038,0.02986062401997551,0.13857042307275583,0.010415361448508685,0.2154906029555948,0.9777972161407485,0.0017416066136853449
G1JoystickFlatTerrain_pathwise_fa_s107_final,G1JoystickFlatTerrain,pathwise,107,29,8192,3,15,0.011265253210614152,recomputed_counterfactual,0.14183214630425492,0.02335723600307467,0.14049897016167837,0.010415361448508685,0.16624489116205066,0.9863558053445831,0.0015763907596982759
